Country Name,Country Code,Series Name,Series Code,2010 [YR2010],2011 [YR2011],2012 [YR2012],2013 [YR2013],2014 [YR2014],2015 [YR2015],2016 [YR2016],2017 [YR2017],2018 [YR2018],2019 [YR2019],2020 [YR2020],2021 [YR2021],2022 [YR2022],2023 [YR2023],2024 [YR2024]
Afghanistan,AFG,GDP growth (annual %),NY.GDP.MKTP.KD.ZG,14.3624414710737,0.426354776777345,12.7522870926697,5.60074465863221,2.72454336219565,1.45131466066431,2.26031420279821,2.6470032027451,1.18922812944517,3.91160341625552,-2.35110067203466,-20.7388393676343,-6.24017199240269,2.26694373649188,..
Afghanistan,AFG,GDP per capita (current US$),NY.GDP.PCAP.CD,560.621505463146,606.694676337726,651.417134470046,637.087099117099,625.054941813938,565.569730408751,522.082215583898,525.469770891619,491.337221382603,496.6025042585,510.787063366811,356.496214115892,357.261152798144,413.757894705303,..
Afghanistan,AFG,"Population, total",SP.POP.TOTL,28284089,29347708,30560034,31622704,32792523,33831764,34700612,35688935,36743039,37856121,39068979,40000412,40578842,41454761,42647492
Afghanistan,AFG,"Government expenditure on education, total (% of GDP)",SE.XPD.TOTL.GD.ZS,3.4794499874115,3.4620099067688,2.60419988632202,3.45445990562439,3.69521999359131,3.2558000087738,4.54397010803223,4.34319019317627,..,..,..,..,..,..,..
Afghanistan,AFG,Current health expenditure (% of GDP),SH.XPD.CHEX.GD.ZS,8.56967163,8.56190777,7.89716864,8.80596447,9.52887821,10.10534763,11.81859016,12.62081718,14.20841885,14.83131981,15.53361416,21.508461,23.0881691,..,..
Afghanistan,AFG,Access to electricity (% of population),EG.ELC.ACCS.ZS,42.7,43.2,69.1,68,89.5,71.5,97.7,97.7,93.4,97.7,97.7,97.7,85.3,85.3,..
Afghanistan,AFG,Individuals using the Internet (% of population),IT.NET.USER.ZS,4,5,5.45455,5.9,7,8.26,11,13.5,16.8,17.6,17.0485,16.5143,17.1917,17.7089,..
Afghanistan,AFG,"Life expectancy at birth, total (years)",SP.DYN.LE00.IN,60.702,61.25,61.735,62.188,62.26,62.27,62.646,62.406,62.443,62.941,61.454,60.417,65.617,66.035,..
Afghanistan,AFG,"School enrollment, primary (% gross)",SE.PRM.ENRR,103.48560333252,101.542083740234,106.575317382812,107.942840576172,109.829452514648,106.773551940918,106.784042358398,106.54354095459,107.687660217285,109.075309753418,..,..,..,..,..
Afghanistan,AFG,"School enrollment, secondary (% gross)",SE.SEC.ENRR,50.4406204223633,52.4474296569824,54.372859954834,54.8833694458008,54.2936515808105,53.1501083374023,53.4350395202637,55.5364303588867,57.3578491210938,..,..,..,..,..,..
Afghanistan,AFG,Urban population (% of total population),SP.URB.TOTL.IN.ZS,23.737,23.948,24.16,24.373,24.587,24.803,25.02,25.25,25.495,25.754,26.026,26.314,26.616,26.933,27.265
Afghanistan,AFG,Trade (% of GDP),NE.TRD.GNFS.ZS,..,..,..,..,..,..,..,..,..,..,46.7098945514103,51.4117163747271,72.8854696086536,67.5846651516385,..
Afghanistan,AFG,Gross fixed capital formation (% of GDP),NE.GDI.FTOT.ZS,..,..,..,..,..,..,..,..,..,..,11.4556283331357,12.9867036666422,16.6684717100358,15.2435765521019,..
Afghanistan,AFG,"Unemployment, total (% of total labor force) (modeled ILO estimate)",SL.UEM.TOTL.ZS,7.753,7.784,7.856,7.93,7.915,9.052,10.133,11.184,11.196,11.185,11.71,11.994,14.1,13.991,13.295
Albania,ALB,GDP growth (annual %),NY.GDP.MKTP.KD.ZG,2.97315442681247,2.46351683915714,0.984129880204108,1.7072283175406,2.24022695382642,2.2277040745779,3.90893551362245,3.28317593330073,3.67141928098908,2.06257790176122,-3.31375636888916,8.96957619074095,4.82669611912765,3.93661689192599,3.96171911223713
Albania,ALB,GDP per capita (current US$),NY.GDP.PCAP.CD,4149.14469936847,4465.70914328865,4222.3470988913,4420.23461988353,4602.23051443229,3981.72662261867,4168.37544462548,4614.0479692596,5365.48880180298,5460.4305086932,5370.77749956875,6413.28280828537,6846.42669381643,8575.17134637222,10011.6279856667
Albania,ALB,"Population, total",SP.POP.TOTL,2913021,2905195,2900401,2895092,2889104,2880703,2876101,2873457,2866376,2854191,2837849,2811666,2777689,2745972,2714617
Albania,ALB,"Government expenditure on education, total (% of GDP)",SE.XPD.TOTL.GD.ZS,..,3.17881310743026,3.29533986928598,3.53929996490479,3.18177734553254,3.43796992301941,3.96209001541138,3.61172008514404,3.08201370407389,3.87018990516663,3.325040102005,3.00555992126465,2.72976994514465,3.09153008460998,..
Albania,ALB,Current health expenditure (% of GDP),SH.XPD.CHEX.GD.ZS,6.23667669,6.18297672,6.15746212,6.28286266,6.43451118,6.46411896,6.7293272,6.57848787,6.66844559,6.86214113,7.50389433,7.39913177,6.19368076,..,..
Albania,ALB,Access to electricity (% of population),EG.ELC.ACCS.ZS,99.6,99.7,99.9,99.9,100,100,99.9,99.9,100,100,100,100,100,100,..
Albania,ALB,Individuals using the Internet (% of population),IT.NET.USER.ZS,45,47,49.4,51.8,54.3,56.9,59.6,62.4,65.4,68.5504,72.2377,79.3237,82.6137,83.1356,..
Albania,ALB,"Life expectancy at birth, total (years)",SP.DYN.LE00.IN,78.414,78.303,78.084,77.995,78.029,78.358,78.643,78.9,79.238,79.467,77.824,76.844,78.769,79.602,..
Albania,ALB,"School enrollment, primary (% gross)",SE.PRM.ENRR,99.8618342722087,101.580273662891,102.067360891559,101.474954848321,105.770581813858,105.688652991606,105.324777401077,105.414970908323,104.568015324639,102.58954115148,100.020970049835,97.1075038284839,96.3712299304757,93.7138120137738,111.511650085449
Albania,ALB,"School enrollment, secondary (% gross)",SE.SEC.ENRR,93.6818237304688,95.4705276489258,97.6086120605469,102.903209514161,103.321377531566,102.440729325166,99.170755047578,97.5743697537481,98.822387862215,99.01515356567,95.9294474518951,97.665033031442,97.3224714726407,96.1368771236947,108.355392456055
Albania,ALB,Urban population (% of total population),SP.URB.TOTL.IN.ZS,52.163,53.247,54.33,55.387,56.423,57.434,58.421,59.383,60.319,61.229,62.112,62.969,63.799,64.603,65.38
Albania,ALB,Trade (% of GDP),NE.TRD.GNFS.ZS,75.5325329687378,80.6989985298954,76.9683583166821,75.7506185619748,75.0212023084129,71.2794476606014,74.0144504546815,76.7873817898989,75.6940783717425,75.382128932689,59.5207118897718,75.5903217283122,84.6980571024438,82.4936825596994,79.0707597666191
Albania,ALB,Gross fixed capital formation (% of GDP),NE.GDI.FTOT.ZS,30.1746231779397,31.6903461775522,28.6230804126196,27.8069449555149,26.5299242007892,26.0810405275666,25.626746695952,26.2596685681188,25.9195838592949,24.6048342032887,25.1975808136514,27.2106050889981,25.7044313054053,24.0498939278465,23.3868057028702
Albania,ALB,"Unemployment, total (% of total labor force) (modeled ILO estimate)",SL.UEM.TOTL.ZS,14.086,13.481,13.376,15.866,18.055,17.193,15.418,13.616,12.304,11.466,11.69,11.474,10.137,10.108,10.25
Algeria,DZA,GDP growth (annual %),NY.GDP.MKTP.KD.ZG,4.80000000093564,2.99999999941909,2.40000000034432,2.60000000061164,4.09999999866501,3.20000000089023,3.90000000017621,1.49999999895587,1.40000000088281,0.899999999219148,-4.99999999908597,3.79999999900707,3.60000000094915,4.10000000005964,3.29999999939609
Algeria,DZA,GDP per capita (current US$),NY.GDP.PCAP.CD,4912.78585503672,5916.31364364343,6033.64884689543,5979.60138960585,6094.69392314956,4685.05902729002,4424.98529027556,4554.66753957828,4577.21029180491,4468.45341883656,3743.5419522929,4160.55926736925,4961.55257664733,5364.02795022731,5631.17999109851
Algeria,DZA,"Population, total",SP.POP.TOTL,36188236,36903376,37646166,38414171,39205031,40019529,40850721,41689299,42505035,43294546,44042091,44761099,45477389,46164219,46814308
Algeria,DZA,"Government expenditure on education, total (% of GDP)",SE.XPD.TOTL.GD.ZS,8.6917709007891,9.12453448642892,7.02950889772261,6.65906035504841,6.54889841545277,6.17633014564047,6.50210843472458,5.73482350888796,5.8127512720176,5.57536563446523,6.19391724496515,5.51403281769924,4.74924673000603,5.61015717726636,..
Algeria,DZA,Current health expenditure (% of GDP),SH.XPD.CHEX.GD.ZS,4.64001417,4.82567501,5.63657808,5.64542007,6.01485014,6.3343544,6.00079727,5.94846106,5.93238592,5.41731071,5.63831711,5.0110569,3.6230433,..,..
Algeria,DZA,Access to electricity (% of population),EG.ELC.ACCS.ZS,98.9,99,98.8,99.2,99.3,99.4,99.4,99.5,99.6,99.5,99.7,99.8,100,100,..
Algeria,DZA,Individuals using the Internet (% of population),IT.NET.USER.ZS,12.5,14.9,18.2,22.5,29.5,38.2,42.9455,47.6911,49.0385,55.7907,63.4727,72.2124,74.8319,76.9081,..
Algeria,DZA,"Life expectancy at birth, total (years)",SP.DYN.LE00.IN,74.144,74.383,74.609,74.809,74.992,75.159,75.31,75.431,75.555,75.682,73.257,75.208,76.129,76.261,..
Algeria,DZA,"School enrollment, primary (% gross)",SE.PRM.ENRR,113.807026512965,112.733764527322,112.067747390185,112.336630248486,111.144837219297,109.584787441309,109.072307418092,108.062271942986,107.095121871029,106.067513980116,108.531941210547,104.739764213022,105.74715363116,105.840748480875,106.368889468205
Algeria,DZA,"School enrollment, secondary (% gross)",SE.SEC.ENRR,100.739776611328,103.184272766113,..,..,..,..,..,..,..,..,..,..,104.550270080566,101.264892578125,105.164131811213
Algeria,DZA,Urban population (% of total population),SP.URB.TOTL.IN.ZS,67.54,68.236,68.915,69.576,70.221,70.848,71.459,72.052,72.629,73.189,73.733,74.261,74.772,75.268,75.748
Algeria,DZA,Trade (% of GDP),NE.TRD.GNFS.ZS,63.4912159928425,62.2200899610479,60.7576393340605,59.151008157244,56.9235419669867,53.2046225904145,49.7609327925216,49.8208161712587,52.4361676779223,46.5068426081672,40.3897565625388,46.8370592599607,51.2023757404409,43.682914195572,..
Algeria,DZA,Gross fixed capital formation (% of GDP),NE.GDI.FTOT.ZS,36.8247454236446,32.5550419569134,32.3722774660867,35.5482724924833,38.5992038440274,42.8089904007225,43.3866935269655,41.5075397965874,41.0086253013984,39.8722500063772,39.0898216851072,35.1175035102881,30.3771400869932,32.8153081859397,..
Algeria,DZA,"Unemployment, total (% of total labor force) (modeled ILO estimate)",SL.UEM.TOTL.ZS,9.96,9.96,10.97,9.82,10.207,11.206,10.202,12,12.137,12.259,14.057,13.63,12.346,11.701,11.427
American Samoa,ASM,GDP growth (annual %),NY.GDP.MKTP.KD.ZG,0.299850074962521,0,-4.33482810164425,-2.5,1.76282051282051,3.14960629921259,-1.67938931297709,-6.98757763975155,2.6711185308848,-0.487804878048777,4.41176470588236,-0.782472613458523,1.73501577287065,..,..
American Samoa,ASM,GDP per capita (current US$),NY.GDP.PCAP.CD,10375.1720141957,10383.459331451,11745.4899153958,11813.5022034589,12026.3344929488,12727.4102651386,12843.3342903627,11863.6839452565,12552.0546868861,12886.1359517218,14489.2586563775,15236.1604875571,18017.4589383973,..,..
American Samoa,ASM,"Population, total",SP.POP.TOTL,55228,54895,54489,54006,53466,52878,52245,51586,50908,50209,49761,49225,48342,47521,46765
American Samoa,ASM,"Government expenditure on education, total (% of GDP)",SE.XPD.TOTL.GD.ZS,..,..,..,..,..,..,..,..,..,..,..,..,..,..,..
American Samoa,ASM,Current health expenditure (% of GDP),SH.XPD.CHEX.GD.ZS,..,..,..,..,..,..,..,..,..,..,..,..,..,..,..
American Samoa,ASM,Access to electricity (% of population),EG.ELC.ACCS.ZS,..,..,..,..,..,..,..,..,..,..,..,..,..,..,..
American Samoa,ASM,Individuals using the Internet (% of population),IT.NET.USER.ZS,..,..,..,..,..,..,..,..,..,..,..,..,..,..,..
American Samoa,ASM,"Life expectancy at birth, total (years)",SP.DYN.LE00.IN,72.587,72.662,72.709,72.769,72.687,72.654,72.64,72.801,72.794,72.751,72.672,72.708,72.752,72.852,..
American Samoa,ASM,"School enrollment, primary (% gross)",SE.PRM.ENRR,..,..,..,..,..,..,..,..,..,..,..,..,..,..,..
American Samoa,ASM,"School enrollment, secondary (% gross)",SE.SEC.ENRR,..,..,..,..,..,..,..,..,..,..,..,..,..,..,..
American Samoa,ASM,Urban population (% of total population),SP.URB.TOTL.IN.ZS,87.594,87.502,87.42,87.348,87.288,87.238,87.198,87.17,87.153,87.147,87.153,87.169,87.196,87.235,87.284
American Samoa,ASM,Trade (% of GDP),NE.TRD.GNFS.ZS,157.940663176265,157.543859649123,176.40625,173.824451410658,174.805598755832,162.407132243685,159.165424739195,161.437908496732,171.830985915493,156.568778979907,154.368932038835,136.8,124.684270952928,..,..
American Samoa,ASM,Gross fixed capital formation (% of GDP),NE.GDI.FTOT.ZS,..,..,..,..,..,..,..,..,..,..,..,..,..,..,..
American Samoa,ASM,"Unemployment, total (% of total labor force) (modeled ILO estimate)",SL.UEM.TOTL.ZS,..,..,..,..,..,..,..,..,..,..,..,..,..,..,..
Andorra,AND,GDP growth (annual %),NY.GDP.MKTP.KD.ZG,-1.97495799965345,-0.00806975341139093,-4.97444371853503,-3.54759651549344,2.50446552114518,1.43414039522716,3.70967806978986,0.346071889630295,1.58876549046354,2.01554763848308,-11.1839399355384,8.28677879049404,9.56461225648184,2.58355480961319,3.37182032638998
Andorra,AND,GDP per capita (current US$),NY.GDP.PCAP.CD,42746.8309526019,46657.1561173756,41500.5435791686,42470.3161159692,44369.659691379,38654.9347203095,40129.8192007698,40672.9943348258,42819.7745797624,41257.8045846483,37361.0900666982,42425.6996756291,42414.0590092117,46812.4484486309,49303.6733899464
Andorra,AND,"Population, total",SP.POP.TOTL,80706,77783,76834,75194,73737,72174,72181,73763,75162,76474,77380,78364,79705,80856,81938
Andorra,AND,"Government expenditure on education, total (% of GDP)",SE.XPD.TOTL.GD.ZS,2.97662997245789,2.98706007003784,2.56577895521486,2.50616002082825,3.07420992851257,3.28034996986389,3.23707008361816,3.21708989143372,3.2467200756073,3.15060997009277,2.63213046553066,2.381921736037,2.64727997779846,1.89867997169495,..
Andorra,AND,Current health expenditure (% of GDP),SH.XPD.CHEX.GD.ZS,7.67537737,7.62060833,6.71083689,6.79964209,6.77308035,6.91586447,6.90521765,7.07142639,7.37541723,7.323246,8.78673935,8.33450699,7.53678846,7.92821121,..
Andorra,AND,Access to electricity (% of population),EG.ELC.ACCS.ZS,100,100,100,100,100,100,100,100,100,100,100,100,100,100,..
Andorra,AND,Individuals using the Internet (% of population),IT.NET.USER.ZS,81,81,82.7,84.4,86.1,87.9,89.7,91.5675,..,90.7187,93.2056,93.8975,94.4855,95.4456,..
Andorra,AND,"Life expectancy at birth, total (years)",SP.DYN.LE00.IN,84.197,84.296,84.334,84.406,84.485,84.532,84.489,84.359,84.242,84.098,79.418,82.331,84.016,84.041,..
Andorra,AND,"School enrollment, primary (% gross)",SE.PRM.ENRR,84.9445571899414,86.2257308959961,83.5187072753906,85.0512237548828,87.0263326910726,88.5957446808511,91.0415773681955,90.2031316123572,90.7088926174497,90.3239289446186,89.4271272114575,89.7379912663755,90.4656808651512,97.4446725986767,99.8579545454545
Andorra,AND,"School enrollment, secondary (% gross)",SE.SEC.ENRR,85.4886322021484,86.196891784668,87.2305068969727,86.7936096191406,88.978157043457,91.2962188720703,94.6524124145508,95.1090393066406,95.9804306030273,96.574333190918,97.1500396728516,98.0404205322266,98.5098724365234,99.5086517333984,101.923820495605
Andorra,AND,Urban population (% of total population),SP.URB.TOTL.IN.ZS,88.819,88.726,88.631,88.537,88.441,88.345,88.248,88.15,88.062,87.984,87.916,87.858,87.811,87.774,87.747
Andorra,AND,Trade (% of GDP),NE.TRD.GNFS.ZS,..,..,..,..,..,..,..,..,..,..,..,..,..,..,..
Andorra,AND,Gross fixed capital formation (% of GDP),NE.GDI.FTOT.ZS,..,..,..,..,..,..,..,..,..,..,..,..,..,..,..
Andorra,AND,"Unemployment, total (% of total labor force) (modeled ILO estimate)",SL.UEM.TOTL.ZS,..,..,..,..,..,..,..,..,..,..,..,..,..,..,..
Angola,AGO,GDP growth (annual %),NY.GDP.MKTP.KD.ZG,4.39837593810763,3.47205314798103,8.54210707584141,4.95461303112738,4.82255926962156,0.943571561325001,-2.58004964404932,-0.147212941085755,-1.31636168896895,-0.702272957616017,-5.63821471714934,1.19921052145153,3.04472652391918,1.07809951970673,4.42390452944746
Angola,AGO,GDP per capita (current US$),NY.GDP.PCAP.CD,3597.34293216332,4615.91059831778,5086.02740086376,5057.74787833163,5005.9997412707,3213.90261080059,1807.95294072643,2437.25971190821,2538.59139143371,2189.85571407618,1449.92286669308,1925.87466082167,2929.69445467272,2309.53413042773,2122.08368991872
Angola,AGO,"Population, total",SP.POP.TOTL,23294825,24218352,25177394,26165620,27160769,28157798,29183070,30234839,31297155,32375632,33451132,34532429,35635029,36749906,37885849
Angola,AGO,"Government expenditure on education, total (% of GDP)",SE.XPD.TOTL.GD.ZS,3.42131996154785,..,3.08191085718142,4.43894951297476,..,3.48689580393413,2.75493664582725,2.46687881104886,2.18351298946275,2.07306438181603,2.66744733689285,2.29719689513241,2.38535898416633,2.51273663315785,..
Angola,AGO,Current health expenditure (% of GDP),SH.XPD.CHEX.GD.ZS,2.69509959,2.64560771,2.39574957,2.73282695,2.43412876,2.60579467,2.71314979,2.79383755,2.59482241,2.47518778,3.27488494,3.09277129,2.92737579,..,..
Angola,AGO,Access to electricity (% of population),EG.ELC.ACCS.ZS,35,34.6,37.3,38.4,32,42,41.8,42.9,45.3,45.6,47,48.2,48.5,51.1,..
Angola,AGO,Individuals using the Internet (% of population),IT.NET.USER.ZS,2.8,4.7,7.7,13,21.3623,22,23.2,26,29,32.1294,36.6347,39.3876,42.0719,44.7581,..
Angola,AGO,"Life expectancy at birth, total (years)",SP.DYN.LE00.IN,57.242,58.093,58.916,59.705,60.396,61.042,61.619,62.122,62.622,63.051,63.116,62.958,64.246,64.617,..
Angola,AGO,"School enrollment, primary (% gross)",SE.PRM.ENRR,113.87258174337,128.386344899029,..,..,..,120.580276489258,..,..,..,..,..,89.2266094661321,..,86.7353918783767,..
Angola,AGO,"School enrollment, secondary (% gross)",SE.SEC.ENRR,28.2108038778932,29.6869517832747,..,..,..,..,54.4167987304753,..,..,..,..,53.1351542727131,..,51.4839046246776,..
Angola,AGO,Urban population (% of total population),SP.URB.TOTL.IN.ZS,59.783,60.528,61.268,62.002,62.731,63.446,64.149,64.839,65.514,66.177,66.825,67.46,68.081,68.688,69.281
Angola,AGO,Trade (% of GDP),NE.TRD.GNFS.ZS,104.123635308845,99.9825063313368,91.8000973419114,86.8119327587926,79.3329227828897,62.8885160890192,53.3701580675988,52.2568222278462,66.3780133263399,57.8295381183036,65.9420289329872,74.4644985871074,69.6910705054094,67.00179327992,62.2959187659368
Angola,AGO,Gross fixed capital formation (% of GDP),NE.GDI.FTOT.ZS,28.2365040950311,26.3924036529294,26.6808371404382,26.1584990804095,27.4788100050412,28.2096050899583,26.2132146675759,23.2423166653967,17.1946986199565,17.7122552404386,26.4904004984611,26.4373618826197,26.256018224438,23.7790911131562,25.0015700592034
Angola,AGO,"Unemployment, total (% of total labor force) (modeled ILO estimate)",SL.UEM.TOTL.ZS,16.618,16.77,16.562,16.492,16.406,16.49,16.575,16.61,16.594,16.497,16.69,15.799,14.602,14.537,14.464
Antigua and Barbuda,ATG,GDP growth (annual %),NY.GDP.MKTP.KD.ZG,-7.84050683730972,-1.95874262217572,3.37314273947959,-0.600982329599361,2.19829188738797,1.42161997595372,4.1203675438061,2.71272657973627,6.71200487159726,3.1722219373937,-18.8687765208148,8.17286311186622,9.10780623385958,2.42736300110336,4.32752145036402
Antigua and Barbuda,ATG,GDP per capita (current US$),NY.GDP.PCAP.CD,15217.3950790922,14911.7275084471,15639.8078114787,15051.5113587425,15532.1062063584,16077.6340769406,16556.8551801588,16965.7288273816,18273.4270684912,18896.3721832248,15369.6082250401,17348.6006987182,20105.1989085164,21494.5474000727,23725.7903725506
Antigua and Barbuda,ATG,"Population, total",SP.POP.TOTL,85320,86332,87260,88064,88765,89409,89969,90468,90926,91364,91846,92349,92840,93316,93772
Antigua and Barbuda,ATG,"Government expenditure on education, total (% of GDP)",SE.XPD.TOTL.GD.ZS,..,..,2.13043025907083,2.35972143126598,2.3044409375638,1.9934755302761,2.17149931504636,2.28158315038897,2.26922708436893,3.35725653382563,3.0051830460864,2.50897393198865,2.50368755552383,3.10505161832136,..
Antigua and Barbuda,ATG,Current health expenditure (% of GDP),SH.XPD.CHEX.GD.ZS,5.37907028,5.44257212,5.47921467,5.50909233,5.87269926,5.27965546,5.12190151,4.87493944,4.85204983,4.40662289,5.72944784,4.99196768,5.7299943,..,..
Antigua and Barbuda,ATG,Access to electricity (% of population),EG.ELC.ACCS.ZS,98.7,94.6,100,100,100,100,100,100,100,100,100,100,100,100,..
Antigua and Barbuda,ATG,Individuals using the Internet (% of population),IT.NET.USER.ZS,47,52,58,63.4,67.78,70,70.9743,71.9621,72.9637,73.9792,75.0089,76.0528,77.1648,77.5756,..
Antigua and Barbuda,ATG,"Life expectancy at birth, total (years)",SP.DYN.LE00.IN,76.701,77.023,77.1,77.05,76.912,76.892,76.968,77.03,77.132,77.168,77.161,77.197,77.483,77.598,..
Antigua and Barbuda,ATG,"School enrollment, primary (% gross)",SE.PRM.ENRR,120.18367767334,117.199310302734,113.619567871094,113.245916212913,112.459922790527,110.396583557129,107.432655305113,109.74291229248,112.740837097168,112.847576892521,..,..,121.563206835888,112.255406797116,..
Antigua and Barbuda,ATG,"School enrollment, secondary (% gross)",SE.SEC.ENRR,115.466743469238,116.185371398926,117.228363037109,..,115.270439147949,117.55770111084,..,117.209930419922,121.685249328613,..,..,..,107.799908772997,108.880778588808,..
Antigua and Barbuda,ATG,Urban population (% of total population),SP.URB.TOTL.IN.ZS,26.238,25.703,25.526,25.35,25.175,25,24.846,24.713,24.599,24.506,24.433,24.38,24.346,24.332,24.338
Antigua and Barbuda,ATG,Trade (% of GDP),NE.TRD.GNFS.ZS,..,..,..,..,141.546161057996,130.071549851721,132.025917905085,127.664323582144,130.655152659419,137.537783631991,94.289529886499,101.074960584779,117.703527768353,..,..
Antigua and Barbuda,ATG,Gross fixed capital formation (% of GDP),NE.GDI.FTOT.ZS,..,..,..,..,..,..,..,..,..,..,..,..,..,..,..
Antigua and Barbuda,ATG,"Unemployment, total (% of total labor force) (modeled ILO estimate)",SL.UEM.TOTL.ZS,..,..,..,..,..,..,..,..,..,..,..,..,..,..,..
Argentina,ARG,GDP growth (annual %),NY.GDP.MKTP.KD.ZG,10.1253981561002,6.00395169280579,-1.0264204544321,2.40532378079436,-2.51261532081394,2.73115982828944,-2.08032784377811,2.81850297775918,-2.61739646282038,-2.00086100285785,-9.9004848136464,10.4418119882506,5.26987967384072,-1.61100162090189,-1.71910514722377
Argentina,ARG,GDP per capita (current US$),NY.GDP.PCAP.CD,10260.1313108254,12704.2831819684,12949.717486654,12963.675773326,12233.1444119186,13679.6264980954,12699.9623137756,14532.5009308511,11752.7998922979,9955.97478680428,8535.59938004389,10738.0179223384,13935.6811110049,14187.4827252965,13858.2039802008
Argentina,ARG,"Population, total",SP.POP.TOTL,41288694,41730660,42161721,42582455,43024071,43477012,43900313,44288894,44654882,44973465,45191965,45312281,45407904,45538401,45696159
Argentina,ARG,"Government expenditure on education, total (% of GDP)",SE.XPD.TOTL.GD.ZS,5.01971006393433,5.29062986373901,5.34582996368408,5.43661022186279,5.36144018173218,5.77611017227173,5.54548978805542,5.45431995391846,4.87773990631104,4.7716498374939,5.27689981460571,4.65393018722534,4.79263019561768,5.89754023690244,..
Argentina,ARG,Current health expenditure (% of GDP),SH.XPD.CHEX.GD.ZS,9.44546413,9.41819859,9.82726669,9.78097916,9.67129993,10.22933674,9.85558891,10.23174763,10.29146862,10.1555109,10.45030594,10.03832245,9.86305332,..,..
Argentina,ARG,Access to electricity (% of population),EG.ELC.ACCS.ZS,98.8,99,99.1,99.3,100,99.7,99.9,100,100,100,100,100,100,100,..
Argentina,ARG,Individuals using the Internet (% of population),IT.NET.USER.ZS,45,51,55.8,59.9,64.7,68.0431,70.969,74.2949,77.7,79.947,85.5144,87.1507,88.3754,89.229,89.6672
Argentina,ARG,"Life expectancy at birth, total (years)",SP.DYN.LE00.IN,75.68,76.1,75.802,75.829,76.268,76.6,76.105,76.543,76.77,76.847,75.878,73.948,75.806,77.395,..
Argentina,ARG,"School enrollment, primary (% gross)",SE.PRM.ENRR,118.128196716309,117.372833251953,116.43643951416,114.421348571777,113.873519897461,112.936653137207,111.654647827148,109.879669189453,109.305458068848,109.338218688965,108.504623413086,108.139617919922,106.759826660156,102.535244031037,..
Argentina,ARG,"School enrollment, secondary (% gross)",SE.SEC.ENRR,99.0709991455078,100.884559631348,102.709991455078,104.540863037109,106.038902282715,107.504867553711,109.598327636719,110.377799987793,109.671241760254,110.460151672363,112.376731872559,115.735778808594,114.14811706543,105.574584297051,..
Argentina,ARG,Urban population (% of total population),SP.URB.TOTL.IN.ZS,90.849,90.99,91.121,91.249,91.377,91.503,91.627,91.749,91.87,91.991,92.111,92.229,92.347,92.463,92.579
Argentina,ARG,Trade (% of GDP),NE.TRD.GNFS.ZS,34.9710132635696,35.2061549999644,30.5265423717108,29.3339290021037,28.4067936452275,22.4862260889792,26.0938878488799,25.2896011376779,30.7625359549926,32.6306150458499,30.203698807416,33.078689567466,31.5477080051071,26.6405121334437,28.1594014348782
Argentina,ARG,Gross fixed capital formation (% of GDP),NE.GDI.FTOT.ZS,16.6414661565525,17.2482847013515,15.8575254186347,16.2895111851898,15.9799540764527,15.5647450770354,14.2723627542237,15.1621987548244,15.2510495001607,14.1990461422681,14.282505371897,17.2906325754362,17.5709176737238,18.5700907686492,15.8367502771184
Argentina,ARG,"Unemployment, total (% of total labor force) (modeled ILO estimate)",SL.UEM.TOTL.ZS,7.714,7.18,7.217,7.1,7.268,7.579,8.085,8.347,9.22,9.843,11.461,8.736,6.805,6.139,7.876
Armenia,ARM,GDP growth (annual %),NY.GDP.MKTP.KD.ZG,2.2000000002151,4.69999999867412,7.20000000096486,3.3,3.60000000058993,3.19999999896625,0.199999999825991,7.50000000164144,5.19999999965324,7.59999999853918,-7.19999999920631,5.80000000065645,12.5999999997766,8.29999999959539,5.90000000046228
Armenia,ARM,GDP per capita (current US$),NY.GDP.PCAP.CD,3041.34450723339,3349.55309771906,3511.56399687426,3680.16692158886,3852.11800610384,3512.39350276709,3524.42476874707,3869.05373867752,4196.00562301769,4597.22887399548,4268.68093304583,4685.17997128509,6571.97445545099,8125.27395754003,8500.60522486719
Armenia,ARM,"Population, total",SP.POP.TOTL,3044800,3027900,3024100,3022000,3013800,3004600,2992300,2979400,2969000,2962500,2961500,2962300,2969200,2964300,3033500
Armenia,ARM,"Government expenditure on education, total (% of GDP)",SE.XPD.TOTL.GD.ZS,3.24900007247925,3.14385008811951,2.77248001098633,2.65018010139465,2.24724006652832,2.80591011047363,2.75812005996704,2.70759010314941,2.11331180512289,2.15984239839771,2.70555996894836,2.76784992218018,2.4918999671936,2.43869996070862,..
Armenia,ARM,Current health expenditure (% of GDP),SH.XPD.CHEX.GD.ZS,9.23538303,9.37588882,9.13455009,10.32345009,10.17827892,10.11762714,9.95194912,10.36270332,10.00543404,11.3798008,12.24056244,12.32268524,9.96212864,..,..
Armenia,ARM,Access to electricity (% of population),EG.ELC.ACCS.ZS,99.8,99.5,99.5,99.4,99.7,100,99.8,99.7,99.9,100,100,100,100,100,..
Armenia,ARM,Individuals using the Internet (% of population),IT.NET.USER.ZS,25,32,37.5,41.9,54.6228,59.1008,64.346,64.7449,68.2451,66.5439,76.5077,78.6123,77.0277,79.9966,..
Armenia,ARM,"Life expectancy at birth, total (years)",SP.DYN.LE00.IN,73.1731707317073,73.8170731707317,74.119512195122,74.6219512195122,74.8731707317073,74.8707317073171,74.8682926829268,75.2170731707317,75.619512195122,76.2219512195122,73.3756097560976,72.2780487804878,74.7658536585366,77.4658536585366,..
Armenia,ARM,"School enrollment, primary (% gross)",SE.PRM.ENRR,100.985866600546,98.334903726507,97.0881274408756,95.8742927261572,94.4177603466209,93.088059144009,93.1108003536782,93.0989957836376,92.1345008167579,92.3228240527597,92.8692618061259,94.6392203828781,96.9454296559019,98.0899878191202,101.990554375733
Armenia,ARM,"School enrollment, secondary (% gross)",SE.SEC.ENRR,107.732391357422,94.8774032592773,..,86.8721923828125,86.5204010009766,86.442138671875,..,..,83.0249410833595,86.8260633029699,88.5080298201293,91.4853735120921,91.7106609922965,89.4111027634947,90.9458714101262
Armenia,ARM,Urban population (% of total population),SP.URB.TOTL.IN.ZS,63.44,63.34,63.24,63.164,63.112,63.085,63.082,63.103,63.149,63.219,63.313,63.431,63.573,63.739,63.929
Armenia,ARM,Trade (% of GDP),NE.TRD.GNFS.ZS,64.642975973633,69.4355736620453,75.9616759606704,77.5550481598824,75.778866962639,71.6820743427575,76.0779674593548,87.202376539837,92.473107021212,96.1141541288708,69.4888075396076,79.6698888228399,101.41077826094,119.714642963872,152.14022908423
Armenia,ARM,Gross fixed capital formation (% of GDP),NE.GDI.FTOT.ZS,39.3751094408429,30.7367448594284,23.5988356156116,21.2125120032579,19.9950573934454,20.6125615954784,17.357719658433,17.6483759985837,16.7409108725174,15.8155984319769,17.7739212520107,21.2039418643996,21.0691132267399,20.8720646766827,21.6927027925947
Armenia,ARM,"Unemployment, total (% of total labor force) (modeled ILO estimate)",SL.UEM.TOTL.ZS,19.523,18.884,17.511,16.576,17.498,18.261,17.617,17.704,18.966,18.304,18.175,15.469,13.379,13.245,13.329
Aruba,ABW,GDP growth (annual %),NY.GDP.MKTP.KD.ZG,-2.73345679250639,3.36923718421511,-1.04079988436683,6.43148260418822,-1.58657513817235,-0.623625902371245,1.71962497989442,7.04853338603499,2.39708619981323,-2.23244202651868,-26.2118202145169,24.1326273569798,8.51791810517545,4.26371941452948,..
Aruba,ABW,GDP per capita (current US$),NY.GDP.PCAP.CD,24093.1401510626,25712.3843015186,25119.6655449838,25813.5767274227,26129.8390617693,27458.2253310273,27441.5296617282,28440.051963759,30082.1276448186,31096.2050738676,22855.9323200761,27200.0610793969,30559.5335346581,33984.7906198041,..
Aruba,ABW,"Population, total",SP.POP.TOTL,101838,102591,104110,105675,106807,107906,108727,108735,108908,109203,108587,107700,107310,107359,107624
Aruba,ABW,"Government expenditure on education, total (% of GDP)",SE.XPD.TOTL.GD.ZS,6.75109004974365,5.91466999053955,6.3472900390625,6.44295978546143,5.85128021240234,5.88826990127563,5.49136018753052,4.45581996127504,4.54876355243615,4.43503686776957,..,3.61855755636695,..,..,..
Aruba,ABW,Current health expenditure (% of GDP),SH.XPD.CHEX.GD.ZS,..,..,..,..,..,..,..,..,..,..,..,..,..,..,..
Aruba,ABW,Access to electricity (% of population),EG.ELC.ACCS.ZS,93.4,100,100,100,100,100,100,100,100,100,100,100,99.9,100,..
Aruba,ABW,Individuals using the Internet (% of population),IT.NET.USER.ZS,62,69,74,78.9,83.78,88.6612,93.5425,97.17,..,..,..,..,..,..,..
Aruba,ABW,"Life expectancy at birth, total (years)",SP.DYN.LE00.IN,74.297,74.578,74.841,75.072,75.261,75.405,75.54,75.62,75.88,76.019,75.406,73.655,76.226,76.353,..
Aruba,ABW,"School enrollment, primary (% gross)",SE.PRM.ENRR,119.795837402344,106.374038696289,104.07494354248,114.985320023488,116.261992182873,115.01140867059,113.637463697967,..,107.985168457031,108.025001525879,107.235336303711,108.599510192871,102.620727539062,..,107.716996929947
Aruba,ABW,"School enrollment, secondary (% gross)",SE.SEC.ENRR,98.2207412719727,96.633918762207,108.976188659668,..,..,..,..,..,137.829788208008,139.320587158203,135.124725341797,123.625907897949,131.802169799805,..,124.379366731084
Aruba,ABW,Urban population (% of total population),SP.URB.TOTL.IN.ZS,43.059,42.94,42.957,42.99,43.041,43.108,43.192,43.293,43.411,43.546,43.697,43.866,44.052,44.254,44.474
Aruba,ABW,Trade (% of GDP),NE.TRD.GNFS.ZS,135.464654677581,154.437786862887,156.645197205944,161.891280319633,162.88205210123,145.833663297637,142.239763387132,143.804295515015,145.213552350892,145.343572735289,124.137267233697,147.01557711516,172.884171676527,169.798282615057,..
Aruba,ABW,Gross fixed capital formation (% of GDP),NE.GDI.FTOT.ZS,..,..,..,..,..,..,..,..,..,..,..,..,..,..,..
Aruba,ABW,"Unemployment, total (% of total labor force) (modeled ILO estimate)",SL.UEM.TOTL.ZS,..,..,..,..,..,..,..,..,..,..,..,..,..,..,..
Australia,AUS,GDP growth (annual %),NY.GDP.MKTP.KD.ZG,2.21998026536549,2.40708018291988,3.91670942454073,2.60219339436559,2.59528411594042,2.19016928695221,2.7593859723839,2.27959179820343,2.87846971467883,2.17154505737176,-0.119590735829973,2.11116814768786,4.24238555336139,3.44199220009025,1.4311125201703
Australia,AUS,GDP per capita (current US$),NY.GDP.PCAP.CD,52144.6654705468,62605.600458306,68072.8732340801,68190.7010035651,62544.0873773726,56739.0265346593,49888.0410842736,53901.7145392154,57196.4220783778,54972.7017885437,51791.540179984,60607.7788605166,64997.0136536475,64835.9199754535,64407.484256932
Australia,AUS,"Population, total",SP.POP.TOTL,22031750,22340024,22733465,23128129,23475686,23815995,24190907,24592588,24963258,25334826,25649248,25685412,26014399,26652777,27204809
Australia,AUS,"Government expenditure on education, total (% of GDP)",SE.XPD.TOTL.GD.ZS,..,..,..,..,..,..,..,..,..,..,5.38625001907349,5.34109020233154,5.05916023254395,..,..
Australia,AUS,Current health expenditure (% of GDP),SH.XPD.CHEX.GD.ZS,8.41878414,8.53360462,8.66922569,8.74458122,9.82490253,10.17367649,10.08972931,10.11242294,10.05163097,10.21285057,10.66040134,10.42525291,9.92687893,..,..
Australia,AUS,Access to electricity (% of population),EG.ELC.ACCS.ZS,100,100,100,100,100,100,100,100,100,100,100,100,100,100,..
Australia,AUS,Individuals using the Internet (% of population),IT.NET.USER.ZS,76,79.4877,79,83.4535,84,84.5605,86.54,86.545,90,93.6099,94.6935,96.9722,97.0424,97.0631,..
Australia,AUS,"Life expectancy at birth, total (years)",SP.DYN.LE00.IN,81.6951219512195,81.8951219512195,82.0463414634146,82.1487804878049,82.3,82.4,82.4487804878049,82.5,82.7487804878049,82.9,83.2,83.3,83.2,83.0512195121951,..
Australia,AUS,"School enrollment, primary (% gross)",SE.PRM.ENRR,105.488502502441,105.274879455566,105.669723510742,105.802581787109,105.461601257324,101.665489196777,101.180686950684,100.637657165527,100.398712158203,100.199699401855,99.9011077880859,99.9291534423828,99.1329879760742,99.3657531738281,..
Australia,AUS,"School enrollment, secondary (% gross)",SE.SEC.ENRR,..,..,..,..,..,159.110763549805,155.594390869141,153.576126098633,136.105545043945,144.056564331055,137.490737915039,135.526565551758,133.277267456055,134.099243164062,..
Australia,AUS,Urban population (% of total population),SP.URB.TOTL.IN.ZS,85.182,85.3,85.402,85.502,85.602,85.701,85.8,85.904,86.012,86.124,86.241,86.362,86.488,86.617,86.75
Australia,AUS,Trade (% of GDP),NE.TRD.GNFS.ZS,40.5215889941287,41.851132029052,43.1642964994556,41.2728790174276,42.4840230270994,41.6639319280984,40.974079475775,42.2037316765804,43.7360650798433,46.1875018936291,44.6644560654359,40.3024802691697,45.8217702307271,49.2251840594381,47.3142290131289
Australia,AUS,Gross fixed capital formation (% of GDP),NE.GDI.FTOT.ZS,27.0335852649882,26.0235915460689,27.4093146172083,27.844927797376,26.8750785483699,26.2178411676154,25.3836447487626,24.0704233766012,24.4775236218442,23.4161942650382,22.8121532268605,22.6389404273231,23.1836792143942,23.293397151251,24.2670688628815
Australia,AUS,"Unemployment, total (% of total labor force) (modeled ILO estimate)",SL.UEM.TOTL.ZS,5.214,5.083,5.225,5.663,6.078,6.055,5.711,5.592,5.3,5.159,6.456,5.116,3.728,3.668,4.072
Austria,AUT,GDP growth (annual %),NY.GDP.MKTP.KD.ZG,1.80898243043663,2.92746800169145,0.628246239479637,-0.250726423318454,0.755798850316665,1.30352331826198,2.11721964494312,2.27224992038207,2.48422114080024,1.75497619649288,-6.31825509209936,4.79532885699543,5.27789448538658,-0.954962529389121,-1.17354053552188
Austria,AUT,GDP per capita (current US$),NY.GDP.PCAP.CD,46611.1393420232,51116.8953522042,48250.4059142637,50305.3545774973,51314.9722616322,43915.228020857,45061.4993920192,47163.7425775142,51194.0749841299,49885.9947355204,48716.4098900349,53648.7190742245,52176.6649141178,56033.573792065,56833.1960472053
Austria,AUT,"Population, total",SP.POP.TOTL,8363404,8391643,8429991,8479823,8546356,8642699,8736668,8797566,8840521,8879920,8916864,8955797,9041851,9131761,9178482
Austria,AUT,"Government expenditure on education, total (% of GDP)",SE.XPD.TOTL.GD.ZS,5.73625993728638,5.62787008285522,5.51611995697021,5.59405994415283,5.4976601600647,5.49144983291626,5.50954008102417,5.40181016921997,5.25437021255493,5.23678016662598,5.57961988449097,5.48071002960205,5.27748012542725,..,..
Austria,AUT,Current health expenditure (% of GDP),SH.XPD.CHEX.GD.ZS,10.22101879,10.02613258,10.19915581,10.28574848,10.36809158,10.36746693,10.3522625,10.38402557,10.34885597,10.48753643,11.31641102,12.15228558,11.15729332,10.87779903,..
Austria,AUT,Access to electricity (% of population),EG.ELC.ACCS.ZS,100,100,100,100,100,100,100,100,100,100,100,100,100,100,..
Austria,AUT,Individuals using the Internet (% of population),IT.NET.USER.ZS,75.17,78.74,80.03,80.6188,80.9958,83.9401,84.3237,87.9356,87.4791,87.7522,87.5294,92.5292,93.6141,95.3347,94.9197
Austria,AUT,"Life expectancy at birth, total (years)",SP.DYN.LE00.IN,80.5804878048781,80.9829268292683,80.9365853658537,81.1365853658537,81.490243902439,81.190243902439,81.6414634146342,81.6439024390244,81.6926829268293,81.8951219512195,81.1926829268293,81.190243902439,81.2951219512195,81.5414634146342,..
Austria,AUT,"School enrollment, primary (% gross)",SE.PRM.ENRR,100.835540771484,100.558326721191,100.335113525391,100.746078491211,100.970321655273,101.104393005371,100.428077697754,101.104568481445,101.370300292969,101.776290893555,101.560852050781,101.644119262695,100.77562713623,100.902870178223,..
Austria,AUT,"School enrollment, secondary (% gross)",SE.SEC.ENRR,100.263969421387,99.6729583740234,100.108726501465,101.173210144043,101.304809570312,101.411582946777,100.227989196777,100.337898254395,100.692596435547,101.543632507324,101.690559387207,102.307662963867,101.458000183105,100.504371643066,..
Austria,AUT,Urban population (% of total population),SP.URB.TOTL.IN.ZS,57.399,57.115,57.147,57.336,57.526,57.715,57.905,58.094,58.297,58.515,58.748,58.995,59.256,59.53,59.819
Austria,AUT,Trade (% of GDP),NE.TRD.GNFS.ZS,99.6448825546716,105.775098372378,105.840791389706,104.985374015367,104.49673998926,103.11758174626,101.573494597172,105.556066755438,108.377969971828,108.207284904426,99.9482141095975,111.032268737901,124.38345148483,116.813919411879,110.535462439764
Austria,AUT,Gross fixed capital formation (% of GDP),NE.GDI.FTOT.ZS,21.8611554230227,22.7073592505649,22.9527434287837,23.3121101516353,22.9671788352856,22.8959621968365,23.3219102437796,23.8459451205616,24.3135937640992,25.0801117201002,25.134256704245,25.875777004151,25.4741768856096,24.9012402549934,24.332715824958
Austria,AUT,"Unemployment, total (% of total labor force) (modeled ILO estimate)",SL.UEM.TOTL.ZS,4.883,4.637,4.909,5.367,5.674,5.802,6.064,5.561,4.933,4.56,5.201,6.459,4.992,5.264,5.439
Azerbaijan,AZE,GDP growth (annual %),NY.GDP.MKTP.KD.ZG,4.7888327097977,-1.57299762108384,2.20293902267809,5.84341576237254,2.79758543403628,1.04954636804402,-3.06359845351244,0.153614646686151,1.5004017069941,2.47980893443938,-4.19896079231232,5.61644026860644,4.71468037857544,1.35447731755447,4.07140210544654
Azerbaijan,AZE,GDP per capita (current US$),NY.GDP.PCAP.CD,5843.5337683582,7189.81869211976,7495.86527658099,7875.34536661549,7890.84028062087,5500.50364628486,3880.6852276838,4147.1981423222,4739.7943123408,4805.75371765917,4229.91064904503,5408.04535175023,7770.594223351,7133.02838048328,7283.83562954872
Azerbaijan,AZE,"Population, total",SP.POP.TOTL,9054332,9173082,9295784,9416801,9535079,9649341,9757812,9854033,9939771,10024283,10093121,10137750,10141756,10153958,10202850
Azerbaijan,AZE,"Government expenditure on education, total (% of GDP)",SE.XPD.TOTL.GD.ZS,2.78062009811401,2.43564009666443,2.06763005256653,2.44213008880615,2.63303995132446,2.95167994499206,2.90340995788574,2.4738199710846,2.45543003082275,3.1764600276947,4.33204984664917,3.7020800113678,3.04690003395081,3.66400003433227,..
Azerbaijan,AZE,Current health expenditure (% of GDP),SH.XPD.CHEX.GD.ZS,2.64634848,2.59547186,3.15682149,3.22551084,3.58703041,4.34131384,4.42241955,4.07396507,3.83661342,4.18188763,5.84817696,4.68526697,3.97840643,..,..
Azerbaijan,AZE,Access to electricity (% of population),EG.ELC.ACCS.ZS,99.9,99.9,100,100,100,100,100,100,100,100,100,100,100,100,..
Azerbaijan,AZE,Individuals using the Internet (% of population),IT.NET.USER.ZS,46,50,54.2,73,75,77,78.2,79,79.8,81.1,84.6,86,88,89,..
Azerbaijan,AZE,"Life expectancy at birth, total (years)",SP.DYN.LE00.IN,70.309,70.565,71.08,71.485,71.93,72.349,72.568,72.694,73.016,73.29,70.312,70.999,74.125,74.429,..
Azerbaijan,AZE,"School enrollment, primary (% gross)",SE.PRM.ENRR,93.7623031735616,95.573632238702,97.9553073516457,100.500447800934,106.059885931559,106.601494422512,106.431739366993,103.294100040645,99.7221014157127,97.9353503349024,98.2360713897839,97.7305001044597,99.8082977244143,101.979698816442,105.625024046785
Azerbaijan,AZE,"School enrollment, secondary (% gross)",SE.SEC.ENRR,83.0853181521079,82.9176205382172,82.762274922741,83.1376553563209,83.4386600193183,84.8098586425184,86.5856935803605,89.2625164667822,108.488781124,107.863960509557,91.365513501165,91.4106367606057,90.9530364179442,92.7402972401367,91.1228035886648
Azerbaijan,AZE,Urban population (% of total population),SP.URB.TOTL.IN.ZS,53.406,53.637,53.883,54.145,54.422,54.714,55.021,55.343,55.68,56.031,56.397,56.776,57.17,57.577,57.997
Azerbaijan,AZE,Trade (% of GDP),NE.TRD.GNFS.ZS,74.9859884610856,80.5080450059522,78.263069540422,74.6758447629851,69.4832251953347,72.6015079073189,90.0773187345677,90.4023156823216,91.6725765369825,85.8181454084561,72.0178676487811,76.286865687015,86.9822732541779,83.5358861156321,82.6898691594703
Azerbaijan,AZE,Gross fixed capital formation (% of GDP),NE.GDI.FTOT.ZS,18.1667255386789,20.1776045466764,22.4551866242143,25.7938881440995,27.4303937533572,27.8253034203751,25.0345882181606,23.8172078171339,20.6940768116666,21.1295517984961,22.6664792823179,16.2271252489185,12.0116262492284,17.4006159423821,16.7969003538156
Azerbaijan,AZE,"Unemployment, total (% of total labor force) (modeled ILO estimate)",SL.UEM.TOTL.ZS,5.63,5.42,5.19,4.97,4.91,4.96,5,5,4.9,5,7.24,6.04,5.65,5.636,5.594
"Bahamas, The",BHS,GDP growth (annual %),NY.GDP.MKTP.KD.ZG,1.53866248693835,0.613170735890648,4.5201241028963,-2.86328002994493,1.84730594220663,0.996748943241684,-1.15626703753399,3.37123648611268,2.39852000603884,-0.839051301013157,-20.0895554324841,17.5868973691568,10.8774550145968,3.0487749628502,3.37850660746146
"Bahamas, The",BHS,GDP per capita (current US$),NY.GDP.PCAP.CD,27473.100430502,27090.8376801379,28552.0242683151,27642.7419759179,29137.2175632622,30719.405417469,30616.5363157284,31875.4881749619,32642.3353203452,33640.3369861278,26178.7537607708,30367.8605757708,34957.1613279737,38231.774484278,39455.4466548546
"Bahamas, The",BHS,"Population, total",SP.POP.TOTL,367478,371729,375469,378953,382298,385346,388055,390485,392717,394675,395863,396373,397538,399440,401283
"Bahamas, The",BHS,"Government expenditure on education, total (% of GDP)",SE.XPD.TOTL.GD.ZS,2.45165990475209,2.35576638581195,2.30391197238935,2.4242884241713,2.24714705533939,2.2723175918231,2.58786212973921,2.69510162053495,2.49264112462151,2.62573176503127,3.7125229961238,3.04890655208507,2.62367021406169,2.74191570247934,..
"Bahamas, The",BHS,Current health expenditure (% of GDP),SH.XPD.CHEX.GD.ZS,5.25594234,5.32398558,5.3190918,5.6846571,5.62925673,5.24419451,5.71206808,6.75126934,6.02687502,5.86800623,7.59303093,7.0057478,7.21692038,..,..
"Bahamas, The",BHS,Access to electricity (% of population),EG.ELC.ACCS.ZS,100,100,100,100,100,100,100,100,100,100,100,100,100,100,..
"Bahamas, The",BHS,Individuals using the Internet (% of population),IT.NET.USER.ZS,43,65,71.7482,72,76.92,78,80,80.6,83,90.6933,92.4437,94.3479,94.7326,94.8186,..
"Bahamas, The",BHS,"Life expectancy at birth, total (years)",SP.DYN.LE00.IN,73.449,73.571,73.707,73.93,74.029,73.805,74.042,74.031,74.062,71.408,72.994,70.752,74.491,74.552,..
"Bahamas, The",BHS,"School enrollment, primary (% gross)",SE.PRM.ENRR,102.482355070278,110.135749348524,103.677382284453,94.6404443777211,94.388210777017,96.2606649014416,90.4117265380759,..,88.5500765329091,91.9375456537619,..,80.5237121582031,..,78.3931934355663,92.856648199446
"Bahamas, The",BHS,"School enrollment, secondary (% gross)",SE.SEC.ENRR,91.0886370856719,89.2416368950958,92.1807628524046,84.6595407759303,91.6218404766036,76.0440338812974,85.0686327399149,92.6182585115999,80.8808929269834,78.566734376867,..,72.6381880061026,..,87.1455240465819,79.4858750299258
"Bahamas, The",BHS,Urban population (% of total population),SP.URB.TOTL.IN.ZS,82.427,82.476,82.532,82.596,82.668,82.746,82.832,82.925,83.025,83.132,83.245,83.365,83.492,83.625,83.764
"Bahamas, The",BHS,Trade (% of GDP),NE.TRD.GNFS.ZS,78.6756024311196,88.3336891598687,84.2515204656543,84.5484138879077,80.5370272284116,69.6779752652565,67.212921580015,68.334284038596,72.1542685971043,68.7866234842208,53.4207580670063,65.9325413308964,75.9829601059237,76.5494751592857,79.2424586933455
"Bahamas, The",BHS,Gross fixed capital formation (% of GDP),NE.GDI.FTOT.ZS,26.6933841533475,28.3661603999821,30.3095033767397,28.3104063845427,30.2654613029778,23.5867067648848,24.7801092509827,26.4676345114044,24.4289815277084,24.205769375612,21.9999614018836,23.3023178532857,22.5577111277416,21.7741777058928,25.7497094638977
"Bahamas, The",BHS,"Unemployment, total (% of total labor force) (modeled ILO estimate)",SL.UEM.TOTL.ZS,14.432,14.52,14.02,16.18,13.8,12,12.7,9.8,10,9.336,12.027,11.032,9.272,8.643,8.463
Bahrain,BHR,GDP growth (annual %),NY.GDP.MKTP.KD.ZG,4.3342989754845,1.92815791170796,3.80302899043062,5.29262224906203,4.30885692657077,2.50787205267615,3.81499327422425,4.95383534123657,2.05258864979861,2.05287774418655,-5.9113629524152,4.35004091668986,6.18016125475185,3.87811614845566,3.01724839092739
Bahrain,BHR,GDP per capita (current US$),NY.GDP.PCAP.CD,21819.3291098099,25032.7867743333,26438.6733230428,26989.7601148469,26451.7965647453,23734.0551143019,23800.001440631,24784.7693514607,26324.4066549559,27259.7438599327,24342.8444554718,27147.8083882286,30470.5219276023,29290.1284215098,30048.2177718844
Bahrain,BHR,"Population, total",SP.POP.TOTL,1228543,1195020,1208964,1253191,1314562,1370322,1423726,1501116,1503091,1483756,1472204,1504365,1524693,1577059,1588670
Bahrain,BHR,"Government expenditure on education, total (% of GDP)",SE.XPD.TOTL.GD.ZS,2.35114974984976,2.31235396487985,2.54483008384705,2.38286995887756,2.36918997764587,2.55344009399414,2.80248290251154,2.21637010574341,2.38893976833662,2.11146982812491,2.05801907522052,1.85115940115918,1.71192127094005,1.88778167912993,..
Bahrain,BHR,Current health expenditure (% of GDP),SH.XPD.CHEX.GD.ZS,4.08934975,3.8651762,4.10642147,4.30853891,4.41240263,4.97671938,4.86051178,4.51235676,4.12745667,3.95980334,4.7196188,4.49223804,3.83745313,..,..
Bahrain,BHR,Access to electricity (% of population),EG.ELC.ACCS.ZS,100,100,100,100,100,100,100,100,100,100,100,100,100,100,..
Bahrain,BHR,Individuals using the Internet (% of population),IT.NET.USER.ZS,55,77,88,90,90.5031,93.4783,98,95.8781,98.6447,99.7015,99.671,100,100,100,100
Bahrain,BHR,"Life expectancy at birth, total (years)",SP.DYN.LE00.IN,78.593,79.141,79.622,79.998,80.214,80.338,80.407,80.407,80.412,80.471,78.683,78.083,80.992,81.284,..
Bahrain,BHR,"School enrollment, primary (% gross)",SE.PRM.ENRR,..,96.1195941897225,101.803222781141,107.464276011953,104.369512763844,100.237015471325,99.8968591364868,98.7361755496891,96.8386151592259,96.7754137910744,..,..,96.9927291173487,93.8998953080421,96.8752475247525
Bahrain,BHR,"School enrollment, secondary (% gross)",SE.SEC.ENRR,90.1969414818577,93.2938990893653,98.4732914840696,107.610472634995,104.203846916518,100.303914816394,100.583649344321,100.923412884105,100.701887411111,102.128281941881,..,..,103.393222951005,104.392938701638,98.8139181413527
Bahrain,BHR,Urban population (% of total population),SP.URB.TOTL.IN.ZS,88.634,88.695,88.762,88.835,88.915,88.999,89.09,89.186,89.287,89.394,89.506,89.622,89.743,89.869,89.999
Bahrain,BHR,Trade (% of GDP),NE.TRD.GNFS.ZS,115.561486449616,167.529641035854,178.824020821684,184.58950884485,168.57585814186,147.916060172904,132.822997902774,136.429239810394,144.075372574535,135.417543398211,135.460985012931,153.799316485108,167.141241152535,157.447854682297,..
Bahrain,BHR,Gross fixed capital formation (% of GDP),NE.GDI.FTOT.ZS,27.4117362934521,21.4870791669025,27.1729554804038,25.1125171284666,26.0902112843231,24.4236635322924,26.8323762216975,28.4555243468986,29.647395099944,27.5453708574435,29.0855253637305,24.8418199625942,26.8491803428844,27.5133591159521,..
Bahrain,BHR,"Unemployment, total (% of total labor force) (modeled ILO estimate)",SL.UEM.TOTL.ZS,1.13,1.21,1.2,1.182,1.141,1.16,1.192,1.194,1.2,1.223,1.781,1.541,1.326,1.154,1.102
Bangladesh,BGD,GDP growth (annual %),NY.GDP.MKTP.KD.ZG,5.57178818533122,6.46437912497728,6.52145877906443,6.01360565834344,6.0610593588495,6.55263987816197,7.11347821270093,6.59024999794057,7.31941263014136,7.88191515117722,3.44801755122445,6.93867912442445,7.09982877575158,5.77511237007889,4.22325911250161
Bangladesh,BGD,GDP per capita (current US$),NY.GDP.PCAP.CD,757.385280361508,837.336944695647,859.680536375497,958.262989798283,1094.46199702838,1224.38647668165,1649.28380858601,1811.08221668646,1965.24372731467,2129.79896954606,2248.85078828233,2482.84917843357,2716.48592780431,2551.01773827307,2593.41607390407
Bangladesh,BGD,"Population, total",SP.POP.TOTL,152201981,153591076,155070101,156532141,157964929,159383179,160811932,162186147,163523103,164913055,166298024,167658854,169384897,171466990,173562364
Bangladesh,BGD,"Government expenditure on education, total (% of GDP)",SE.XPD.TOTL.GD.ZS,..,2.13269996643066,2.17549991607666,1.96616005897522,2.09871663086838,1.87225417109978,1.28183996677399,2.11342875356648,2.09477473545666,1.13094997406006,2.13974351741877,2.17090882504654,2.08538657806243,2.16213826344701,2.0343847791384
Bangladesh,BGD,Current health expenditure (% of GDP),SH.XPD.CHEX.GD.ZS,2.28807664,2.36418128,2.3537879,2.29574466,2.27915168,2.27217698,2.38938212,2.36720181,2.31622243,2.25762248,2.27063942,2.36551309,2.39038587,..,..
Bangladesh,BGD,Access to electricity (% of population),EG.ELC.ACCS.ZS,55.3,59.6,65.5,61.5,62.4,74,75.9,88,86.9,92.2,96.2,99,99.4,99.5,..
Bangladesh,BGD,Individuals using the Internet (% of population),IT.NET.USER.ZS,3.7,4.5,5,6.63,11.9,12.9,18.1,21.5,25.6,30.4,36.1091,38.9174,41.6165,44.5027,..
Bangladesh,BGD,"Life expectancy at birth, total (years)",SP.DYN.LE00.IN,68.009,68.499,68.989,69.487,70.016,70.543,71.075,71.606,72.122,72.625,71.421,71.103,74.265,74.672,..
Bangladesh,BGD,"School enrollment, primary (% gross)",SE.PRM.ENRR,94.7762261175806,..,..,..,..,..,..,105.128820425409,107.18995771035,..,110.066619873047,106.334849059692,107.802066750685,103.116421399751,106.491310395865
Bangladesh,BGD,"School enrollment, secondary (% gross)",SE.SEC.ENRR,49.5031106793162,49.7515496494472,51.6718482971191,55.6214332189314,..,59.4217414855957,64.1664546117285,62.3408639225315,65.2714888764112,65.1185413488915,66.4329548486639,66.8282318620991,67.0384586440383,65.9856598598849,64.2997191043961
Bangladesh,BGD,Urban population (% of total population),SP.URB.TOTL.IN.ZS,30.462,31.225,31.993,32.762,33.535,34.308,35.083,35.858,36.632,37.405,38.177,38.946,39.711,40.473,41.23
Bangladesh,BGD,Trade (% of GDP),NE.TRD.GNFS.ZS,37.8028426708321,47.4208498356898,48.1109227490467,46.2964027228174,44.5140801968096,42.0859963070382,31.3341501346142,29.9997306724343,32.5146317240884,31.5780544912404,26.271447376215,27.7240047036631,33.7799672705735,30.9829714104596,26.7780763393252
Bangladesh,BGD,Gross fixed capital formation (% of GDP),NE.GDI.FTOT.ZS,26.2466561760577,27.4209733686034,28.2623350097187,28.3896207536466,28.5778757115563,28.886689247008,30.2397639179985,30.9468731155675,31.8225747704431,32.2137331126266,31.3079413414304,31.0187387357172,32.047275580905,30.9512000834944,30.7004906382085
Bangladesh,BGD,"Unemployment, total (% of total labor force) (modeled ILO estimate)",SL.UEM.TOTL.ZS,3.379,3.736,4.071,4.426,4.416,4.396,4.35,4.372,4.407,4.441,5.436,5.327,4.593,4.454,4.68
Barbados,BRB,GDP growth (annual %),NY.GDP.MKTP.KD.ZG,-2.21771085628227,-0.731434558650108,-0.313311151079603,-1.01038184618172,0.0824054778140209,-0.846098521356325,1.79193033431267,0.12844600157031,-1.17406509373819,0.652585417698418,-15.0543629495892,-0.254965880216531,17.8328630251327,4.09382010970572,3.80000031896743
Barbados,BRB,GDP per capita (current US$),NY.GDP.PCAP.CD,18860.3833703309,19345.9953139542,19034.0708028512,19308.0091116993,19277.9423599235,18954.2913724506,19065.8069800213,19692.7606711615,20055.915870771,20583.7265786414,18347.1109131055,18696.7858952957,22164.0260273876,23804.0249914995,25365.7949424181
Barbados,BRB,"Population, total",SP.POP.TOTL,275243,276139,276938,277665,278348,278990,279598,280171,280711,281207,281698,282147,282318,282336,282467
Barbados,BRB,"Government expenditure on education, total (% of GDP)",SE.XPD.TOTL.GD.ZS,6.05261993408203,..,4.58823013305664,4.50306987762451,5.35950994491577,5.15997517232471,4.19719982147217,3.956209897995,5.40447825597088,3.72228002548218,3.86529994010925,4.49793004989624,4.14000988006592,3.7754499912262,3.55593188106322
Barbados,BRB,Current health expenditure (% of GDP),SH.XPD.CHEX.GD.ZS,6.77094746,6.89690495,7.77819967,7.39746428,6.96651411,6.81827545,6.83311653,6.64785957,6.43943882,6.12043858,7.27405739,7.93866014,6.29389191,..,..
Barbados,BRB,Access to electricity (% of population),EG.ELC.ACCS.ZS,100,100,100,100,100,100,100,100,100,100,100,100,100,100,..
Barbados,BRB,Individuals using the Internet (% of population),IT.NET.USER.ZS,65.1,66.5,71.2,71.8,71.9,72,72.2,72.3,72.4,74.1791,76.002,77.8697,79.4451,79.9923,..
Barbados,BRB,"Life expectancy at birth, total (years)",SP.DYN.LE00.IN,75.488,75.599,75.737,75.816,75.926,76.055,76.168,76.237,76.378,76.495,76.647,76.58,75.676,76.178,..
Barbados,BRB,"School enrollment, primary (% gross)",SE.PRM.ENRR,100.026486558072,100.607875564296,..,..,96.4334517627767,95.4051834276328,95.319325026438,94.3660015740012,94.4722209242559,94.7561440274338,94.5134829805,92.7709032613596,90.1875316776483,88.0075687838805,83.9370240790286
Barbados,BRB,"School enrollment, secondary (% gross)",SE.SEC.ENRR,107.682540893555,107.300071716309,..,..,108.186309814453,108.196029663086,108.310737609863,109.804237365723,108.216751098633,106.086326599121,104.318992614746,103.569473266602,104.222328186035,102.513702392578,104.371182990274
Barbados,BRB,Urban population (% of total population),SP.URB.TOTL.IN.ZS,31.87,31.7,31.553,31.429,31.328,31.249,31.193,31.159,31.147,31.158,31.191,31.246,31.324,31.425,31.548
Barbados,BRB,Trade (% of GDP),NE.TRD.GNFS.ZS,..,..,..,..,..,..,..,..,..,..,..,..,..,..,..
Barbados,BRB,Gross fixed capital formation (% of GDP),NE.GDI.FTOT.ZS,..,..,..,..,..,..,..,..,..,..,..,..,..,..,..
Barbados,BRB,"Unemployment, total (% of total labor force) (modeled ILO estimate)",SL.UEM.TOTL.ZS,10.69,11.19,11.59,11.55,12.17,9.803,8.247,8.622,8.322,8.412,9.777,9.433,8.365,7.878,7.529
Belarus,BLR,GDP growth (annual %),NY.GDP.MKTP.KD.ZG,7.75001706649201,5.54997472296492,1.70785256985428,0.998719278658982,1.65112468524468,-3.82957055828362,-2.52644643552377,2.53218350023008,3.14919759374968,1.4464554769185,-0.67274295062424,2.43886212396822,-4.65839591573585,4.12654007153881,4.00984852465452
Belarus,BLR,GDP per capita (current US$),NY.GDP.PCAP.CD,6034.67885177216,6527.6593428786,6953.21591683101,7998.0802045456,8341.31809294883,5967.05595058777,5039.77560949445,5785.54491935194,6360.037502312,6837.77339645635,6542.85579976768,7489.71894713888,7994.64806074889,7896.75388295584,8316.64776291533
Belarus,BLR,"Population, total",SP.POP.TOTL,9483836,9461643,9446836,9443211,9448515,9461076,9469379,9458989,9438785,9419758,9379952,9302585,9228071,9178298,9133712
Belarus,BLR,"Government expenditure on education, total (% of GDP)",SE.XPD.TOTL.GD.ZS,5.22003984451294,4.68479013442993,4.95964002609253,5.0094199180603,4.81832981109619,4.78750991821289,4.94654989242554,4.79500007629395,4.83656978607178,4.97948980331421,4.86263990402222,4.60641002655029,4.62823009490967,4.9514799118042,..
Belarus,BLR,Current health expenditure (% of GDP),SH.XPD.CHEX.GD.ZS,5.65694332,4.87452745,5.24538946,5.69563103,5.38792181,6.06528044,5.91054153,5.75974846,5.52699471,5.86133814,6.40607214,6.56549978,6.65919876,..,..
Belarus,BLR,Access to electricity (% of population),EG.ELC.ACCS.ZS,94.4,95,95.6,96.2,96.8,97.4,98,98.7,99.3,100,100,100,100,100,..
Belarus,BLR,Individuals using the Internet (% of population),IT.NET.USER.ZS,31.8,39.6489,46.91,54.17,59.0163,62.2304,71.113,74.4364,79.1299,82.7892,85.0879,86.8884,89.5073,91.5125,94.2618
Belarus,BLR,"Life expectancy at birth, total (years)",SP.DYN.LE00.IN,70.4048780487805,70.5536585365854,71.9658536585366,72.4707317073171,72.9707317073171,73.6243902439025,73.8268292682927,74.1292682926829,74.1756097560976,74.2268292682927,72.1385609756098,72.0714634146342,74.1033658536585,74.1837804878049,..
Belarus,BLR,"School enrollment, primary (% gross)",SE.PRM.ENRR,100.778805231093,100.927399800314,100.103580941107,99.4024127097705,98.8196297844518,98.4724784063299,99.4165601023018,98.9911352828846,98.2260831226448,97.0494273050719,95.5250148309274,95.5266437473141,95.4307149291864,95.2183631035768,96.8224030073024
Belarus,BLR,"School enrollment, secondary (% gross)",SE.SEC.ENRR,111.028998547015,108.98986744867,107.657786407767,104.523124130077,103.510351178762,102.895731001158,102.969005936733,102.480850468241,101.596010989492,100.438744155791,100.575710351095,100.42063921059,99.0602032881737,97.4265999006565,94.7902702871216
Belarus,BLR,Urban population (% of total population),SP.URB.TOTL.IN.ZS,74.672,75.188,75.697,76.199,76.693,77.181,77.661,78.134,78.595,79.044,79.483,79.91,80.326,80.731,81.125
Belarus,BLR,Trade (% of GDP),NE.TRD.GNFS.ZS,115.917972989303,157.974255073313,153.085269313372,119.815965235724,110.651424367582,115.914826201946,125.209322899662,133.367754723012,139.393736250171,130.850406102184,118.934176146534,136.014167877476,120.024207576094,131.584674884961,131.91792910245
Belarus,BLR,Gross fixed capital formation (% of GDP),NE.GDI.FTOT.ZS,38.8270843770422,37.685885856564,33.4161102099333,37.1868460544649,33.224364033082,28.6543148072496,25.4400783578553,26.1579866134837,26.227418804984,27.034537426493,25.3653466986551,22.5711362004534,19.4477162810143,22.555363377361,23.8001790850118
Belarus,BLR,"Unemployment, total (% of total labor force) (modeled ILO estimate)",SL.UEM.TOTL.ZS,6.045,6.022,5.946,5.937,5.902,5.881,5.844,5.648,4.763,4.165,4.049,3.9,3.574,3.461,3.361
Belgium,BEL,GDP growth (annual %),NY.GDP.MKTP.KD.ZG,2.71031150254662,1.93115502411325,0.215803612089744,0.305494549070232,1.76554038149924,1.47416433731927,1.19350273007754,1.47446761556785,1.87796847383565,2.4428900448156,-4.7929839083518,6.20759981274431,4.2593607365269,1.201691781997,1.01889862506124
Belgium,BEL,GDP per capita (current US$),NY.GDP.PCAP.CD,44197.393671162,47760.8298776546,44874.1709182123,46964.5946777056,47995.7786961339,40893.804537772,41854.5498296444,44035.3239358548,47487.2100392561,46716.6227467964,45906.2875805246,51658.238294958,50822.2518538518,54690.0942734964,55954.6106261018
Belgium,BEL,"Population, total",SP.POP.TOTL,10895586,11038264,11106932,11159407,11209057,11274196,11331422,11375158,11427054,11488980,11538604,11586195,11680210,11787423,11876844
Belgium,BEL,"Government expenditure on education, total (% of GDP)",SE.XPD.TOTL.GD.ZS,6.44077014923096,6.38481998443604,6.56626987457275,6.60135984420776,6.55865001678467,6.46963977813721,6.48613023757935,6.44915008544922,6.38883018493652,6.32381010055542,6.75470018386841,6.38112020492554,6.27796983718872,..,..
Belgium,BEL,Current health expenditure (% of GDP),SH.XPD.CHEX.GD.ZS,10.20009708,10.3613987,10.50250053,10.57460022,10.6084671,10.79679203,10.79323006,10.80117512,10.86121368,10.75969219,11.26481915,11.04724503,10.76192474,..,..
Belgium,BEL,Access to electricity (% of population),EG.ELC.ACCS.ZS,100,100,100,100,100,100,100,100,100,100,100,100,100,100,..
Belgium,BEL,Individuals using the Internet (% of population),IT.NET.USER.ZS,77.6398,81.61,80.72,82.1702,85.0012,85.0529,86.5165,87.6797,88.6473,90.2754,91.5264,92.7887,94.0078,94.6263,95.7758
Belgium,BEL,"Life expectancy at birth, total (years)",SP.DYN.LE00.IN,80.1829268292683,80.5853658536585,80.3853658536585,80.5878048780488,81.2878048780488,80.9926829268293,81.4390243902439,81.4926829268293,81.5951219512195,81.9951219512195,80.6951219512195,81.790243902439,81.7487804878049,82.3975609756098,..
Belgium,BEL,"School enrollment, primary (% gross)",SE.PRM.ENRR,102.236808776855,101.269889831543,101.520362854004,103.191062927246,103.104873657227,102.243827819824,102.055862426758,102.752861022949,102.500366210938,102.148559570312,102.064270019531,101.821136474609,102.176986694336,102.108009338379,..
Belgium,BEL,"School enrollment, secondary (% gross)",SE.SEC.ENRR,160.66047668457,159.349304199219,160.110534667969,161.845886230469,162.421981811523,164.079818725586,160.689270019531,158.670288085938,156.509765625,156.635375976562,151.727508544922,143.163513183594,142.918075561523,142.960266113281,..
Belgium,BEL,Urban population (% of total population),SP.URB.TOTL.IN.ZS,97.651,97.698,97.744,97.789,97.833,97.876,97.919,97.961,98.001,98.041,98.079,98.117,98.153,98.189,98.224
Belgium,BEL,Trade (% of GDP),NE.TRD.GNFS.ZS,150.162563621427,160.765516888126,160.383301425059,157.573622782434,158.571610953523,155.068682045926,159.057696611945,166.904078237791,168.277692877218,165.46547893199,156.950121282783,177.381892440073,191.939444094087,168.961009401668,158.452949662035
Belgium,BEL,Gross fixed capital formation (% of GDP),NE.GDI.FTOT.ZS,21.9382428923496,22.7900061624511,22.8236232419409,22.1558511394486,22.8409196700006,23.1519860999475,23.5198221753782,23.5041514887444,23.7749835796852,24.2312098845978,24.0338724949105,23.9163856652107,23.8522965245458,24.4465011647884,24.3980990381018
Belgium,BEL,"Unemployment, total (% of total labor force) (modeled ILO estimate)",SL.UEM.TOTL.ZS,8.293,7.14,7.542,8.425,8.523,8.482,7.83,7.09,5.941,5.364,5.545,6.248,5.57,5.528,5.488
Belize,BLZ,GDP growth (annual %),NY.GDP.MKTP.KD.ZG,1.11403578740261,-0.244543781225346,3.73777578617181,4.45432600686063,4.03084557750317,2.87618379515959,0.0545516535970023,-1.81285354051658,1.11057125008675,4.26763689618086,-13.9029100645218,17.7461701205679,9.65297772389758,1.14901682065862,8.15178982706797
Belize,BLZ,GDP per capita (current US$),NY.GDP.PCAP.CD,5451.13897172477,5582.22170621269,5709.68918765363,5950.20299917747,6128.14288539305,6154.49593498217,6142.49873185177,6072.58267640581,6031.28139580144,6190.04792278445,5227.19363786168,6122.61158580079,7068.45478269722,7459.99815132837,8429.67959707387
Belize,BLZ,"Population, total",SP.POP.TOTL,320245,327298,334414,341627,348923,356333,364705,373202,380226,385829,390812,395346,402733,411106,417072
Belize,BLZ,"Government expenditure on education, total (% of GDP)",SE.XPD.TOTL.GD.ZS,5.24251985549927,5.51786910233588,5.47351989539787,5.12474012374878,5.1395001411438,5.35711002349854,5.72603988647461,5.95071983337402,6.12779998779297,5.96377992630005,5.21301984786987,5.96298980712891,4.60415983200073,4.23143005371094,4.62276317232973
Belize,BLZ,Current health expenditure (% of GDP),SH.XPD.CHEX.GD.ZS,4.49390221,4.54752827,4.36309099,4.44159889,4.89683533,4.66880131,4.78280401,4.63350248,4.76723623,4.84424496,5.35447645,5.05842113,4.23173904,..,..
Belize,BLZ,Access to electricity (% of population),EG.ELC.ACCS.ZS,89.9,91.7,90.9,91.1,91.5,91.8,93.3,94.2,91.7,92.7,96.8,97.7,98.6,99.6,..
Belize,BLZ,Individuals using the Internet (% of population),IT.NET.USER.ZS,28.2,30.7,31,33.6,38.7,41.59,44.5757,48.8771,53.5936,58.7652,64.4359,70.6537,71.8096,72.3595,..
Belize,BLZ,"Life expectancy at birth, total (years)",SP.DYN.LE00.IN,70.875,70.975,71.134,71.276,71.437,71.647,71.843,72.062,72.322,72.577,71.58,70.917,72.19,73.566,..
Belize,BLZ,"School enrollment, primary (% gross)",SE.PRM.ENRR,112.946476456076,112.275924178746,115.222578079659,113.524076873246,112.82886168273,113.602548159784,116.084024666164,115.629980470942,114.90527173544,114.458351316357,112.251430128031,107.337270073984,101.531373116389,97.7874461619187,96.4819245941926
Belize,BLZ,"School enrollment, secondary (% gross)",SE.SEC.ENRR,75.6223037349759,76.1272789038614,78.8095397154118,80.6694303700292,80.3583033664053,81.2936199454549,87.7313726328389,86.323893201399,86.2833561409511,87.4526596660355,86.1886596150512,88.8215546932903,87.4381668552162,83.619553808705,86.4571583269413
Belize,BLZ,Urban population (% of total population),SP.URB.TOTL.IN.ZS,45.228,45.228,45.246,45.282,45.335,45.406,45.495,45.601,45.724,45.866,46.025,46.201,46.396,46.608,46.838
Belize,BLZ,Trade (% of GDP),NE.TRD.GNFS.ZS,95.0335109125279,107.194658055335,111.631926259558,108.793506333784,107.120308663627,104.078794373133,96.4646013748772,97.6922737501655,100.664995094298,102.122848888331,81.821964412463,99.3162710954122,108.52917413145,106.531755710256,..
Belize,BLZ,Gross fixed capital formation (% of GDP),NE.GDI.FTOT.ZS,13.6334994558057,13.902192058236,12.9621870744737,14.4877628827942,16.4620600958728,16.3242972116459,18.0341040978484,15.3995499271941,16.5703695628475,16.7692500942093,17.2797806985339,20.0987378901489,20.7081884287069,20.5963936938553,..
Belize,BLZ,"Unemployment, total (% of total labor force) (modeled ILO estimate)",SL.UEM.TOTL.ZS,8.416,8.43,8.379,8.349,8.244,7.578,7,6.596,7.896,9.053,10.784,10.322,8.763,8.267,7
Benin,BEN,GDP growth (annual %),NY.GDP.MKTP.KD.ZG,2.11406472648392,2.96375291904201,4.811223315688,7.19143372144946,6.35767909791932,1.77815106030278,3.33967342629693,5.67156195150444,6.69725362180888,6.86568662848335,3.84879240030133,7.1554516457574,6.25294705373625,6.3527773854442,7.45311566226201
Benin,BEN,GDP per capita (current US$),NY.GDP.PCAP.CD,973.244254931526,1059.41358852588,1071.5258366283,1168.92699279226,1204.39918670094,1002.41886879614,1010.5338961993,1054.97408066814,1151.7409703472,1130.82135339795,1200.19426631122,1318.65158107487,1266.42710981159,1394.17784663045,1485.38018980894
Benin,BEN,"Population, total",SP.POP.TOTL,9797484,10093623,10397657,10708834,11030004,11360681,11697842,12039780,12383347,12726755,13070169,13413417,13759501,14111034,14462724
Benin,BEN,"Government expenditure on education, total (% of GDP)",SE.XPD.TOTL.GD.ZS,3.67997002601623,..,3.56202006340027,3.3275101184845,3.161789894104,3.17298007011414,2.89910006523132,3.53558993339539,2.93161988258362,2.73204741460628,2.89898431911618,3.09692638090381,3.0972642678305,3.22974322056608,..
Benin,BEN,Current health expenditure (% of GDP),SH.XPD.CHEX.GD.ZS,3.00988984,2.99707985,3.07562971,2.86880755,2.69111967,2.72813416,2.79549599,2.66813827,2.88632035,2.50914454,2.7123611,2.58129549,2.67981386,..,..
Benin,BEN,Access to electricity (% of population),EG.ELC.ACCS.ZS,34.2,36.9,38.4,34.7,34.1,29.6,37,34.5,39,40,41,42,56.5,57,..
Benin,BEN,Individuals using the Internet (% of population),IT.NET.USER.ZS,3.13,4.14832,4.5,4.9,6,11.255,14.5,18.7,19,20.5,22.1206,28.2047,30.0134,32.2083,..
Benin,BEN,"Life expectancy at birth, total (years)",SP.DYN.LE00.IN,58.387,58.462,58.559,58.863,59.008,59.123,59.283,59.528,59.71,59.888,60.154,59.61,60.475,60.774,..
Benin,BEN,"School enrollment, primary (% gross)",SE.PRM.ENRR,112.795959472656,114.723129272461,118.541481018066,119.383087158203,119.675392150879,121.990882873535,120.301116943359,116.291519165039,111.805068969727,106.798400878906,104.033172607422,105.631301879883,108.036239624023,..,..
Benin,BEN,"School enrollment, secondary (% gross)",SE.SEC.ENRR,..,45.7294692993164,..,52.0378494262695,52.5952682495117,55.1333084106445,55.2945899963379,..,..,..,43.9858703613281,44.2737998962402,43.5606498718262,..,..
Benin,BEN,Urban population (% of total population),SP.URB.TOTL.IN.ZS,43.093,43.608,44.125,44.642,45.166,45.695,46.229,46.768,47.312,47.861,48.415,48.972,49.534,50.1,50.669
Benin,BEN,Trade (% of GDP),NE.TRD.GNFS.ZS,51.4308599492924,47.2170288118403,50.7367367791134,59.2001918331875,65.2682749404551,56.7563131849476,58.9869283378276,61.4765969588474,61.7951944903448,63.68133231423,44.8332333768726,48.0548608324409,44.3815928877424,44.6631308180211,40.6398022401523
Benin,BEN,Gross fixed capital formation (% of GDP),NE.GDI.FTOT.ZS,17.6499967380481,18.2263279960581,16.2040295951807,20.7082627484833,21.6376626983262,20.4957392258274,19.72249305162,23.4384503972218,25.900562756214,25.1732556309975,25.2065173861299,28.447444436108,30.7328757658114,34.1217773085656,34.6655509408179
Benin,BEN,"Unemployment, total (% of total labor force) (modeled ILO estimate)",SL.UEM.TOTL.ZS,1.04,2.647,2.406,2.099,1.872,1.82,1.784,1.659,1.41,1.214,1.502,1.779,1.685,1.657,1.722
Bermuda,BMU,GDP growth (annual %),NY.GDP.MKTP.KD.ZG,-2.50287828947368,-3.74274431740703,-5.30529910675297,-0.279708545423034,-3.70106759364258,0.775529699568978,-0.657206304259205,3.61141983706115,-0.432801300339307,0.307106461240664,-6.82757303480177,4.60742917109469,6.47622571186707,4.91721557264164,2.10536882220231
Bermuda,BMU,GDP per capita (current US$),NY.GDP.PCAP.CD,104111.824244802,99049.0169927667,100213.493385287,101704.40746217,100961.576602811,104855.366822135,108747.356144305,112339.425587467,113204.82210838,115798.040775578,106976.546239632,112765.08167306,121613.939983629,132604.439086216,138934.958846463
Bermuda,BMU,"Population, total",SP.POP.TOTL,63725,63733,63646,63574,63529,63464,63449,63578,63831,64107,64382,64648,64749,64698,64636
Bermuda,BMU,"Government expenditure on education, total (% of GDP)",SE.XPD.TOTL.GD.ZS,2.30668997764587,2.19656988306324,2.38597137100485,2.2795032068669,1.5368800163269,1.50163996219635,2.03905874199287,1.32495999336243,1.93595466792564,1.92679827239971,1.74834797496856,1.94565325816336,1.77583338857166,1.86510440752276,..
Bermuda,BMU,Current health expenditure (% of GDP),SH.XPD.CHEX.GD.ZS,..,..,..,..,..,..,..,..,..,..,..,..,..,..,..
Bermuda,BMU,Access to electricity (% of population),EG.ELC.ACCS.ZS,100,100,100,100,100,100,100,100,100,100,100,100,100,100,..
Bermuda,BMU,Individuals using the Internet (% of population),IT.NET.USER.ZS,84.21,88.336,91.2993,95.3,96.8,98.3236,98,98.37,..,..,..,..,..,..,..
Bermuda,BMU,"Life expectancy at birth, total (years)",SP.DYN.LE00.IN,79.414,79.651,79.847,80.016,80.199,80.338,80.476,80.686,80.986,81.251,81.456,81.745,82.062,82.309,..
Bermuda,BMU,"School enrollment, primary (% gross)",SE.PRM.ENRR,106.171371459961,103.870971679688,101.248802185059,99.5652236938477,100.564140319824,102.673927307129,..,..,..,..,..,..,..,92.8512496948242,..
Bermuda,BMU,"School enrollment, secondary (% gross)",SE.SEC.ENRR,89.5964279174805,88.0554428100586,86.2392807006836,85.0652008056641,85.4845428466797,86.8070526123047,..,..,..,..,..,..,..,74.3967514038086,..
Bermuda,BMU,Urban population (% of total population),SP.URB.TOTL.IN.ZS,100,100,100,100,100,100,100,100,100,100,100,100,100,100,100
Bermuda,BMU,Trade (% of GDP),NE.TRD.GNFS.ZS,74.595080341836,76.2704368073774,73.7823030616219,76.2701066974999,76.5167474588353,73.2954985174785,72.7499093828891,72.3924284503794,77.5552703807388,77.5601016506443,69.1937002313222,71.4081698076429,75.1972250263227,73.5909186382666,80.5182512638917
Bermuda,BMU,Gross fixed capital formation (% of GDP),NE.GDI.FTOT.ZS,13.0430267361979,12.5825420569453,11.0144291764369,10.8931113391845,12.0945969964397,11.8925858297364,12.8032086210967,13.763644733725,13.4097576009445,14.7485170334877,12.2379040805742,12.902924909709,12.536566366296,11.1992411450802,11.2837130576156
Bermuda,BMU,"Unemployment, total (% of total labor force) (modeled ILO estimate)",SL.UEM.TOTL.ZS,..,..,..,..,..,..,..,..,..,..,..,..,..,..,..
Bhutan,BTN,GDP growth (annual %),NY.GDP.MKTP.KD.ZG,11.9318738376229,8.4892584842808,5.16482012683895,1.73634039505693,5.88108550658288,6.66080128866197,8.47594339232963,2.08684522733067,3.50187185732737,5.75514851246506,-10.2183974208569,4.42136738945015,5.21386783786224,4.88259396253632,..
Bhutan,BTN,GDP per capita (current US$),NY.GDP.PCAP.CD,2435.5798056672,2787.97967608562,2751.2128864294,2679.95217201538,2849.49998647303,2954.04081911097,3152.30905106786,3435.28804735662,3400.20417245342,3576.87987100503,3191.66906999331,3570.61257980872,3711.32767981591,3839.4093039286,..
Bhutan,BTN,"Population, total",SP.POP.TOTL,701632,709377,717279,725273,733139,740618,747866,754335,759759,764824,770006,775442,780914,786385,791524
Bhutan,BTN,"Government expenditure on education, total (% of GDP)",SE.XPD.TOTL.GD.ZS,3.82318997383118,4.31658983230591,..,5.16563987731934,5.46183013916016,6.92889022827148,6.40447998046875,6.6172399520874,6.47809982299805,4.50982783818663,5.46991778261464,6.5983860642268,7.46981980280053,5.84519004821777,..
Bhutan,BTN,Current health expenditure (% of GDP),SH.XPD.CHEX.GD.ZS,3.29502344,3.08310628,3.32087612,3.40428138,3.28293824,3.48926425,3.32710075,3.1345315,3.06896734,3.37511158,4.08451509,3.0729053,4.38545895,..,..
Bhutan,BTN,Access to electricity (% of population),EG.ELC.ACCS.ZS,73.3,81.8,91.5,87.4,91.4,95.4,99.3,97.7,100,100,100,100,100,100,..
Bhutan,BTN,Individuals using the Internet (% of population),IT.NET.USER.ZS,13.6,14.4,15.6,22.4,30.3,39.8,46.5,54.3,63.5,74.1794,76.8508,85.6369,86.2903,88.426,..
Bhutan,BTN,"Life expectancy at birth, total (years)",SP.DYN.LE00.IN,68.765,69.28,69.759,70.161,70.504,70.797,71.119,71.413,71.711,72.005,72.253,72.448,72.754,72.975,..
Bhutan,BTN,"School enrollment, primary (% gross)",SE.PRM.ENRR,111.975852966309,113.566772460938,113.019607543945,106.841247558594,104.719581604004,103.099495619907,101.324020385742,99.7447717881834,99.3060254263897,97.989926908949,103.826009511759,105.461046747645,105.266151405341,106.687397950258,114.881123575514
Bhutan,BTN,"School enrollment, secondary (% gross)",SE.SEC.ENRR,62.9354400634766,66.9861221313477,72.1302185058594,76.680793762207,84.1404190063477,85.2313079833984,85.6766128540039,86.5600433349609,87.5722870683987,90.6185575459377,89.7711428873908,92.5248380307052,89.9829129407455,86.8564415582911,86.1810001963554
Bhutan,BTN,Urban population (% of total population),SP.URB.TOTL.IN.ZS,34.793,35.585,36.371,37.149,37.918,38.678,39.428,40.167,40.895,41.612,42.316,43.008,43.686,44.35,45
Bhutan,BTN,Trade (% of GDP),NE.TRD.GNFS.ZS,105.010666693593,102.795600221106,94.0450271469571,95.0525382780424,87.9342562013295,89.6391604595496,76.3847528498375,76.7884016850221,79.7397203296083,76.1235167041505,71.8303510394637,77.5824482709826,85.5712165226139,81.564529851324,..
Bhutan,BTN,Gross fixed capital formation (% of GDP),NE.GDI.FTOT.ZS,62.7369005914119,67.7904383722062,69.154926235591,63.3505663166277,54.6280412607061,56.1511418956461,56.9256652736371,54.264203381851,53.6036335150839,45.7996795632774,38.5705348289027,43.9896989380467,55.1076881469919,44.5127343141777,..
Bhutan,BTN,"Unemployment, total (% of total labor force) (modeled ILO estimate)",SL.UEM.TOTL.ZS,3.32,3.23,2.05,2.87,2.63,2.45,2.705,3.016,3.35,2.72,5.03,4.803,5.947,3.126,2.856
Bolivia,BOL,GDP growth (annual %),NY.GDP.MKTP.KD.ZG,4.1267225910567,5.204092443086,5.12227558091757,6.79601142810841,5.46056950635136,4.85718717971413,4.26392086382113,4.19520633360395,4.22362365271844,2.21670563961031,-8.7378843576993,6.11137269714146,3.60568042633635,3.08196521047731,1.38468278972252
Bolivia,BOL,GDP per capita (current US$),NY.GDP.PCAP.CD,1929.78373077158,2315.52121930607,2575.59857098084,2870.02377000756,3041.43503162408,2996.01289811344,3035.87347732132,3306.30301224425,3500.72642189887,3503.89601123129,3099.94219053514,3384.84486462654,3643.92826984604,3686.27996442176,4001.21133990795
Bolivia,BOL,"Population, total",SP.POP.TOTL,10182345,10348929,10515807,10682608,10848888,11014705,11180020,11344587,11508368,11671386,11816299,11937360,12077154,12244159,12413315
Bolivia,BOL,"Government expenditure on education, total (% of GDP)",SE.XPD.TOTL.GD.ZS,6.97379016876221,6.45056009292603,6.62799978256226,6.80321979522705,7.47812986373901,8.14342975616455,8.15060997009277,8.09724044799805,8.01587009429932,8.09103965759277,8.43710994720459,7.96215009689331,7.57550001144409,8.31589071412357,..
Bolivia,BOL,Current health expenditure (% of GDP),SH.XPD.CHEX.GD.ZS,5.20230532,5.17306805,5.2539444,5.57465124,5.89613628,6.55064964,6.83333063,6.4901948,6.60399437,6.88792992,8.0225811,8.159729,8.43142891,..,..
Bolivia,BOL,Access to electricity (% of population),EG.ELC.ACCS.ZS,88,88.3,90.4,89.5,90,91.5,91.8,91.8,92.8,95.1,97.2,98.6,99.9,99.8,..
Bolivia,BOL,Individuals using the Internet (% of population),IT.NET.USER.ZS,22.4,30,35.34,36.99,34.6016,37.4868,39.6975,43.8323,44.2861,47.4748,59.9401,65.9774,67.3612,70.2368,..
Bolivia,BOL,"Life expectancy at birth, total (years)",SP.DYN.LE00.IN,66.003,66.282,66.586,66.777,66.97,67.205,67.392,67.536,67.699,67.82,62.906,61.427,67.434,68.581,..
Bolivia,BOL,"School enrollment, primary (% gross)",SE.PRM.ENRR,104.396370229571,100.921849072087,98.3129253076371,96.8904736314233,95.4654700824142,95.0961939865757,95.5387659267627,96.4475043810472,97.122722190495,97.6714741591375,98.2369486079625,98.4694228398409,99.1960878877715,98.5726894625786,..
Bolivia,BOL,"School enrollment, secondary (% gross)",SE.SEC.ENRR,87.7601876397411,85.300407946135,87.0108512162742,88.7650557098116,89.4564819756877,90.6139031958796,90.6152852803158,89.4000212849504,88.7218999579042,88.8235046622532,88.8672369779995,90.4144137410078,90.3729338176816,91.3676827044767,..
Bolivia,BOL,Urban population (% of total population),SP.URB.TOTL.IN.ZS,66.43,66.874,67.315,67.699,68.047,68.393,68.738,69.08,69.425,69.773,70.123,70.475,70.83,71.186,71.545
Bolivia,BOL,Trade (% of GDP),NE.TRD.GNFS.ZS,75.5116262512877,82.4803954243518,84.9487611684942,81.2309075267174,85.2644695625131,67.9328451905248,56.4010345026573,56.7046527566598,57.1099646119643,56.3973067281247,45.5032626166675,59.0213965632554,67.7558987681252,56.4582389783573,..
Bolivia,BOL,Gross fixed capital formation (% of GDP),NE.GDI.FTOT.ZS,16.5722453451651,18.9656256308952,18.3628772434261,19.0600818282013,20.9820496161581,21.371059614022,20.6704841876063,21.2683553463249,20.1660892516785,18.9752599553605,15.5721386707426,16.6303111863422,16.8420541050056,17.4650893677264,..
Bolivia,BOL,"Unemployment, total (% of total labor force) (modeled ILO estimate)",SL.UEM.TOTL.ZS,2.608,2.255,2.066,2.437,2.021,3.111,3.498,3.655,3.519,3.682,7.903,5.089,3.552,3.024,3.091
Bosnia and Herzegovina,BIH,GDP growth (annual %),NY.GDP.MKTP.KD.ZG,0.865669260237084,0.959511247241267,-0.821836474216894,2.3498566632458,1.15385109200403,4.31475061116335,3.24225521171914,3.24410095889466,3.82749920546897,2.88734334414875,-3.01509514759861,7.38996234012757,4.22681101095546,1.99439520319464,2.48004708382834
Bosnia and Herzegovina,BIH,GDP per capita (current US$),NY.GDP.PCAP.CD,4506.47828548389,4982.69375768263,4693.78899115381,5034.56616016469,5206.06558252,4662.25883724069,4928.5665251728,5345.01985489192,6047.84584261133,6122.3753450882,6130.31133245161,7295.3438240957,7655.59421024383,8663.02322987879,8957.37294188215
Bosnia and Herzegovina,BIH,"Population, total",SP.POP.TOTL,3811472,3741798,3670113,3610859,3564829,3518541,3473003,3428682,3387000,3345533,3299349,3244907,3204802,3185073,3164253
Bosnia and Herzegovina,BIH,"Government expenditure on education, total (% of GDP)",SE.XPD.TOTL.GD.ZS,..,..,..,..,3.31473965674631,3.0181128667772,4.26451015472412,2.83868424239217,3.89297008514404,4.04449987411499,3.01954088371123,4.13622999191284,2.97012986426524,3.24564826597779,..
Bosnia and Herzegovina,BIH,Current health expenditure (% of GDP),SH.XPD.CHEX.GD.ZS,9.01888275,9.17856026,9.49001503,9.44886494,9.49011135,9.24086571,9.13943481,8.81797314,8.76100445,8.92544365,9.70311832,9.55514336,8.71644783,..,..
Bosnia and Herzegovina,BIH,Access to electricity (% of population),EG.ELC.ACCS.ZS,99.5,99.7,99.7,99.5,99.9,99.7,100,100,100,100,100,100,100,100,..
Bosnia and Herzegovina,BIH,Individuals using the Internet (% of population),IT.NET.USER.ZS,42.75,43.8877,45.0645,48.5213,49.9177,52.6,60.2565,64.892,70.1201,69.9463,73.2118,75.6762,78.8455,83.3772,86.1009
Bosnia and Herzegovina,BIH,"Life expectancy at birth, total (years)",SP.DYN.LE00.IN,76.827,76.963,77.037,77.129,77.089,77.073,77.124,77.385,77.942,77.394,76.04,74.567,76.777,77.85,..
Bosnia and Herzegovina,BIH,"School enrollment, primary (% gross)",SE.PRM.ENRR,88.7070770263672,89.0985412597656,89.2094192504883,89.4869613647461,91.2244415283203,94.695442199707,96.1386337280273,98.2435989379883,99.7165832519531,100.929710388184,100.263931274414,101.168617248535,101.604507446289,101.194877624512,..
Bosnia and Herzegovina,BIH,"School enrollment, secondary (% gross)",SE.SEC.ENRR,85.5183715820312,87.7279968261719,90.7853088378906,92.2983932495117,90.2868576049805,85.716178894043,83.1699523925781,83.668083190918,85.6409912109375,85.5401306152344,85.5591125488281,85.6761474609375,87.0373992919922,87.8663787841797,..
Bosnia and Herzegovina,BIH,Urban population (% of total population),SP.URB.TOTL.IN.ZS,45.558,45.878,46.199,46.519,46.84,47.173,47.518,47.876,48.245,48.626,49.02,49.425,49.841,50.269,50.708
Bosnia and Herzegovina,BIH,Trade (% of GDP),NE.TRD.GNFS.ZS,80.9682159626823,87.8363477136556,88.1451088628529,87.9312413116757,90.5522806874185,88.2919898407608,88.2440351685547,96.6458791411189,98.4320911961869,94.5161278874242,82.1112652572898,96.4859085777747,110.20596766123,99.6174933893972,99.9743522173299
Bosnia and Herzegovina,BIH,Gross fixed capital formation (% of GDP),NE.GDI.FTOT.ZS,20.759890558597,21.9769289026201,21.8665120566601,21.0236645065711,22.8936206008283,20.8749598758171,20.4700634608735,21.6524032671789,22.4203690614838,22.7166806963355,22.1116678201234,21.4558826531046,22.0983311433323,23.0739959426831,..
Bosnia and Herzegovina,BIH,"Unemployment, total (% of total labor force) (modeled ILO estimate)",SL.UEM.TOTL.ZS,27.312,27.582,28.01,27.49,27.517,27.695,25.408,20.527,18.4,15.692,15.868,14.897,12.657,10.668,10.723
Botswana,BWA,GDP growth (annual %),NY.GDP.MKTP.KD.ZG,10.1197233309093,6.83841050060252,-0.170857116593709,11.1029068778778,5.69714422027599,-4.85132504617629,7.20442475914267,4.11437856026637,4.1886923900019,3.03177337082403,-8.72888241149465,11.916272413183,5.48601706446772,3.20806812224438,-2.98986879467928
Botswana,BWA,GDP per capita (current US$),NY.GDP.PCAP.CD,6215.73216077919,7287.38295334919,6595.53845015424,6666.91219583487,7122.36423421503,6141.20394726616,6749.05994339013,7104.96401088027,7407.95940141786,7172.08956480028,6323.29749806946,7807.88794500125,8328.70905682185,7826.35376483298,7695.2420641819
Botswana,BWA,"Population, total",SP.POP.TOTL,2033111,2073535,2108617,2140682,2172044,2203273,2234776,2266747,2299141,2332083,2365894,2401441,2439892,2480244,2521139
Botswana,BWA,"Government expenditure on education, total (% of GDP)",SE.XPD.TOTL.GD.ZS,..,10.8265537416631,8.1098729741114,8.0172064061589,7.88874188960311,8.39457941644674,8.73589296358928,7.80924443947392,7.9053860532971,8.3989966033446,8.05833660991541,..,..,..,..
Botswana,BWA,Current health expenditure (% of GDP),SH.XPD.CHEX.GD.ZS,6.26718187,5.86915016,6.35010576,6.49913645,5.8804059,6.10287762,5.76837635,6.62986994,6.04010344,6.12193203,6.1213398,6.30754805,5.72838593,..,..
Botswana,BWA,Access to electricity (% of population),EG.ELC.ACCS.ZS,52,53.2,56,58,60,62.1,64.2,67.4,68.3,70.1,71.8,73.7,75.9,76,..
Botswana,BWA,Individuals using the Internet (% of population),IT.NET.USER.ZS,6,9,16,30,36.7447,37.3121,42.2576,47.8587,54.2022,61.3865,69.523,78.738,80.3696,81.36,..
Botswana,BWA,"Life expectancy at birth, total (years)",SP.DYN.LE00.IN,59.137,59.715,60.384,61.217,62.167,63.215,64.32,65.42,66.371,67.167,67.643,63.303,68.749,69.163,..
Botswana,BWA,"School enrollment, primary (% gross)",SE.PRM.ENRR,..,..,107.411979939614,105.315561116255,101.616607294624,101.623352050781,..,..,..,..,..,104.619979858398,109.27325614686,..,..
Botswana,BWA,"School enrollment, secondary (% gross)",SE.SEC.ENRR,..,..,..,..,..,..,..,..,..,..,..,70.6292572021484,..,..,..
Botswana,BWA,Urban population (% of total population),SP.URB.TOTL.IN.ZS,62.412,63.865,64.768,65.572,66.368,67.155,67.933,68.7,69.446,70.172,70.877,71.56,72.224,72.867,73.49
Botswana,BWA,Trade (% of GDP),NE.TRD.GNFS.ZS,94.6390020873926,98.9614677801469,111.875280620952,125.78303991122,119.497541791464,112.900891016005,100.464689766026,81.9239513763494,87.4551039946493,83.0929813601175,77.6634178431966,88.7587495945773,85.6117077589148,68.8033578360816,66.9755288036776
Botswana,BWA,Gross fixed capital formation (% of GDP),NE.GDI.FTOT.ZS,26.7648941191754,30.1982921302029,31.4658317333179,27.5897535163848,25.4354374358833,27.1032856794333,24.5191722710084,24.1791764530728,26.3934732047554,28.8496651227091,27.6308199386437,26.3940542500601,24.4131351293862,25.6373629510322,28.4930344948991
Botswana,BWA,"Unemployment, total (% of total labor force) (modeled ILO estimate)",SL.UEM.TOTL.ZS,17.86,18.054,17.952,18.203,18.514,18.93,19.329,19.664,19.681,20.094,21.017,23.106,23.615,23.381,23.138
Brazil,BRA,GDP growth (annual %),NY.GDP.MKTP.KD.ZG,7.52822581815364,3.97442307944702,1.92117598576537,3.00482266944432,0.503955740242247,-3.54576339269425,-3.27591690782192,1.32286905404399,1.783666761634,1.22077782360842,-3.2767587964736,4.76260437908608,3.01669435393015,3.24165532906981,3.39586645454844
Brazil,BRA,GDP per capita (current US$),NY.GDP.PCAP.CD,11403.2821278747,13396.6243562986,12521.7213519966,12458.8912138813,12274.9939689363,8936.19661712113,8836.28652735657,10080.5092819305,9300.66164923219,9029.83326681073,7074.19378337644,7972.5366498646,9281.33334441234,10377.5892792557,10280.3148624429
Brazil,BRA,"Population, total",SP.POP.TOTL,193701929,195284734,196876111,198478299,200085127,201675532,203218114,204703445,206107261,207455459,208660842,209550294,210306415,211140729,211998573
Brazil,BRA,"Government expenditure on education, total (% of GDP)",SE.XPD.TOTL.GD.ZS,5.64879989624023,5.73741006851196,5.85510015487671,5.8388500213623,5.94848012924194,6.24105978012085,6.314040184021,6.32047986984253,6.08851003646851,5.96346998214722,5.77150011062622,5.4969801902771,5.61922979354858,..,..
Brazil,BRA,Current health expenditure (% of GDP),SH.XPD.CHEX.GD.ZS,7.94516611,7.78819132,7.73637724,7.9766016,8.39644146,8.90929985,9.16901684,9.47125053,9.46475029,9.61449146,9.62326527,9.63646507,9.14277458,..,..
Brazil,BRA,Access to electricity (% of population),EG.ELC.ACCS.ZS,98.6,99.3,99.5,99.6,99.7,99.7,99.7,99.8,99.7,99.8,99.7,99.5,100,99.8,..
Brazil,BRA,Individuals using the Internet (% of population),IT.NET.USER.ZS,40.65,45.69,48.56,51.04,54.551,58.328,60.8725,67.4713,70.4343,73.9124,81.3427,80.6899,80.5278,84.1506,84.4635
Brazil,BRA,"Life expectancy at birth, total (years)",SP.DYN.LE00.IN,73.779,74.047,74.335,74.609,74.823,75.106,75.081,75.383,75.633,75.809,74.506,73.038,74.872,75.848,..
Brazil,BRA,"School enrollment, primary (% gross)",SE.PRM.ENRR,..,..,104.7822265625,109.945137023926,110.316467285156,109.152191162109,108.757843017578,109.80850982666,108.623291015625,107.40747833252,105.498199462891,103.4716796875,103.970321655273,..,..
Brazil,BRA,"School enrollment, secondary (% gross)",SE.SEC.ENRR,..,..,94.3209762573242,103.917686462402,102.635528564453,100.920516967773,102.56950378418,103.015960693359,105.00707244873,103.953277587891,104.125999450684,106.651893615723,106.031188964844,..,..
Brazil,BRA,Urban population (% of total population),SP.URB.TOTL.IN.ZS,84.335,84.631,84.923,85.209,85.492,85.77,86.042,86.309,86.569,86.824,87.073,87.317,87.555,87.788,88.016
Brazil,BRA,Trade (% of GDP),NE.TRD.GNFS.ZS,22.772178113177,23.9344051758721,25.1142736107398,25.7859573274674,24.6854058131291,26.95362593736,24.5336820777006,24.3197343743057,28.8762033763866,28.8902578698964,32.3020785437939,37.6563307598082,38.8160659763397,33.6662298301438,35.5312202442457
Brazil,BRA,Gross fixed capital formation (% of GDP),NE.GDI.FTOT.ZS,20.5346736513576,20.6089642088056,20.7167127703742,20.9119218718301,19.8730289050629,17.8358070500755,15.5243273233005,14.5589865169328,15.0969119555859,15.4711697448233,16.5610215626482,17.9178490532598,17.8004023928911,16.410975108624,17.0329063678903
Brazil,BRA,"Unemployment, total (% of total labor force) (modeled ILO estimate)",SL.UEM.TOTL.ZS,8.422,7.578,7.251,7.071,6.755,8.538,11.58,12.792,12.329,11.936,13.697,13.158,9.231,7.947,7.634
British Virgin Islands,VGB,GDP growth (annual %),NY.GDP.MKTP.KD.ZG,..,..,..,..,..,..,..,..,..,..,..,..,..,..,..
British Virgin Islands,VGB,GDP per capita (current US$),NY.GDP.PCAP.CD,..,..,..,..,..,..,..,..,..,..,..,..,..,..,..
British Virgin Islands,VGB,"Population, total",SP.POP.TOTL,27675,28710,30345,31703,32962,34498,33878,32699,34657,36395,37135,37809,38319,38985,39471
British Virgin Islands,VGB,"Government expenditure on education, total (% of GDP)",SE.XPD.TOTL.GD.ZS,3.48701000213623,..,3.55560728835564,4.45811210742524,4.00919804063438,4.70450019836426,3.25467711875258,2.45708990097046,2.42555999755859,2.50096988677979,2.70538997650146,3.0245532067775,2.48401999473572,3.1728401184082,..
British Virgin Islands,VGB,Current health expenditure (% of GDP),SH.XPD.CHEX.GD.ZS,..,..,..,..,..,..,..,..,..,..,..,..,..,..,..
British Virgin Islands,VGB,Access to electricity (% of population),EG.ELC.ACCS.ZS,98.3,98.7,98.9,99.1,99.2,100,100,100,100,100,100,100,100,100,..
British Virgin Islands,VGB,Individuals using the Internet (% of population),IT.NET.USER.ZS,37,37.4,37.6,..,..,..,77.7014,77.7043,..,..,..,..,..,..,..
British Virgin Islands,VGB,"Life expectancy at birth, total (years)",SP.DYN.LE00.IN,76.289,76.363,76.433,76.472,76.527,76.558,76.624,75.67,76.728,76.845,76.894,75.297,77.177,77.276,..
British Virgin Islands,VGB,"School enrollment, primary (% gross)",SE.PRM.ENRR,111.455431754875,108.731808731809,104.872389791183,101.782871696912,97.7333730987176,96.3834672789897,91.9933277731443,100.15019525383,78.5891858297079,85.2448853068816,86.852207293666,92.6870177792687,73.1715698242188,87.3165618448637,72.7799911499023
British Virgin Islands,VGB,"School enrollment, secondary (% gross)",SE.SEC.ENRR,105.89769744873,98.2626469085335,97.9949874686717,96.7221135029354,96.8795709410044,99.2168379833578,98.6420950533463,88.7795275590551,65.9177456207159,71.8634001484781,73.9501779359431,75.2016129032258,72.2840270996094,70.4463994786575,75.5833129882812
British Virgin Islands,VGB,Urban population (% of total population),SP.URB.TOTL.IN.ZS,44.814,45.154,45.502,45.856,46.216,46.583,46.957,47.337,47.723,48.116,48.515,48.92,49.331,49.748,50.171
British Virgin Islands,VGB,Trade (% of GDP),NE.TRD.GNFS.ZS,..,..,..,..,..,..,..,..,..,..,..,..,..,..,..
British Virgin Islands,VGB,Gross fixed capital formation (% of GDP),NE.GDI.FTOT.ZS,..,..,..,..,..,..,..,..,..,..,..,..,..,..,..
British Virgin Islands,VGB,"Unemployment, total (% of total labor force) (modeled ILO estimate)",SL.UEM.TOTL.ZS,..,..,..,..,..,..,..,..,..,..,..,..,..,..,..
Brunei Darussalam,BRN,GDP growth (annual %),NY.GDP.MKTP.KD.ZG,2.74136433514822,3.74440638728039,0.913135324414256,-2.12478318620758,-2.50788721630481,-0.392383487933529,-2.47791776520457,1.32872651318183,0.0523710544736673,3.86884416432889,1.13357340605403,-1.59076248075436,-1.62833154022366,1.12764419161606,4.20037273472056
Brunei Darussalam,BRN,GDP per capita (current US$),NY.GDP.PCAP.CD,34937.5555174068,46382.8274456238,46968.5971144517,44003.0644293856,41026.508391054,30625.128732694,26663.2973199878,28024.3824618568,30988.1190497851,30426.5730284202,26834.3592463839,31006.9636220576,36632.9280421411,32890.5492465722,33417.8357740437
Brunei Darussalam,BRN,"Population, total",SP.POP.TOTL,392332,399389,405557,411202,416750,422212,427564,432772,437810,442680,447404,451721,455370,458949,462721
Brunei Darussalam,BRN,"Government expenditure on education, total (% of GDP)",SE.XPD.TOTL.GD.ZS,1.84384000301361,3.32213997840881,2.88964009284973,..,3.35321998596191,..,4.42539978027344,..,..,..,..,..,..,..,..
Brunei Darussalam,BRN,Current health expenditure (% of GDP),SH.XPD.CHEX.GD.ZS,2.27826095,1.86409724,1.85097206,1.898314,1.91436803,2.38708901,2.54828691,2.27022862,2.41289377,2.2277422,2.45178461,2.14642429,1.81768215,..,..
Brunei Darussalam,BRN,Access to electricity (% of population),EG.ELC.ACCS.ZS,100,100,100,100,100,100,100,100,100,100,100,100,100,100,..
Brunei Darussalam,BRN,Individuals using the Internet (% of population),IT.NET.USER.ZS,53,56,60.2731,64.5,68.77,71.2,90,94.8667,95,95,96.3055,97.6288,98.9704,99.0336,..
Brunei Darussalam,BRN,"Life expectancy at birth, total (years)",SP.DYN.LE00.IN,74.82,74.835,74.843,74.854,74.862,74.88,74.905,74.943,74.992,75.049,75.114,74.869,72.917,75.327,..
Brunei Darussalam,BRN,"School enrollment, primary (% gross)",SE.PRM.ENRR,108.70580714953,104.830894583323,103.310538143682,103.895142180095,103.847709576297,104.185794604632,105.726377387079,104.567053854277,104.179996298549,103.033008586959,102.709633966272,101.387926832397,99.134912983916,96.9292188716198,..
Brunei Darussalam,BRN,"School enrollment, secondary (% gross)",SE.SEC.ENRR,101.011688232422,102.111122131348,105.229759216309,102.392692565918,96.2848663330078,92.8161697387695,90.0986175537109,88.6814727783203,89.1818084716797,88.2910308837891,86.6857810342997,89.5956009698649,89.8513650597627,91.8381544399811,..
Brunei Darussalam,BRN,Urban population (% of total population),SP.URB.TOTL.IN.ZS,74.961,75.31,75.656,75.997,76.332,76.663,76.99,77.312,77.629,77.942,78.25,78.554,78.854,79.149,79.439
Brunei Darussalam,BRN,Trade (% of GDP),NE.TRD.GNFS.ZS,95.3715460725918,99.5379308607069,105.640902145408,110.939599579074,102.42100104727,89.8961883759738,87.3198012511704,85.1768604153529,93.8980616967955,108.50965849074,110.291003563963,147.123112408157,146.973966092536,136.863434300818,133.223218538084
Brunei Darussalam,BRN,Gross fixed capital formation (% of GDP),NE.GDI.FTOT.ZS,23.5321395964679,25.9140205226869,32.7660905410033,39.4576017582022,27.2783021279228,35.0279852425632,34.3684753143971,34.5875676892071,40.891488011761,38.5070274372027,40.3776287189775,31.0843913266792,25.6780332912181,29.425401326412,28.1598734114321
Brunei Darussalam,BRN,"Unemployment, total (% of total labor force) (modeled ILO estimate)",SL.UEM.TOTL.ZS,6.455,6.442,6.482,6.655,6.862,7.726,8.574,9.316,8.7,6.6,7.409,4.905,5.191,5.183,5.144
Bulgaria,BGR,GDP growth (annual %),NY.GDP.MKTP.KD.ZG,1.55535963462032,2.09017527015538,0.748814896796574,-0.542751603030155,0.949448985090484,3.39755325869422,3.02662893138918,2.74592644707793,2.5494643471818,3.78885036478003,-3.21573743445016,7.78061481406978,4.03877758301681,1.88681483907177,2.81082775188881
Bulgaria,BGR,GDP per capita (current US$),NY.GDP.PCAP.CD,6853.94805511171,7849.58061302818,7431.95789508871,7795.98092108928,8069.60005667684,7268.65445473873,7822.49923292968,8696.68930427924,9872.38507789106,10372.8044341114,10769.9475699414,12972.2173356002,13999.6719197289,15883.8618545581,17412.4115085691
Bulgaria,BGR,"Population, total",SP.POP.TOTL,7395599,7348328,7305888,7160005,7073572,6984225,6894139,6803468,6710798,6616726,6550696,6507301,6465097,6446596,6444366
Bulgaria,BGR,"Government expenditure on education, total (% of GDP)",SE.XPD.TOTL.GD.ZS,3.85746002197266,3.54690003395081,3.47650003433227,4.05766010284424,..,..,..,4.07755994796753,4.05202007293701,4.21429014205933,4.48297023773193,4.7092399597168,4.50109004974365,..,..
Bulgaria,BGR,Current health expenditure (% of GDP),SH.XPD.CHEX.GD.ZS,7.09477949,7.10250568,7.53903675,7.14167452,7.68306208,7.39363575,7.45975018,7.49624491,7.33192015,7.09237671,8.48235893,8.61892796,7.66357517,..,..
Bulgaria,BGR,Access to electricity (% of population),EG.ELC.ACCS.ZS,93.5,94.1,94.7,95.3,95.9,96.6,97.3,98.1,98.7,99.2,99.7,99.8,100,100,..
Bulgaria,BGR,Individuals using the Internet (% of population),IT.NET.USER.ZS,46.23,47.98,51.9,53.0615,55.4904,56.6563,59.8255,63.4101,64.782,67.947,70.1625,75.2714,79.1269,80.3896,82.439
Bulgaria,BGR,"Life expectancy at birth, total (years)",SP.DYN.LE00.IN,73.5121951219512,74.1634146341463,74.3146341463415,74.8609756097561,74.4658536585366,74.6146341463415,74.8121951219512,74.8146341463415,74.9634146341464,75.1121951219512,73.3560975609756,71.2121951219512,74.1609756097561,75.7073170731707,..
Bulgaria,BGR,"School enrollment, primary (% gross)",SE.PRM.ENRR,101.400619506836,101.120269775391,100.363082885742,98.7911834716797,99.2496109008789,99.1272201538086,98.0771636962891,97.5942993164062,96.7923202514648,96.4398803710938,96.5437622070312,95.6110992431641,95.8885192871094,95.4232177734375,..
Bulgaria,BGR,"School enrollment, secondary (% gross)",SE.SEC.ENRR,94.1819229125977,96.4361267089844,95.3903503417969,100.78581237793,104.942199707031,103.889343261719,103.003921508789,103.46102142334,104.043922424316,102.656936645508,101.354942321777,98.7087631225586,96.6720733642578,95.6239624023438,..
Bulgaria,BGR,Urban population (% of total population),SP.URB.TOTL.IN.ZS,72.302,72.638,72.975,73.313,73.651,73.99,74.329,74.669,75.008,75.347,75.686,76.025,76.363,76.701,77.037
Bulgaria,BGR,Trade (% of GDP),NE.TRD.GNFS.ZS,103.380522321192,117.41810388629,123.971322714174,129.688682986482,130.248377115245,126.73664221295,122.805514356513,129.634429048004,128.865565279241,125.029963140694,110.324081132354,121.157354617771,138.84014681798,119.668120344213,109.288840792797
Bulgaria,BGR,Gross fixed capital formation (% of GDP),NE.GDI.FTOT.ZS,22.1822267262167,20.8392514705093,21.1224402920965,21.1825324278602,21.060857904973,20.8597788137386,18.4104638518114,18.3038127443279,18.7860550907714,18.6844008083666,18.9787911416429,16.2746339833065,17.0036483658803,18.6923078106621,17.9348843460331
Bulgaria,BGR,"Unemployment, total (% of total labor force) (modeled ILO estimate)",SL.UEM.TOTL.ZS,10.279,11.26,12.27,12.941,11.424,9.143,7.575,6.164,5.211,4.23,5.125,5.267,4.268,4.319,4.104
Burkina Faso,BFA,GDP growth (annual %),NY.GDP.MKTP.KD.ZG,8.44628157707625,6.62256261306693,6.45267237953146,5.79258484509867,4.32684561452976,3.9212287937935,5.95797670754024,6.20348941121868,6.60456906812341,5.88920497068135,2.01077262406221,6.94252492572348,1.4972397409897,2.96018147384929,4.98510300625183
Burkina Faso,BFA,GDP per capita (current US$),NY.GDP.PCAP.CD,624.957252224766,725.024767725475,731.470138867833,759.762065168498,764.861675106225,630.124750752312,663.742364842886,709.091535894695,777.465618514048,764.853077774946,825.237038782475,895.535288442991,836.118304593682,882.689810086163,987.321378101867
Burkina Faso,BFA,"Population, total",SP.POP.TOTL,16176498,16661908,17172287,17695409,18229461,18777487,19334856,19894407,20438288,20961952,21478690,21995243,22509038,23025776,23548781
Burkina Faso,BFA,"Government expenditure on education, total (% of GDP)",SE.XPD.TOTL.GD.ZS,3.50222992897034,3.98515009880066,3.60315990447998,4.08343982696533,4.05329990386963,3.67008996009827,..,5.62846994400024,5.488609790802,5.45615632520251,5.21148277030166,5.24913346712028,5.29456753304241,5.32757840997187,..
Burkina Faso,BFA,Current health expenditure (% of GDP),SH.XPD.CHEX.GD.ZS,5.23958349,4.64868164,4.60267258,5.56331587,5.00027227,5.13192415,5.95486307,6.05965996,4.9995389,5.36802721,6.57714844,6.40747881,6.77182007,..,..
Burkina Faso,BFA,Access to electricity (% of population),EG.ELC.ACCS.ZS,13.1,14.8,15.1,15.4,19.2,16.2,16.6,17,14.4,17.6,18.5,19,19.5,21.7,..
Burkina Faso,BFA,Individuals using the Internet (% of population),IT.NET.USER.ZS,2.4,3,3.72503,5,6,6.55,7.14,7.79,8.5,9.27181,10.7927,12.5631,14.6238,17.0226,..
Burkina Faso,BFA,"Life expectancy at birth, total (years)",SP.DYN.LE00.IN,56.343,57.001,57.457,57.903,58.331,58.778,59.173,59.578,59.972,60.184,60.454,60.046,60.7,61.092,..
Burkina Faso,BFA,"School enrollment, primary (% gross)",SE.PRM.ENRR,76.4055299539171,79.7322151346571,81.98174251568,83.2890892862992,84.5538716285922,85.1484827713554,87.4065255935815,89.5118329042903,91.5019771306419,89.7861564043823,87.6988473437538,87.0183353617198,82.2567064320916,72.2385948607578,77.1665925504108
Burkina Faso,BFA,"School enrollment, secondary (% gross)",SE.SEC.ENRR,21.1780201888507,23.1764371916742,25.2399681000378,27.6008880705968,29.5668744354491,32.8931343608996,34.9336280775566,37.1627510802261,39.6278467471779,40.0770460332282,39.2540084845692,38.1480312365517,33.6212866168282,30.8551216331757,29.9905774531085
Burkina Faso,BFA,Urban population (% of total population),SP.URB.TOTL.IN.ZS,24.633,25.196,25.767,26.346,26.934,27.53,28.134,28.743,29.358,29.98,30.607,31.24,31.877,32.52,33.166
Burkina Faso,BFA,Trade (% of GDP),NE.TRD.GNFS.ZS,49.0732385398039,57.4972531038508,61.2386079818398,64.0358513024234,58.8235624937426,59.0891813101662,57.8931727994406,59.2687802020168,60.5956256236488,60.4086928753226,60.7397786403239,62.4203586607795,64.8438739203037,64.8223211154384,63.4283466232836
Burkina Faso,BFA,Gross fixed capital formation (% of GDP),NE.GDI.FTOT.ZS,20.1227742664708,21.1137502536834,22.1550536304438,23.4825820678442,18.6612605753847,19.147211610749,20.2451557982691,20.8835008952792,20.1522963589389,18.8401565182191,17.7568948377207,18.1079398753545,16.2902297219642,17.1786329056318,16.4956298458859
Burkina Faso,BFA,"Unemployment, total (% of total labor force) (modeled ILO estimate)",SL.UEM.TOTL.ZS,3.723,3.827,3.856,4.055,4.251,4.461,4.587,4.656,4.695,4.71,5.04,5.2,5.389,5.348,5.166
Burundi,BDI,GDP growth (annual %),NY.GDP.MKTP.KD.ZG,5.12415999439806,4.03259998844415,4.44670633111495,4.92418989834684,4.24065021402657,-3.9000000804855,-0.600000909116389,0.500001262429279,1.60993542127714,1.81256532401552,0.327156892638385,3.09999999870627,1.84899943948213,2.66553960418187,3.48923174838968
Burundi,BDI,GDP per capita (current US$),NY.GDP.PCAP.CD,216.727705301976,230.070577369084,231.688496393569,234.843045388828,250.540481111877,280.966831311923,235.286205393908,236.694472592753,224.89939239264,210.236494521532,210.008139902508,214.091455416133,250.634225368744,192.074305359351,153.930217854023
Burundi,BDI,"Population, total",SP.POP.TOTL,9376444,9717978,10071028,10439341,10799785,11047580,11239451,11506762,11859446,12255336,12617036,12965481,13321097,13689450,14047786
Burundi,BDI,"Government expenditure on education, total (% of GDP)",SE.XPD.TOTL.GD.ZS,6.77524995803833,6.31925010681152,6.16777992248535,5.99539995193481,6.78452014923096,6.37133979797363,4.69199991226196,4.76202011108398,5.07864999771118,5.34668445378401,5.32158506838731,4.87114173892375,..,..,..
Burundi,BDI,Current health expenditure (% of GDP),SH.XPD.CHEX.GD.ZS,11.28196716,10.06996346,8.63756466,8.62834644,7.21081543,6.29022646,7.06148243,6.95275736,7.29396152,9.05010796,10.71837234,8.99484253,8.39522648,..,..
Burundi,BDI,Access to electricity (% of population),EG.ELC.ACCS.ZS,5.3,6.2,6.5,6.9,7,7.9,8.5,9.3,9.5,9.8,9.1,10.2,10.3,11.6,..
Burundi,BDI,Individuals using the Internet (% of population),IT.NET.USER.ZS,1,1.11,1.22,1.26422,1.04239,2,2.2,2.66075,4,6.1,9.17302,10.9847,11.0009,11.0784,..
Burundi,BDI,"Life expectancy at birth, total (years)",SP.DYN.LE00.IN,57.088,57.804,58.501,59.179,59.764,60.107,60.789,61.345,61.806,62.18,62.569,62.101,62.882,63.651,..
Burundi,BDI,"School enrollment, primary (% gross)",SE.PRM.ENRR,135.159734772168,135.992222159155,131.357142093473,126.110240344608,121.424109579602,116.228128078144,112.482124155559,107.55418011941,104.256445289133,101.506122486696,101.661087301601,..,..,..,..
Burundi,BDI,"School enrollment, secondary (% gross)",SE.SEC.ENRR,23.7647094726562,26.7943801879883,29.5732898712158,34.2124507321275,40.2641258748146,43.9351929825496,47.4715342848197,48.2243487332289,46.330394174756,41.8352417514484,44.9151717353101,..,..,..,..
Burundi,BDI,Urban population (% of total population),SP.URB.TOTL.IN.ZS,10.642,10.915,11.194,11.482,11.776,12.078,12.388,12.706,13.032,13.366,13.708,14.058,14.417,14.784,15.16
Burundi,BDI,Trade (% of GDP),NE.TRD.GNFS.ZS,39.5000053977394,43.0000028373483,43.7053731916201,46.6040790867655,42.995025805263,22.8382834157721,23.0437252570449,22.2402931011977,26.5997024647774,29.0262099997889,26.773329999595,28.8186599995439,28.315320358729,29.7369723066251,..
Burundi,BDI,Gross fixed capital formation (% of GDP),NE.GDI.FTOT.ZS,16.4603823918543,15.4457474178357,14.8381660783075,13.4326293891809,14.4030572050316,12.3260823851887,9.40365126224679,8.98405452767404,11.1034401240377,14.1287099994742,11.4459700001998,13.1126099996135,13.3868708157686,13.0504473857888,..
Burundi,BDI,"Unemployment, total (% of total labor force) (modeled ILO estimate)",SL.UEM.TOTL.ZS,1.616,1.602,1.593,1.584,1.572,1.442,1.347,1.247,1.146,1.043,1.03,1.118,0.915,0.921,0.902
Cabo Verde,CPV,GDP growth (annual %),NY.GDP.MKTP.KD.ZG,1.83641914989978,3.92471821338283,1.08364848376166,0.632136727385131,0.696666840118581,0.936026507808833,4.28071482662371,4.5513148102974,3.70696458310842,6.94782634051859,-20.8052758990735,7.03353010694514,15.843675684642,5.3911442736601,7.27188147204411
Cabo Verde,CPV,GDP per capita (current US$),NY.GDP.PCAP.CD,3579.46006137809,4002.01386888785,3736.81517011087,3960.97596791345,3985.60706548134,3415.06266730931,3608.96605234906,3893.09571382506,4294.96510035729,4380.78117331128,3539.22661248299,3971.44409203423,4323.31362032709,4861.29184126229,5272.85253011419
Cabo Verde,CPV,"Population, total",SP.POP.TOTL,509784,511447,511955,512225,512326,512394,512554,512893,513415,514104,514679,516649,519741,522331,524877
Cabo Verde,CPV,"Government expenditure on education, total (% of GDP)",SE.XPD.TOTL.GD.ZS,5.07658004760742,4.59784984588623,5.39769575795208,4.5615701675415,4.52134990692139,4.80622005462646,4.75475978851318,4.59278011322021,4.78792270184537,4.16529989242554,7.09400702406662,6.15490303089284,4.7252554800722,4.3482854136693,..
Cabo Verde,CPV,Current health expenditure (% of GDP),SH.XPD.CHEX.GD.ZS,4.08108234,3.92477369,4.6740551,4.82468271,4.85231543,4.40073681,4.36134005,4.74573231,4.76032305,4.47111464,6.63319778,7.316607,6.67440224,..,..
Cabo Verde,CPV,Access to electricity (% of population),EG.ELC.ACCS.ZS,81.1,82.3,83.2,84.3,85.3,86.4,87.5,88.6,90.2,91.4,93.7,95.5,97.1,98.6,..
Cabo Verde,CPV,Individuals using the Internet (% of population),IT.NET.USER.ZS,30,32,34.74,37.5,40.26,42.683,50.3228,57.1621,59.5,61.9434,69.3734,70.2825,72.7601,73.539,..
Cabo Verde,CPV,"Life expectancy at birth, total (years)",SP.DYN.LE00.IN,72.507,72.913,73.315,73.481,73.788,74.096,74.35,74.71,74.84,75.449,73.818,74.424,75.907,76.059,..
Cabo Verde,CPV,"School enrollment, primary (% gross)",SE.PRM.ENRR,107.555528675325,107.478306845395,108.38813689184,108.020740500689,107.53603339203,105.850444928795,104.433854930994,104.154022187951,105.84560911247,105.208665983159,103.42828248778,103.025970530848,102.973013922324,..,..
Cabo Verde,CPV,"School enrollment, secondary (% gross)",SE.SEC.ENRR,83.5471330073283,86.7000153273789,89.9634082592786,94.7526092529297,93.6074664791524,96.6012286324786,98.2528458088996,99.462782259485,94.8972015380859,95.2902285572104,98.3093023666237,97.0059250429478,96.4315940376876,..,..
Cabo Verde,CPV,Urban population (% of total population),SP.URB.TOTL.IN.ZS,61.821,62.322,62.821,63.317,63.81,64.3,64.784,65.261,65.732,66.195,66.652,67.102,67.545,67.982,68.412
Cabo Verde,CPV,Trade (% of GDP),NE.TRD.GNFS.ZS,85.5484498816191,90.5564501122747,90.649916554117,86.1698600308418,91.3038524117221,94.0084870167993,95.3781398609533,100.052133904219,105.867524052105,103.602656463726,78.3934545931901,77.4550586265341,96.9941368513357,94.5799055047758,95.0947951215449
Cabo Verde,CPV,Gross fixed capital formation (% of GDP),NE.GDI.FTOT.ZS,..,..,..,..,..,..,..,..,..,..,..,..,..,..,..
Cabo Verde,CPV,"Unemployment, total (% of total labor force) (modeled ILO estimate)",SL.UEM.TOTL.ZS,10.67,10.948,11.142,11.392,11.674,11.907,12.077,12.24,12.17,12.128,14.69,13.976,12.246,11.971,11.878
Cambodia,KHM,GDP growth (annual %),NY.GDP.MKTP.KD.ZG,5.07691843229247,7.28665813879552,7.65025657870362,7.8574997554252,8.00032074618566,7.20703472529512,7.90550116130704,8.07503915535979,8.77622376224463,7.93695013588524,-3.55572193406549,3.08984284151994,5.12990110767267,5.00733043812642,6.01581457354608
Cambodia,KHM,GDP per capita (current US$),NY.GDP.PCAP.CD,952.274616324008,1088.98152823081,1192.80263041673,1305.6600972686,1431.56396469993,1547.32010444393,1675.19555711109,1826.35391688754,2036.67377566578,2225.87705485686,2081.73914242939,2167.40324198499,2325.03050040841,2429.74853452838,2627.8796974226
Cambodia,KHM,"Population, total",SP.POP.TOTL,14500726,14722584,14945085,15170208,15396772,15623251,15852803,16073372,16274522,16481304,16725474,16974305,17201724,17423880,17638801
Cambodia,KHM,"Government expenditure on education, total (% of GDP)",SE.XPD.TOTL.GD.ZS,1.24872994422913,1.20887994766235,1.23062002658844,1.57648003101349,1.44690001010895,..,..,..,1.60336995124817,2.13345387893978,2.2476462495972,1.96232691812756,1.95793279576416,2.1809128340295,..
Cambodia,KHM,Current health expenditure (% of GDP),SH.XPD.CHEX.GD.ZS,5.62713194,6.00443649,5.72469473,5.46154881,5.07833052,4.62506533,4.49053288,4.26933241,4.49707794,5.05801058,5.28458023,5.51976061,4.71089554,..,..
Cambodia,KHM,Access to electricity (% of population),EG.ELC.ACCS.ZS,31.1,37.4,42.3,50.9,56.1,62.7,68.8,89.1,80.7,84,86.4,82.5,92.3,95,..
Cambodia,KHM,Individuals using the Internet (% of population),IT.NET.USER.ZS,1.26,3.1,4.94,6,14,6.43319,32.3985,32.9003,..,52.3059,53.6508,57.9592,59.6606,60.7171,..
Cambodia,KHM,"Life expectancy at birth, total (years)",SP.DYN.LE00.IN,67.311,67.869,68.371,68.755,69.117,69.398,69.635,69.842,69.993,70.127,70.059,69.301,70.528,70.668,..
Cambodia,KHM,"School enrollment, primary (% gross)",SE.PRM.ENRR,123.357803344727,118.762440557356,115.41843697639,115.808136523857,108.942219609284,103.759672683505,101.734266788056,100.69503505776,99.6739108443274,100.480819545412,107.021018981934,105.282475574163,106.331544381276,107.039014463223,108.971332849667
Cambodia,KHM,"School enrollment, secondary (% gross)",SE.SEC.ENRR,..,..,..,..,..,..,..,48.9424458707368,50.199099715459,49.7344518908574,51.8196983337402,54.2809323078227,55.1346812645406,56.7864734981041,58.7893230437643
Cambodia,KHM,Urban population (% of total population),SP.URB.TOTL.IN.ZS,20.294,20.663,21.037,21.415,21.799,22.188,22.582,22.98,23.388,23.805,24.232,24.668,25.114,25.57,26.035
Cambodia,KHM,Trade (% of GDP),NE.TRD.GNFS.ZS,109.998400607758,109.790505166814,116.740233418212,124.887552768657,124.454908526693,122.109596815379,122.704555602667,121.155451298689,118.43765541305,115.736679072448,122.105396346568,146.179846509715,145.873632761406,134.206842395931,143.447009703011
Cambodia,KHM,Gross fixed capital formation (% of GDP),NE.GDI.FTOT.ZS,21.28662800802,21.3854992854878,23.6749074349425,25.9001429708567,29.1148422384552,29.0092205221484,29.5113482528819,29.7794487571952,29.9831800685541,30.6598378372886,30.6318860127836,29.7406881932399,33.9832177454123,32.6793804081383,31.5853497927725
Cambodia,KHM,"Unemployment, total (% of total labor force) (modeled ILO estimate)",SL.UEM.TOTL.ZS,0.771,0.577,0.496,0.438,0.692,0.393,0.716,0.141,0.13,0.119,0.172,0.396,0.231,0.225,0.27
Cameroon,CMR,GDP growth (annual %),NY.GDP.MKTP.KD.ZG,2.89902472122014,3.37921128506045,4.62597872209571,4.99552916130783,5.71981814509198,5.66695298703932,4.53579423678801,3.54117654926007,3.95551423892049,3.47505998194981,0.259932915907115,3.33885747179505,3.7367840056412,3.24834497823876,3.67074284680984
Cameroon,CMR,GDP per capita (current US$),NY.GDP.PCAP.CD,1398.58702025047,1513.96056994878,1449.09874362279,1575.92882118897,1649.4433905949,1415.00009710569,1441.7201725688,1496.08951771242,1610.69641591017,1555.22660476477,1555.60370660749,1672.32657340872,1604.87726954895,1736.86091073524,1762.3683508844
Cameroon,CMR,"Population, total",SP.POP.TOTL,19668066,20232304,20809529,21402376,22059893,22763414,23454161,24128601,24806383,25506095,26210558,26915758,27632771,28372687,29123744
Cameroon,CMR,"Government expenditure on education, total (% of GDP)",SE.XPD.TOTL.GD.ZS,2.84803009033203,2.65336990356445,2.60306000709534,2.6554799079895,2.58396005630493,2.65791988372803,2.56234002113342,3.05962991714477,3.03096008300781,3.0473994932468,3.10390139858492,2.8493076272306,2.65952378267367,2.83907623667935,..
Cameroon,CMR,Current health expenditure (% of GDP),SH.XPD.CHEX.GD.ZS,3.57742167,3.85282946,3.9310236,3.63136435,4.34148788,4.12600517,4.02253723,3.79293942,3.61970162,3.65157914,4.25051928,4.30539274,4.47835922,..,..
Cameroon,CMR,Access to electricity (% of population),EG.ELC.ACCS.ZS,52.8,53.7,55.2,56.3,56.8,58.6,59.8,60.9,62.2,63.2,64.3,65.4,71,72,..
Cameroon,CMR,Individuals using the Internet (% of population),IT.NET.USER.ZS,4.3,5,7.5,10,16.2149,18.3,20.6,23.203,29.7,36.5392,41.2264,42.0405,41.775,41.9088,..
Cameroon,CMR,"Life expectancy at birth, total (years)",SP.DYN.LE00.IN,56.965,57.482,58.17,58.73,59.13,59.687,60.293,60.817,61.189,61.695,61.674,61.146,62.443,63.7,..
Cameroon,CMR,"School enrollment, primary (% gross)",SE.PRM.ENRR,111.23470536902,110.019145783217,114.354228488521,..,115.30420057953,117.753568320161,117.173043298412,111.221389894314,104.334202125375,106.75480128827,..,110.107790367283,112.494636113484,114.424832636759,114.407278765947
Cameroon,CMR,"School enrollment, secondary (% gross)",SE.SEC.ENRR,..,49.8732461065506,53.102088720007,54.9012784916851,59.1253563645436,60.4960883608074,61.4037045147156,..,..,..,..,45.5255767078224,45.6066724321371,44.840795775403,..
Cameroon,CMR,Urban population (% of total population),SP.URB.TOTL.IN.ZS,51.559,52.164,52.769,53.373,53.976,54.578,55.179,55.777,56.374,56.968,57.56,58.148,58.733,59.315,59.892
Cameroon,CMR,Trade (% of GDP),NE.TRD.GNFS.ZS,47.2385853965951,51.521987603918,50.0360127271229,49.6745363462134,50.8323893087648,45.5401468279393,40.6386315268268,39.1990216052629,40.587602877028,43.3785132480415,33.7388313623871,36.7308347188558,41.2866025594679,37.2177281759971,35.8861753693207
Cameroon,CMR,Gross fixed capital formation (% of GDP),NE.GDI.FTOT.ZS,18.5258358699339,18.9348906367022,18.1966579785064,18.3935437647231,19.436913998152,18.6117816287166,19.4576148812245,19.2961406888504,19.5500413474034,19.088506793809,18.1922991522213,18.1895394723663,18.8160653604222,19.1282442441639,21.3794114234771
Cameroon,CMR,"Unemployment, total (% of total labor force) (modeled ILO estimate)",SL.UEM.TOTL.ZS,4.11,3.987,3.835,3.685,3.534,3.518,3.528,3.568,3.601,3.622,3.87,3.973,3.653,3.613,3.518
Canada,CAN,GDP growth (annual %),NY.GDP.MKTP.KD.ZG,3.09080634469335,3.13719442170364,1.75566129145483,2.32581354806429,2.87346677785811,0.649971001734855,1.03855092490855,3.03383491200222,2.74296344906655,1.90843194590616,-5.03823343468899,5.95052802804381,4.18903628100851,1.52874550838358,1.5280811085284
Canada,CAN,GDP per capita (current US$),NY.GDP.PCAP.CD,47560.6666009406,52223.8588398531,52670.3447335415,52638.1187235237,50960.8431174661,43594.1941045394,42314.0615817218,45129.628116623,46539.1761570405,46352.8693445211,43537.839298904,52886.6616372703,56256.8007264015,54220.3285039875,54282.6176051733
Canada,CAN,"Population, total",SP.POP.TOTL,34005902,34339221,34713395,35080992,35434066,35704498,36110803,36545075,37072620,37618495,38028638,38239864,38935934,40083484,41288599
Canada,CAN,"Government expenditure on education, total (% of GDP)",SE.XPD.TOTL.GD.ZS,5.356369972229,5.26205015182495,..,4.5890097618103,4.84358978271484,4.7393798828125,4.81642007827759,4.95996999740601,4.8889799118042,4.77293014526367,4.88794994354248,4.74860000610352,4.88021993637085,..,..
Canada,CAN,Current health expenditure (% of GDP),SH.XPD.CHEX.GD.ZS,10.70405102,10.40832329,10.54460621,10.43964291,10.28526115,10.76850224,11.06097317,10.93421078,10.94313335,11.05897045,13.02419472,12.41920948,11.23432541,11.22370815,..
Canada,CAN,Access to electricity (% of population),EG.ELC.ACCS.ZS,100,100,100,100,100,100,100,100,100,100,100,100,100,100,..
Canada,CAN,Individuals using the Internet (% of population),IT.NET.USER.ZS,80.3,83,83,85.8,87.12,90,91.16,92.7014,94.64,91.9129,92.3,93.9371,94,93.9564,..
Canada,CAN,"Life expectancy at birth, total (years)",SP.DYN.LE00.IN,81.3221951219512,81.4826829268293,81.6636585365854,81.7448780487805,81.7843902439025,81.8258536585366,81.94,81.8129268292683,81.8087804878049,82.1636585365854,81.5351219512195,81.5168292682927,81.2453658536585,81.6465853658537,..
Canada,CAN,"School enrollment, primary (% gross)",SE.PRM.ENRR,99.1343688964844,98.5625991821289,99.4907531738281,99.3867797851562,99.5252914428711,99.8602600097656,98.5500411987305,98.6322402954102,98.6617813110352,97.1875534057617,96.9089736938477,95.229621887207,94.7449798583984,94.9523391723633,..
Canada,CAN,"School enrollment, secondary (% gross)",SE.SEC.ENRR,102.510261535645,102.823951721191,110.873832702637,111.407608032227,111.68155670166,111.737281799316,111.607330322266,111.974517822266,111.833679199219,110.980072021484,109.628059387207,108.337341308594,107.479377746582,104.287643432617,..
Canada,CAN,Urban population (% of total population),SP.URB.TOTL.IN.ZS,80.937,81.096,81.137,81.178,81.218,81.259,81.3,81.35,81.411,81.482,81.562,81.653,81.752,81.862,81.98
Canada,CAN,Trade (% of GDP),NE.TRD.GNFS.ZS,60.2081215044483,62.4987387708328,62.5955489395005,62.2310749013405,64.3786621564923,66.1649020669781,65.3636845215556,65.1010608504649,66.5998858508762,66.1714852804959,61.1567709632763,62.2468367159421,67.3176215563989,66.6323313370668,65.1790339912717
Canada,CAN,Gross fixed capital formation (% of GDP),NE.GDI.FTOT.ZS,23.4612369646456,23.5104953995433,24.4941864760659,24.1872120842224,24.3893293738975,23.8505819310485,22.7723764559748,22.6963325471202,22.676090231483,22.579977290439,23.1842365277416,23.789323664906,22.9501146990116,22.8530818287483,22.6610758526491
Canada,CAN,"Unemployment, total (% of total labor force) (modeled ILO estimate)",SL.UEM.TOTL.ZS,8.178,7.637,7.392,7.143,7.023,6.945,7.038,6.426,5.837,5.69,9.657,7.527,5.279,5.415,6.45
Cayman Islands,CYM,GDP growth (annual %),NY.GDP.MKTP.KD.ZG,-2.71563526217577,1.16906219839106,1.22975365701149,1.27933101999021,2.65452798451271,2.8331222262961,3.23997433895669,3.18404592334522,4.26726745249641,3.91563534249416,-4.95480640759244,4.90492941270442,5.15632954248333,4.35967595700366,..
Cayman Islands,CYM,GDP per capita (current US$),NY.GDP.PCAP.CD,76837.6699636672,75280.960764889,75101.59136128,75113.7332398618,75845.3060407986,76379.2095108681,77802.2541567187,80053.9444506891,83865.5531568184,88254.2903677044,82338.7982853661,86438.445257404,92202.1478031576,97749.5078960846,..
Cayman Islands,CYM,"Population, total",SP.POP.TOTL,54099,55606,57136,58655,60160,61642,63100,64535,65941,67327,68684,70108,71591,73038,74457
Cayman Islands,CYM,"Government expenditure on education, total (% of GDP)",SE.XPD.TOTL.GD.ZS,..,..,..,..,..,..,..,..,2.16376945997106,1.13670003414154,1.45542001724243,1.31253004074097,1.48894000053406,1.57024002075195,..
Cayman Islands,CYM,Current health expenditure (% of GDP),SH.XPD.CHEX.GD.ZS,..,..,..,..,..,..,..,..,..,..,..,..,..,..,..
Cayman Islands,CYM,Access to electricity (% of population),EG.ELC.ACCS.ZS,100,100,100,100,100,100,100,100,100,100,100,100,100,100,..
Cayman Islands,CYM,Individuals using the Internet (% of population),IT.NET.USER.ZS,66,69.4659,69.7,71.4,74.1,77,79,81.0677,..,..,..,..,..,..,..
Cayman Islands,CYM,"Life expectancy at birth, total (years)",SP.DYN.LE00.IN,76.069,76.562,77.121,77.652,77.865,78.119,78.367,78.615,78.835,79.052,79.23,79.3,79.984,80.358,..
Cayman Islands,CYM,"School enrollment, primary (% gross)",SE.PRM.ENRR,..,103.911342894394,103.277848911652,98.6759930052461,..,..,..,..,92.0753908759906,94.3210930828352,97.6523799267715,95.4784899034241,98.3856700574967,101.441241685144,95.7366909653192
Cayman Islands,CYM,"School enrollment, secondary (% gross)",SE.SEC.ENRR,..,92.3470839260313,89.14686825054,88.6417168280555,..,..,..,..,89.0140845070423,88.1225128173828,84.0909118652344,85.4616444648599,85.6012268066406,86.0370923044127,84.7603098178773
Cayman Islands,CYM,Urban population (% of total population),SP.URB.TOTL.IN.ZS,100,100,100,100,100,100,100,100,100,100,100,100,100,100,100
Cayman Islands,CYM,Trade (% of GDP),NE.TRD.GNFS.ZS,..,..,..,..,..,..,..,117.436583687346,117.117123372744,114.838539695171,105.472789465325,..,..,..,..
Cayman Islands,CYM,Gross fixed capital formation (% of GDP),NE.GDI.FTOT.ZS,..,..,..,..,..,..,..,..,..,..,..,..,..,..,..
Cayman Islands,CYM,"Unemployment, total (% of total labor force) (modeled ILO estimate)",SL.UEM.TOTL.ZS,..,..,..,..,..,..,..,..,..,..,..,..,..,..,..
Central African Republic,CAF,GDP growth (annual %),NY.GDP.MKTP.KD.ZG,4.63081843223307,4.19461533741989,5.05376125356918,-36.3919770983887,0.0810705153264877,4.33712103020231,4.75031684122342,4.52727821346231,3.78944359275462,3.09999999999999,0.899999996857062,0.982919996264229,0.453901881507008,0.69996838992121,1.53963247482849
Central African Republic,CAF,GDP per capita (current US$),NY.GDP.PCAP.CD,476.873786950728,534.057281471636,544.395849142785,364.36696260838,409.8504859647,366.322853938121,387.176203444318,432.324025684263,455.243962859534,449.228467602439,462.879071294011,492.263142830507,467.359825026238,495.978897288721,516.170424537757
Central African Republic,CAF,"Population, total",SP.POP.TOTL,4492995,4565021,4610848,4642419,4623182,4629320,4713663,4793511,4878657,4944703,5026628,5112100,5098039,5152421,5330690
Central African Republic,CAF,"Government expenditure on education, total (% of GDP)",SE.XPD.TOTL.GD.ZS,1.11760997772217,1.10792005062103,1.98034724839473,2.63821423826355,2.22015331698693,1.9102285875012,1.75408898250234,1.75365013911465,1.56587596817535,1.76792074637361,2.14468061163977,1.8725169173301,2.11509129476365,1.82995911310419,..
Central African Republic,CAF,Current health expenditure (% of GDP),SH.XPD.CHEX.GD.ZS,3.56699872,3.67561865,3.91814446,4.76660204,4.56557369,5.03434181,5.44402313,6.66541576,10.99526691,7.76140118,8.98555374,9.15270615,9.95509052,..,..
Central African Republic,CAF,Access to electricity (% of population),EG.ELC.ACCS.ZS,9.8,10.4,11,11.5,12,12.7,13.4,14.1,14.6,14.3,15.4,15.7,15.7,17.6,..
Central African Republic,CAF,Individuals using the Internet (% of population),IT.NET.USER.ZS,2,2.2,2.4,2.5,2.7,2.9,3.1,4,5.1,7.50916,..,..,..,..,..
Central African Republic,CAF,"Life expectancy at birth, total (years)",SP.DYN.LE00.IN,46.871,50.107,51.336,49.487,40.265,51.934,50.999,45.231,52.297,31.53,50.596,40.279,18.818,57.408,..
Central African Republic,CAF,"School enrollment, primary (% gross)",SE.PRM.ENRR,81.2789535522461,81.3504028320312,81.9315032958984,..,..,..,96.8125991821289,..,..,..,..,..,..,..,..
Central African Republic,CAF,"School enrollment, secondary (% gross)",SE.SEC.ENRR,..,15.9189596176147,15.6197595596313,..,..,..,13.9465503692627,15.8074398040772,..,..,..,..,..,..,..
Central African Republic,CAF,Urban population (% of total population),SP.URB.TOTL.IN.ZS,38.904,39.135,39.388,39.663,39.959,40.277,40.618,40.98,41.364,41.77,42.198,42.648,43.12,43.614,44.13
Central African Republic,CAF,Trade (% of GDP),NE.TRD.GNFS.ZS,34.4304819543042,34.4756183327299,33.0594485943314,38.3992875721315,53.0950920179825,53.1451477769621,50.53064402191,57.1435457117119,49.6602000024318,50.0658000014868,49.5210200011921,44.159119995104,45.23357000162,43.480570208358,47.8232232360039
Central African Republic,CAF,Gross fixed capital formation (% of GDP),NE.GDI.FTOT.ZS,16.1364232338687,13.4133986017882,10.7696005106273,6.34984852529107,21.1559057609307,20.5727753662507,20.8776384260612,24.2380273309599,16.3979800021887,14.3881299969725,18.2987700027516,15.7230599997852,14.9322699985163,14.5948464881829,15.4089633636494
Central African Republic,CAF,"Unemployment, total (% of total labor force) (modeled ILO estimate)",SL.UEM.TOTL.ZS,5.291,5.281,5.243,5.243,5.326,5.477,5.491,5.534,5.517,5.607,6.196,6.375,5.956,5.877,5.899
Chad,TCD,GDP growth (annual %),NY.GDP.MKTP.KD.ZG,13.7943889290963,4.55359039963335,9.05268025089401,2.80735188711816,2.06298097115769,3.31088567417588,-4.12992837205852,-1.62799367083434,5.74111580758154,5.38865646919793,-0.408894363255357,0.29397916326441,12.8966164300082,4.11745179201004,3.65445110463405
Chad,TCD,GDP per capita (current US$),NY.GDP.PCAP.CD,1141.80069268412,1308.1421872538,1354.34344701937,1304.88742971475,1278.78981422494,993.990730610869,861.831767630746,854.46120040098,948.656629871231,893.336441643325,866.947814890409,946.358500208374,966.036468278568,989.058528968588,1016.08880662712
Chad,TCD,"Population, total",SP.POP.TOTL,12312575,12754997,13210998,13691079,14188678,14647621,15114655,15622759,16156531,16685223,17224679,17828273,18455316,19319064,20299123
Chad,TCD,"Government expenditure on education, total (% of GDP)",SE.XPD.TOTL.GD.ZS,1.98194003105164,2.25789999961853,2.20615005493164,2.85070991516113,2.32031229563021,2.34283149521162,2.38847586229946,2.45481991767883,2.25947501392013,2.37245795383591,2.73960390423748,2.8881299495697,2.6016118897064,3.20149725837724,..
Chad,TCD,Current health expenditure (% of GDP),SH.XPD.CHEX.GD.ZS,3.04079008,2.93420601,2.9589653,3.1230278,3.28550839,3.41504669,3.60402751,3.51023412,3.2893219,3.38253808,4.4533143,4.17851543,4.52549791,..,..
Chad,TCD,Access to electricity (% of population),EG.ELC.ACCS.ZS,6.4,9,7.8,8.1,8.4,7.7,9.2,10.9,10.1,8.4,10.9,11.3,11.7,12,..
Chad,TCD,Individuals using the Internet (% of population),IT.NET.USER.ZS,1.7,1.9,2.1,2.5,2.9,3.5,5.8,6.4,7,7.6,8.34311,13.1283,12.4865,13.1832,..
Chad,TCD,"Life expectancy at birth, total (years)",SP.DYN.LE00.IN,50.107,50.426,50.765,51.051,51.141,51.32,51.603,51.875,52.447,52.993,53.082,53.136,54.528,55.069,..
Chad,TCD,"School enrollment, primary (% gross)",SE.PRM.ENRR,80.9052801607022,87.1710523342165,90.9022846027358,97.5346820035218,98.3155212402344,87.9123364402014,82.5545773262248,74.213606832584,84.3438820337693,83.264215851602,..,86.1454303891421,87.0347316780628,88.3436578594334,88.464521953345
Chad,TCD,"School enrollment, secondary (% gross)",SE.SEC.ENRR,22.369271805704,22.8224817551818,22.1087903431339,24.5326035474767,22.8485794067383,22.2454248795188,22.530490847167,20.5855678473561,20.0021180694774,20.192877474143,..,23.1541767734797,..,24.1941648001316,23.49298947746
Chad,TCD,Urban population (% of total population),SP.URB.TOTL.IN.ZS,21.985,22.054,22.142,22.248,22.372,22.515,22.677,22.858,23.059,23.279,23.52,23.781,24.063,24.366,24.691
Chad,TCD,Trade (% of GDP),NE.TRD.GNFS.ZS,63.7311691270791,57.5437561870898,54.3851887421013,51.5308164549816,40.8116269859319,48.5114982079885,43.9580149331537,43.2900613852468,46.7384317860183,46.6777247152768,40.6428170621932,43.9465041015895,47.9883784319429,46.9484531153786,45.3626298213627
Chad,TCD,Gross fixed capital formation (% of GDP),NE.GDI.FTOT.ZS,22.2724742978321,23.347597439763,22.9050114032238,25.540516356594,24.8559283651473,22.2576244315119,16.0701130463914,15.2004119098293,17.3526851073987,20.2129960620874,18.2437176613322,16.3727111362785,14.5278019693895,14.8903061305335,14.3938032776625
Chad,TCD,"Unemployment, total (% of total labor force) (modeled ILO estimate)",SL.UEM.TOTL.ZS,0.878,0.905,0.9,0.948,0.933,0.974,1.047,1.116,1.135,1.084,1.707,1.548,1.096,1.074,1.088
Channel Islands,CHI,GDP growth (annual %),NY.GDP.MKTP.KD.ZG,-3.60663231572742,1.12504310895372,-5.75366122139113,0.493931120528785,2.42710178482311,0.374367083829384,1.21302407657195,1.80648131383585,1.1222435658518,1.57335596156342,-8.89677926591959,9.93680136985076,5.34196140375869,3.71500590367266,..
Channel Islands,CHI,GDP per capita (current US$),NY.GDP.PCAP.CD,56121.6387322912,60419.2321641296,58813.9364818794,59304.850854272,64700.7423916131,61852.0735568957,55950.1482938989,55806.5708942966,60783.3529257544,60568.108347955,56785.9402005039,66912.1753241171,67627.3084478235,74589.1381155014,..
Channel Islands,CHI,"Population, total",SP.POP.TOTL,158621,159706,160767,161777,162726,163454,163883,164319,164949,165639,166235,166741,167215,167691,168126
Channel Islands,CHI,"Government expenditure on education, total (% of GDP)",SE.XPD.TOTL.GD.ZS,..,..,..,..,..,..,..,..,..,..,..,..,..,..,..
Channel Islands,CHI,Current health expenditure (% of GDP),SH.XPD.CHEX.GD.ZS,..,..,..,..,..,..,..,..,..,..,..,..,..,..,..
Channel Islands,CHI,Access to electricity (% of population),EG.ELC.ACCS.ZS,100,100,100,100,100,100,100,100,100,100,100,100,100,100,..
Channel Islands,CHI,Individuals using the Internet (% of population),IT.NET.USER.ZS,..,..,..,..,..,..,..,..,..,..,..,..,..,..,..
Channel Islands,CHI,"Life expectancy at birth, total (years)",SP.DYN.LE00.IN,81.2,81.4,81.3,81.5,81.6,81.4,81.2,81,81.1,81.2,80.9,80.3,81,81.1,..
Channel Islands,CHI,"School enrollment, primary (% gross)",SE.PRM.ENRR,..,..,..,..,..,..,..,..,..,..,..,..,..,..,..
Channel Islands,CHI,"School enrollment, secondary (% gross)",SE.SEC.ENRR,..,..,..,..,..,..,..,..,..,..,..,..,..,..,..
Channel Islands,CHI,Urban population (% of total population),SP.URB.TOTL.IN.ZS,31.054,31.091,31.059,31.027,30.995,30.962,30.93,30.914,30.914,30.931,30.963,31.012,31.077,31.159,31.257
Channel Islands,CHI,Trade (% of GDP),NE.TRD.GNFS.ZS,..,..,..,..,..,..,..,..,..,..,..,..,..,..,..
Channel Islands,CHI,Gross fixed capital formation (% of GDP),NE.GDI.FTOT.ZS,..,..,..,..,..,..,..,..,..,..,..,..,..,..,..
Channel Islands,CHI,"Unemployment, total (% of total labor force) (modeled ILO estimate)",SL.UEM.TOTL.ZS,7.225,7.457,8.264,8.82,8.571,8.178,7.715,7.12,6.571,6.408,6.863,6.875,6.147,6.187,6.256
Chile,CHL,GDP growth (annual %),NY.GDP.MKTP.KD.ZG,5.85165102224047,6.22389678509138,6.15534001855494,3.30850824710085,1.79264947139259,2.15194249981184,1.753038749071,1.35769537343957,3.99002947789977,0.634367533828438,-6.14347479224092,11.3149204879049,2.15399356192458,0.521367977246825,2.64431154871538
Chile,CHL,GDP per capita (current US$),NY.GDP.PCAP.CD,12632.8704724192,14487.3927832032,15241.9069981119,15683.5486369155,14529.6767206336,13433.9202987032,13649.8520452803,14879.9086227187,15659.4808675628,14495.716721687,13114.815470545,16206.8325493421,15405.6165774073,17067.0364799154,16709.8893972307
Chile,CHL,"Population, total",SP.POP.TOTL,17181464,17351816,17519119,17687006,17864195,18047625,18267221,18558868,18893191,19197744,19370624,19456334,19553036,19658835,19764771
Chile,CHL,"Government expenditure on education, total (% of GDP)",SE.XPD.TOTL.GD.ZS,4.18953990936279,4.0617299079895,..,4.54814004898071,4.75167989730835,4.90390014648438,5.3664698600769,5.43278980255127,5.473060131073,5.62630987167358,5.62993001937866,4.99923992156982,4.89753007888794,..,..
Chile,CHL,Current health expenditure (% of GDP),SH.XPD.CHEX.GD.ZS,6.81958389,6.79947519,7.01951265,7.47552681,7.84150171,8.3513937,8.55767059,9.090518,9.15040398,9.29919815,9.68910599,9.68593311,10.06172848,10.09532642,..
Chile,CHL,Access to electricity (% of population),EG.ELC.ACCS.ZS,99.5,99.6,100,99.6,100,99.7,100,99.7,100,100,100,100,100,100,..
Chile,CHL,Individuals using the Internet (% of population),IT.NET.USER.ZS,45,52.2496,55.05,58,61.11,76.6296,83.5586,82.3275,84.9,85.0176,87.4593,90.2328,93.5377,94.4574,..
Chile,CHL,"Life expectancy at birth, total (years)",SP.DYN.LE00.IN,79.095,79.236,79.221,79.551,79.714,80.008,80.295,80.61,80.559,80.324,79.349,78.876,79.176,81.167,..
Chile,CHL,"School enrollment, primary (% gross)",SE.PRM.ENRR,103.219367980957,103.170486450195,103.369781494141,102.084899902344,101.930870056152,101.712509155273,101.585189819336,101.396278381348,101.538017272949,101.193206787109,99.7043991088867,99.3652267456055,100.192268371582,100.318382263184,..
Chile,CHL,"School enrollment, secondary (% gross)",SE.SEC.ENRR,90.99951171875,90.9826202392578,89.5031433105469,99.1520767211914,99.8654403686523,100.921676635742,101.488136291504,102.294822692871,103.173049926758,104.405769348145,103.691688537598,106.673522949219,106.068328857422,105.83097076416,..
Chile,CHL,Urban population (% of total population),SP.URB.TOTL.IN.ZS,87.074,87.132,87.189,87.246,87.303,87.36,87.422,87.49,87.564,87.643,87.727,87.817,87.912,88.012,88.116
Chile,CHL,Trade (% of GDP),NE.TRD.GNFS.ZS,69.7176801370338,72.4816428077334,68.156142891334,65.1432879523879,65.6346281218887,59.3491104775309,56.0578610877723,56.0261589675707,58.177050633437,57.6117545680829,58.1828635629748,64.8774063237834,75.2016177425303,60.7247236874408,63.859857248066
Chile,CHL,Gross fixed capital formation (% of GDP),NE.GDI.FTOT.ZS,23.0154606048027,24.720392213308,26.7526624059251,26.3486828076349,25.4735403211118,25.4703710407419,24.129197616698,22.2576646322298,23.0497926473567,24.5496860909505,22.5660080465409,23.3256236274779,25.6432104842936,24.2438038833976,23.489351298167
Chile,CHL,"Unemployment, total (% of total labor force) (modeled ILO estimate)",SL.UEM.TOTL.ZS,8.278,7.277,6.562,6.074,6.483,6.313,6.673,7.257,7.623,7.493,10.934,9.281,8.249,9.013,9.056
China,CHN,GDP growth (annual %),NY.GDP.MKTP.KD.ZG,10.5962719761682,9.4613358870736,7.85617427055587,7.77872409446717,7.46190028229434,6.97878002657477,6.77555562837017,6.8912663621211,6.75671800166833,6.06850235053705,2.34018843078414,8.57008513166322,3.1341888719577,5.41484330099675,4.9773565917572
China,CHN,GDP per capita (current US$),NY.GDP.PCAP.CD,4629.24551710077,5703.76027973346,6405.0574241349,7147.03518622344,7781.06597484974,8175.33285077393,8254.86859320357,8979.67652709856,10085.6638148819,10342.9009524335,10627.4637989619,12887.4357242941,12970.6056414327,12951.1782397043,13303.1481543868
China,CHN,"Population, total",SP.POP.TOTL,1337705000,1345035000,1354190000,1363240000,1371860000,1379860000,1387790000,1396215000,1402760000,1407745000,1411100000,1412360000,1412175000,1410710000,1408975000
China,CHN,"Government expenditure on education, total (% of GDP)",SE.XPD.TOTL.GD.ZS,..,..,..,..,..,..,..,..,..,..,..,..,..,4.00127983093262,..
China,CHN,Current health expenditure (% of GDP),SH.XPD.CHEX.GD.ZS,4.23068333,4.34274387,4.56584787,4.71490669,4.77790594,4.93827963,4.97955608,5.06592178,5.16790485,5.3502779,5.59359741,5.38360548,5.36948681,..,..
China,CHN,Access to electricity (% of population),EG.ELC.ACCS.ZS,99.7,99.9,99.9,100,100,100,100,100,100,100,100,100,100,100,..
China,CHN,Individuals using the Internet (% of population),IT.NET.USER.ZS,34.3,38.3,42.3001,45.8,47.9,50.3,53.2,54.3,59.2,64.0809,70.0528,73.0532,75.6113,90.6,92
China,CHN,"Life expectancy at birth, total (years)",SP.DYN.LE00.IN,75.668,75.889,76.2,76.452,76.714,76.975,77.214,77.235,77.709,77.94,78.019,78.117,78.202,77.953,..
China,CHN,"School enrollment, primary (% gross)",SE.PRM.ENRR,104.181700271,103.329573551865,103.181119624843,101.231978727477,96.8963827081444,96.340011477005,96.8787921899343,97.5379880463436,97.8103054615567,97.8174906065295,98.7860625918346,99.2294555866603,100.09807464465,99.1718634239571,99.644962886981
China,CHN,"School enrollment, secondary (% gross)",SE.SEC.ENRR,90.7829173331445,92.0329425203903,92.2603063015232,..,..,..,..,..,..,..,..,..,..,..,..
China,CHN,Urban population (% of total population),SP.URB.TOTL.IN.ZS,49.226,50.511,51.765,53.013,54.259,55.5,56.736,57.96,59.152,60.308,61.428,62.512,63.56,64.57,65.544
China,CHN,Trade (% of GDP),NE.TRD.GNFS.ZS,49.8540722339456,49.9458272253443,47.48021307841,45.9160413795144,44.0684564812401,38.6971848362233,36.1771706929069,36.9508526159275,36.8943843914148,35.1994202739021,34.0389507864018,36.5206911762564,37.4407198763585,36.1051923690574,37.1984201388623
China,CHN,Gross fixed capital formation (% of GDP),NE.GDI.FTOT.ZS,43.5201821905755,43.515390928039,43.8737076505916,44.0755431365052,43.3803473680085,41.6166710438192,41.0805800894123,41.4184897995936,42.3803760237203,42.2503490502374,41.8494114609444,41.3521203793076,41.2329317275585,40.4544347218594,..
China,CHN,"Unemployment, total (% of total labor force) (modeled ILO estimate)",SL.UEM.TOTL.ZS,4.53,4.55,4.58,4.6,4.63,4.65,4.56,4.47,4.31,4.56,5,4.55,4.98,4.67,4.571
Colombia,COL,GDP growth (annual %),NY.GDP.MKTP.KD.ZG,4.49465897070922,6.94789198173555,3.91263576716115,5.13399351995672,4.49903000110972,2.95590137527523,2.08738250162794,1.35936086788746,2.56432428277704,3.18685539245533,-7.18591413760859,10.8011981904878,7.32827729427979,0.712380031974334,1.7438014504116
Colombia,COL,GDP per capita (current US$),NY.GDP.PCAP.CD,6398.2958447102,7400.9940695669,8108.59838244229,8279.10255642981,8187.20824890084,6248.51490534512,5959.84250367574,6479.53231292429,6816.96818309544,6472.54544924705,5339.68711357943,6222.62164397614,6680.44506854481,7000.83660501046,7913.98801464547
Colombia,COL,"Population, total",SP.POP.TOTL,44777319,45259614,45715810,46151584,46565429,46969940,47437512,48131078,49024465,49907985,50629997,51188173,51737944,52321152,52886363
Colombia,COL,"Government expenditure on education, total (% of GDP)",SE.XPD.TOTL.GD.ZS,4.83382987976074,4.46608018875122,4.37038993835449,4.87855005264282,4.62945985794067,4.47038984298706,4.47721004486084,4.53551006317139,4.44910001754761,4.51069021224976,5.26166009902954,..,..,..,..
Colombia,COL,Current health expenditure (% of GDP),SH.XPD.CHEX.GD.ZS,7.07130194,6.78076792,6.74601603,7.01724052,7.18553209,7.52338505,7.53117037,7.67864323,7.62541389,7.77954912,8.71432114,9.01772404,7.57361269,7.69168758,..
Colombia,COL,Access to electricity (% of population),EG.ELC.ACCS.ZS,96.8,96.7,97,97.8,97.8,98.2,98.4,98.5,98.5,99.4,99.7,100,100,98.7,..
Colombia,COL,Individuals using the Internet (% of population),IT.NET.USER.ZS,36.5,40.3509,48.98,51.7,52.5681,55.905,58.1365,62.2599,64.1264,65.0069,69.7953,73.0284,72.7964,77.3369,..
Colombia,COL,"Life expectancy at birth, total (years)",SP.DYN.LE00.IN,74.876,75.18,75.611,75.834,75.95,76.067,76.228,76.418,76.579,76.793,74.757,72.698,76.508,77.725,..
Colombia,COL,"School enrollment, primary (% gross)",SE.PRM.ENRR,124.375137329102,121.831283569336,118.63996887207,119.084732055664,116.080101013184,115.497077941895,115.443153381348,113.305381774902,111.699180603027,109.355506896973,107.083686828613,106.488357543945,104.830467224121,..,..
Colombia,COL,"School enrollment, secondary (% gross)",SE.SEC.ENRR,99.9543685913086,101.20581817627,97.2326889038086,98.1015014648438,97.3632888793945,97.6741180419922,98.4156265258789,99.2193298339844,100.373336791992,101.989349365234,101.499450683594,102.987998962402,101.573776245117,..,..
Colombia,COL,Urban population (% of total population),SP.URB.TOTL.IN.ZS,77.964,78.335,78.701,79.061,79.415,79.764,80.108,80.446,80.778,81.104,81.425,81.74,82.05,82.354,82.652
Colombia,COL,Trade (% of GDP),NE.TRD.GNFS.ZS,34.2646031687681,39.4704235545367,38.835151018669,37.9866487978457,37.4874656411103,38.3607641184453,36.202652984202,35.2829149424588,36.5347527968973,37.558533980839,34.0555709680101,40.0591463936128,48.2826551123359,40.3881324933957,36.8886931617607
Colombia,COL,Gross fixed capital formation (% of GDP),NE.GDI.FTOT.ZS,22.0429732014851,21.9158254216725,21.1252094876723,21.3383970995375,22.6705098813348,23.3747819041323,22.1296577145622,21.7227919184852,21.2278710779912,21.269107264817,18.3620756136132,18.9897319714179,19.070491795478,16.5149107450513,16.5187571614041
Colombia,COL,"Unemployment, total (% of total labor force) (modeled ILO estimate)",SL.UEM.TOTL.ZS,11.153,10.288,9.959,9.246,8.799,8.572,8.922,9.086,9.36,10.28,15.983,13.898,10.547,9.594,9.608
Comoros,COM,GDP growth (annual %),NY.GDP.MKTP.KD.ZG,4.80105816823387,5.8881526705417,6.31063973754043,8.92726953365961,3.89569328951215,1.99206468746939,2.78022854212236,5.59618952073011,4.05960593662805,3.62877024437186,4.00531793513311,2.72579845079559,2.81839506562636,3.06466236855576,3.3887835062684
Comoros,COM,GDP per capita (current US$),NY.GDP.PCAP.CD,1386.57533553376,1531.43969320468,1490.31425650871,1603.32653496691,1615.71718460209,1329.3704808998,1365.48403353158,1423.92480215551,1540.71132331975,1519.26386326167,1527.16990927956,1587.72988601478,1533.87755332151,1682.20285095721,1784.11546860293
Comoros,COM,"Population, total",SP.POP.TOTL,654836,668056,681630,696192,711503,726682,741741,756669,771590,786578,802163,818174,834188,850387,866628
Comoros,COM,"Government expenditure on education, total (% of GDP)",SE.XPD.TOTL.GD.ZS,..,2.8304500579834,2.74783992767334,2.3827600479126,2.74472999572754,2.5450599193573,..,..,..,..,2.37805076679617,2.27485390045927,2.43164424110924,2.34146896682989,..
Comoros,COM,Current health expenditure (% of GDP),SH.XPD.CHEX.GD.ZS,4.99181557,5.3021183,5.17354631,5.10299301,5.23849726,4.60089922,4.65263557,5.26807451,4.90318584,5.18044472,5.902421,6.43369246,8.3803854,..,..
Comoros,COM,Access to electricity (% of population),EG.ELC.ACCS.ZS,69.7,69.3,69.3,69.4,71.8,74.1,76.4,78.7,81,83.3,85.6,87.9,89.9,89.8,..
Comoros,COM,Individuals using the Internet (% of population),IT.NET.USER.ZS,5.1,5.5,5.9753,6.5,6.98,7.45916,7.93832,8.47817,..,16.3838,22.4204,30.6812,32.7685,35.6678,..
Comoros,COM,"Life expectancy at birth, total (years)",SP.DYN.LE00.IN,62.747,63.105,63.463,63.839,64.143,64.473,64.792,65.127,65.401,65.662,65.756,65.201,66.481,66.777,..
Comoros,COM,"School enrollment, primary (% gross)",SE.PRM.ENRR,..,111.27509474669,..,115.583466369179,113.579839227082,..,..,106.219296865439,107.061915636176,..,..,86.8175281418913,..,..,97.0049189979678
Comoros,COM,"School enrollment, secondary (% gross)",SE.SEC.ENRR,..,..,..,58.998580844006,61.5078774291294,..,..,56.9502144763063,61.7014685443494,..,..,..,..,..,..
Comoros,COM,Urban population (% of total population),SP.URB.TOTL.IN.ZS,27.973,28.04,28.123,28.223,28.338,28.47,28.619,28.784,28.965,29.164,29.38,29.613,29.864,30.132,30.418
Comoros,COM,Trade (% of GDP),NE.TRD.GNFS.ZS,39.5501057977388,40.0009485841888,40.8104424055408,39.2433304243612,39.2358244155675,37.8049520714563,37.1328797158337,40.164358921352,42.996153341343,42.2680785350184,33.7299346157491,42.0677236496077,50.3887704882382,45.6837789235815,44.3731767566659
Comoros,COM,Gross fixed capital formation (% of GDP),NE.GDI.FTOT.ZS,17.8624390689727,16.7272118410604,16.6960690790813,16.2163941544159,15.2374961575568,13.4963324041779,12.4755919575083,13.3232598136896,14.7594576312256,12.6281735143297,10.9568842983038,13.2615764431111,11.9372948666905,11.7309861994581,11.7339416936085
Comoros,COM,"Unemployment, total (% of total labor force) (modeled ILO estimate)",SL.UEM.TOTL.ZS,4.248,4.207,4.17,4.118,4.119,4.121,4.104,4.03,3.942,3.934,4.471,4.394,3.816,3.776,3.875
"Congo, Dem. Rep.",COD,GDP growth (annual %),NY.GDP.MKTP.KD.ZG,7.10797657581392,6.8746708900163,7.08689894671942,8.48195663608755,9.4702880993101,6.91616711922561,2.39939891133452,3.7269476588301,5.82112109969025,4.38452887429834,1.73542276681493,6.20015401075946,8.92444785079518,8.60908972348436,6.67593028986779
"Congo, Dem. Rep.",COD,GDP per capita (current US$),NY.GDP.PCAP.CD,314.53858629844,364.714191777632,400.059901824342,431.191528160935,458.004541775676,467.9145805459,442.310472110228,436.584534687385,528.256019777898,557.044161335917,507.521230077872,558.034077296358,642.612267148918,633.395661686298,647.435704836002
"Congo, Dem. Rep.",COD,"Population, total",SP.POP.TOTL,68563038,70849311,73254618,75789395,78403242,81035531,83956415,87083398,90047644,92947442,95989998,99148932,102396968,105789731,109276265
"Congo, Dem. Rep.",COD,"Government expenditure on education, total (% of GDP)",SE.XPD.TOTL.GD.ZS,1.5249799489975,..,..,2.06221008300781,1.95142996311188,2.17043995857239,2.1186900138855,1.45494997501373,..,..,2.62263835311571,2.66048474102788,2.84466514463005,..,..
"Congo, Dem. Rep.",COD,Current health expenditure (% of GDP),SH.XPD.CHEX.GD.ZS,3.72224283,3.19435549,3.2215035,3.34057522,3.72520614,3.74785447,4.20027828,4.00057793,3.24127173,3.508039,3.97694445,3.67749357,3.78614616,..,..
"Congo, Dem. Rep.",COD,Access to electricity (% of population),EG.ELC.ACCS.ZS,13,13.7,15.4,15.2,13.5,16.6,17.3,18,18.7,19.1,20.1,20.8,21.5,22.1,..
"Congo, Dem. Rep.",COD,Individuals using the Internet (% of population),IT.NET.USER.ZS,0.72,1.2,1.67996,2.2,3,3.8,10.1,8.6199,11.7,16.4812,21.6422,28.4193,29.4996,30.548,..
"Congo, Dem. Rep.",COD,"Life expectancy at birth, total (years)",SP.DYN.LE00.IN,56.411,56.911,57.35,57.795,58.236,58.658,59.081,59.495,59.926,60.242,60.428,60.044,60.979,61.895,..
"Congo, Dem. Rep.",COD,"School enrollment, primary (% gross)",SE.PRM.ENRR,92.0860977172852,93.5223922729492,98.2439804077148,99.9129028320312,103.857719421387,102.056510925293,..,..,111.488670349121,..,115.898292541504,120.068450927734,..,117.602096557617,..
"Congo, Dem. Rep.",COD,"School enrollment, secondary (% gross)",SE.SEC.ENRR,37.0387916564941,38.9499206542969,38.8012313842773,38.5140419006348,41.1783905029297,42.1804618835449,..,..,..,..,..,55.3636283874512,..,55.4860992431641,..
"Congo, Dem. Rep.",COD,Urban population (% of total population),SP.URB.TOTL.IN.ZS,40.013,40.544,41.082,41.627,42.18,42.74,43.307,43.88,44.46,45.046,45.638,46.235,46.837,47.444,48.055
"Congo, Dem. Rep.",COD,Trade (% of GDP),NE.TRD.GNFS.ZS,90.7476102929543,85.1981441919418,68.3517113952036,77.4659451472265,78.690150124216,59.3324309644245,55.9252102624116,74.2913796171904,69.9197291501817,55.2351580399854,58.4917573282023,80.4813114206906,93.7286668861721,90.412415871159,97.4946470519652
"Congo, Dem. Rep.",COD,Gross fixed capital formation (% of GDP),NE.GDI.FTOT.ZS,28.7219113498893,24.8153516125917,14.2479666104182,21.7392029584355,23.1110271720754,18.341222964802,17.1649142720622,24.7737377504872,20.3924741539063,20.33974868055,24.2766606919973,27.1610746382978,31.0600620676633,31.5491504119488,32.939613717989
"Congo, Dem. Rep.",COD,"Unemployment, total (% of total labor force) (modeled ILO estimate)",SL.UEM.TOTL.ZS,4.096,4.315,4.485,4.468,4.436,4.439,4.521,4.601,4.618,4.591,5.345,5.28,4.522,4.484,4.556
"Congo, Rep.",COG,GDP growth (annual %),NY.GDP.MKTP.KD.ZG,9.93126543095578,2.20591936286718,9.94715314257564,-0.712434451876447,6.64606540928447,0.415193061293763,-8.68524343913786,-5.59477371915547,-2.30431780125842,1.12447391976529,-6.26777227963225,1.01507036990908,1.47535613247133,1.90686426346754,2.57966639535138
"Congo, Rep.",COG,GDP per capita (current US$),NY.GDP.PCAP.CD,2946.55798067708,3396.16505817952,3732.32737320389,3697.41705884249,3601.2365808718,2439.35189403696,2093.10728558843,2211.63309874797,2694.43413191427,2488.42466724916,1993.586671931,2516.16255145432,2620.83804304713,2477.97845477092,2482.24894743495
"Congo, Rep.",COG,"Population, total",SP.POP.TOTL,4462290,4609724,4740450,4857099,4975880,5097581,5222536,5351011,5483118,5616661,5752791,5892183,6035104,6182885,6332961
"Congo, Rep.",COG,"Government expenditure on education, total (% of GDP)",SE.XPD.TOTL.GD.ZS,5.6867299079895,2.64652978173867,2.73923061622047,5.0138814089415,3.18256998062134,3.13882994651794,4.87114096878621,4.17236995697021,2.77167010307312,3.24716413970868,4.22208879466149,3.31281536274069,2.72738253259215,3.34005209256916,..
"Congo, Rep.",COG,Current health expenditure (% of GDP),SH.XPD.CHEX.GD.ZS,1.85172856,1.75237322,1.90971065,1.94347155,1.97311735,2.45668483,2.59422994,2.36476016,1.75584984,2.34771276,4.01775074,3.49339676,2.19224548,..,..
"Congo, Rep.",COG,Access to electricity (% of population),EG.ELC.ACCS.ZS,40,40.8,41.6,42.5,43.4,44.3,45.3,46.2,47,47.7,48.7,49.7,50.6,51.3,..
"Congo, Rep.",COG,Individuals using the Internet (% of population),IT.NET.USER.ZS,5,5.6,6.1067,6.6,7.11,7.61597,8.12195,8.65,..,..,24.8206,33.3461,37.4939,38.3791,..
"Congo, Rep.",COG,"Life expectancy at birth, total (years)",SP.DYN.LE00.IN,61.731,62.286,62.662,62.969,63.349,63.662,63.911,64.203,64.472,63.152,64.391,64.192,65,65.772,..
"Congo, Rep.",COG,"School enrollment, primary (% gross)",SE.PRM.ENRR,109.023651123047,108.505096435547,105.514228820801,..,..,..,..,..,87.4621124267578,..,..,..,..,87.880241394043,..
"Congo, Rep.",COG,"School enrollment, secondary (% gross)",SE.SEC.ENRR,..,..,50.520320892334,..,..,..,..,..,..,..,..,..,..,..,..
"Congo, Rep.",COG,Urban population (% of total population),SP.URB.TOTL.IN.ZS,63.256,63.712,64.169,64.627,65.085,65.543,66.001,66.459,66.916,67.373,67.829,68.283,68.736,69.188,69.638
"Congo, Rep.",COG,Trade (% of GDP),NE.TRD.GNFS.ZS,124.064754399607,124.591742710141,97.444435145443,93.0028633915235,104.197620103417,117.320721558581,122.259818284021,94.6170952583422,100.583216779714,91.5757547930374,69.3066247188397,85.5462031552188,98.1613366922001,96.2103944039618,93.1881239239337
"Congo, Rep.",COG,Gross fixed capital formation (% of GDP),NE.GDI.FTOT.ZS,38.7798118925855,33.8687168065183,38.1514780762757,47.0619118613753,54.8259807101429,78.0009172791282,77.8214898988402,36.6644580240522,26.345781930627,26.1155301471499,23.2557304593578,22.1386763650518,20.6905597045862,24.9045198099403,26.5393394595823
"Congo, Rep.",COG,"Unemployment, total (% of total labor force) (modeled ILO estimate)",SL.UEM.TOTL.ZS,19.345,19.464,19.512,19.827,19.691,19.978,20.223,20.611,20.701,20.392,22.198,21.96,20.108,19.898,19.694
Costa Rica,CRI,GDP growth (annual %),NY.GDP.MKTP.KD.ZG,5.36034352634111,4.40315923970431,4.88259241025739,2.49476611209954,3.54210987765977,3.65208096802883,4.20432325175899,4.1576989627609,2.6159044043379,2.41751181762513,-4.27335432161462,7.93576224743147,4.55149177958398,5.11192183229137,4.32122429647224
Costa Rica,CRI,GDP per capita (current US$),NY.GDP.PCAP.CD,8265.78820275899,9276.39107510528,10126.999102414,10803.2401961972,10911.4978783227,11714.7105980803,12091.0301606335,12317.0902771322,12590.2493781628,12884.6859951947,12394.0493969354,12838.1185359009,13625.9008491478,16942.0268119304,18587.1532203614
Costa Rica,CRI,"Population, total",SP.POP.TOTL,4555962,4609833,4663934,4716147,4767119,4818038,4866998,4913177,4957818,4999553,5034320,5059988,5081765,5105525,5129910
Costa Rica,CRI,"Government expenditure on education, total (% of GDP)",SE.XPD.TOTL.GD.ZS,6.56574010848999,6.37988996505737,6.58239984512329,6.68739986419678,6.67952013015747,6.87349987030029,6.89395999908447,7.06980991363525,6.76991987228394,6.73808002471924,6.62898015975952,6.24841976165771,..,..,..
Costa Rica,CRI,Current health expenditure (% of GDP),SH.XPD.CHEX.GD.ZS,8.02937698,8.12197781,7.78642273,7.68229342,7.66376209,7.59196186,7.31724358,7.04522991,7.28587723,7.2212491,7.82545757,7.61130476,7.18368196,..,..
Costa Rica,CRI,Access to electricity (% of population),EG.ELC.ACCS.ZS,99,99.2,99.5,99.6,99.4,99.4,99.5,99.6,99.7,99.7,99.9,100,100,100,..
Costa Rica,CRI,Individuals using the Internet (% of population),IT.NET.USER.ZS,36.5,39.2122,47.5,45.96,53,59.763,65.8804,71.5817,73.4797,81.2026,80.5302,82.749,82.598,85.3951,..
Costa Rica,CRI,"Life expectancy at birth, total (years)",SP.DYN.LE00.IN,79.354,79.624,79.925,80.189,80.231,80.407,79.988,79.994,80.09,80.296,79.725,78.05,79.316,80.799,..
Costa Rica,CRI,"School enrollment, primary (% gross)",SE.PRM.ENRR,109.92635345459,108.691719055176,107.544090270996,105.42813873291,104.007881164551,103.75464630127,104.599922180176,103.215171813965,105.513519287109,108.828872680664,108.293647766113,107.190368652344,106.197128295898,106.156616210938,..
Costa Rica,CRI,"School enrollment, secondary (% gross)",SE.SEC.ENRR,97.5067367553711,99.7109375,103.267303466797,108.534126281738,114.289863586426,115.72087097168,118.203712463379,121.514961242676,125.964347839355,132.849334716797,132.678680419922,138.903381347656,131.907592773438,125.510070800781,..
Costa Rica,CRI,Urban population (% of total population),SP.URB.TOTL.IN.ZS,71.736,72.868,73.946,74.97,75.941,76.862,77.735,78.56,79.34,80.076,80.771,81.425,82.042,82.622,83.167
Costa Rica,CRI,Trade (% of GDP),NE.TRD.GNFS.ZS,67.5120896837726,68.639146507318,67.0485392950742,64.0664105879215,65.1912420532231,60.7535619395756,62.178478176606,65.0719537437267,66.9453420166008,65.7605300176058,60.1398862509037,70.781642302675,82.227532535289,72.4719990802549,71.3310137686365
Costa Rica,CRI,Gross fixed capital formation (% of GDP),NE.GDI.FTOT.ZS,19.4564092872121,19.4325156619248,20.0288559027156,19.8156100830031,19.8399495600822,18.9889262480189,18.8245430062217,18.1777606896749,18.2028667597917,16.2541664772632,16.1681534980451,16.8662904143983,16.9503668523935,16.1793973266249,15.8255239778085
Costa Rica,CRI,"Unemployment, total (% of total labor force) (modeled ILO estimate)",SL.UEM.TOTL.ZS,7.171,9.518,9.11,8.218,8.499,8.415,8.085,7.729,9.01,10.807,16.432,15.139,11.325,8.325,7.848
Cote d'Ivoire,CIV,GDP growth (annual %),NY.GDP.MKTP.KD.ZG,6.84804939907013,-5.37044724000579,7.62041176451649,10.7602131311256,9.37199994240375,7.19494942728191,7.17275963956332,7.41076242592504,4.84314605889178,6.72137167584978,0.699728593494228,7.06332910205232,6.39988362720531,6.45045796902575,5.95000000002031
Cote d'Ivoire,CIV,GDP per capita (current US$),NY.GDP.PCAP.CD,1553.54887048143,1596.62826565998,1546.9460184731,1786.15862031324,1991.36539423404,1814.71855088017,1862.59597081287,1964.29930338343,2130.86619381144,2141.76836170115,2179.72934832935,2455.98127626488,2333.37128334477,2554.67304885576,2709.89511641252
Cote d'Ivoire,CIV,"Population, total",SP.POP.TOTL,22488065,22982000,23467078,23939775,24527395,25246342,25989405,26733372,27464173,28193009,28915449,29639736,30395002,31165654,31934230
Cote d'Ivoire,CIV,"Government expenditure on education, total (% of GDP)",SE.XPD.TOTL.GD.ZS,3.24651002883911,2.86576008796692,3.4344699382782,3.45860004425049,3.31416988372803,3.49412989616394,3.93593001365662,3.73654007911682,3.21164989471436,3.4130699634552,3.78674006462097,3.32718992233276,3.51197004318237,3.42617011070252,..
Cote d'Ivoire,CIV,Current health expenditure (% of GDP),SH.XPD.CHEX.GD.ZS,4.57494831,4.39700699,4.4273715,3.71773791,3.7310183,3.2198832,3.32101274,3.24693036,3.0916779,3.18916845,3.62327886,3.76207662,3.6424129,..,..
Cote d'Ivoire,CIV,Access to electricity (% of population),EG.ELC.ACCS.ZS,58.4,55.8,55.8,61.5,61.9,62.6,64.3,65.6,67.1,68.6,69.9,71.1,72,72.4,..
Cote d'Ivoire,CIV,Individuals using the Internet (% of population),IT.NET.USER.ZS,2.7,2.9,4.4,6.6,10,38.44,41.2078,43.8399,37.5465,36.289,36.0166,35.9507,38.4133,40.6528,..
Cote d'Ivoire,CIV,"Life expectancy at birth, total (years)",SP.DYN.LE00.IN,55.282,55.972,56.57,57.057,57.772,58.281,58.814,59.315,59.795,60.274,60.14,60.29,61.562,61.944,..
Cote d'Ivoire,CIV,"School enrollment, primary (% gross)",SE.PRM.ENRR,..,73.5641637291114,78.2860585898227,80.7498463265361,83.7491033587174,85.262803745883,87.9691851681795,88.2052011132348,88.210939705148,88.4747670564693,88.6266598469541,85.830088505202,86.4545838787778,91.8093412241399,93.2964368826882
Cote d'Ivoire,CIV,"School enrollment, secondary (% gross)",SE.SEC.ENRR,..,..,..,..,40.4629922041554,43.9865647318392,46.2425069943643,49.0863555848622,51.072614509286,53.791930617454,55.4380323721262,57.135967003236,54.0714108290486,63.9607557764462,65.3065056618336
Cote d'Ivoire,CIV,Urban population (% of total population),SP.URB.TOTL.IN.ZS,47.33,47.751,48.172,48.593,49.014,49.444,49.881,50.326,50.779,51.239,51.706,52.18,52.661,53.149,53.644
Cote d'Ivoire,CIV,Trade (% of GDP),NE.TRD.GNFS.ZS,67.472940081257,64.7159030611345,70.3010893191249,58.3526792527234,53.6804175610344,52.7128647411445,47.5655783613535,48.6625074729482,46.0375087102874,44.6604105830795,41.9426318190526,45.1140327762435,52.8663910413483,52.0034548731483,54.666927984095
Cote d'Ivoire,CIV,Gross fixed capital formation (% of GDP),NE.GDI.FTOT.ZS,20.7031739690787,17.8470592312248,17.1122715372663,20.7312022243429,22.476070174363,23.5616684954464,23.2965012963668,21.9109187509615,22.4665503582512,22.1766481096146,20.344763141247,21.0571796036942,22.2895218676818,23.1415111148516,24.4824659927007
Cote d'Ivoire,CIV,"Unemployment, total (% of total labor force) (modeled ILO estimate)",SL.UEM.TOTL.ZS,6.618,7.135,7.223,4.255,3.285,2.579,1.896,3.272,2.85,2.401,2.584,2.63,2.306,2.27,2.288
Croatia,HRV,GDP growth (annual %),NY.GDP.MKTP.KD.ZG,-1.33408152400571,-0.0977514527446601,-2.25374558078583,-0.125449826211494,-0.5571501973061,2.32317515803855,3.46112947356767,3.28095812140658,2.90468149344008,3.10043911443758,-8.31164257884687,12.6317003277712,7.28793643206565,3.30254488086325,3.81494521667429
Croatia,HRV,GDP per capita (current US$),NY.GDP.PCAP.CD,13731.2865213989,14694.9993201417,13508.6836989693,14136.3967669505,14187.9694531493,12285.3032582105,12821.1738140304,13902.6310485422,15460.4183295843,15563.8167397199,14808.4620188819,17789.9304736722,18466.0955472648,21865.4562838641,23931.4528382746
Croatia,HRV,"Population, total",SP.POP.TOTL,4295427,4280622,4260368,4233922,4201598,4151725,4106867,4041407,3988775,3949390,3914206,3878981,3855641,3859686,3866300
Croatia,HRV,"Government expenditure on education, total (% of GDP)",SE.XPD.TOTL.GD.ZS,4.20651006698608,4.10584020614624,..,4.50127983093262,..,..,..,3.87207007408142,3.92432999610901,3.94555997848511,4.40854978561401,4.0916600227356,..,..,..
Croatia,HRV,Current health expenditure (% of GDP),SH.XPD.CHEX.GD.ZS,7.96871901,7.64100933,7.65283728,6.4009738,6.57961845,6.65469885,6.68087435,6.61199808,6.69267464,6.7431674,7.64949179,8.01351929,7.21545315,..,..
Croatia,HRV,Access to electricity (% of population),EG.ELC.ACCS.ZS,100,100,100,100,100,100,100,100,100,100,100,100,100,100,..
Croatia,HRV,Individuals using the Internet (% of population),IT.NET.USER.ZS,56.55,57.79,61.94,66.7476,68.5679,69.845,72.6973,67.0962,75.2946,79.0798,78.3209,81.254,82.0716,83.2412,83.6324
Croatia,HRV,"Life expectancy at birth, total (years)",SP.DYN.LE00.IN,76.4756097560976,76.7756097560976,77.1682926829268,77.5707317073171,77.7243902439024,77.2756097560976,77.9219512195122,77.7268292682927,77.919512195122,78.2243902439024,77.5243902439024,76.4243902439025,77.5756097560976,78.4731707317073,..
Croatia,HRV,"School enrollment, primary (% gross)",SE.PRM.ENRR,98.0708236694336,98.0935974121094,98.7156372070312,98.5737533569336,98.908317565918,99.4907684326172,98.7909393310547,99.2321090698242,98.8812103271484,99.0015106201172,99.4886703491211,99.7441482543945,100.527976989746,101.157791137695,..
Croatia,HRV,"School enrollment, secondary (% gross)",SE.SEC.ENRR,98.8955230712891,99.2656021118164,99.3463897705078,101.800498962402,102.528923034668,102.981330871582,103.719436645508,104.214416503906,104.960083007812,105.13597869873,105.585418701172,105.876342773438,105.577796936035,105.025161743164,..
Croatia,HRV,Urban population (% of total population),SP.URB.TOTL.IN.ZS,55.155,55.322,55.506,55.706,55.923,56.155,56.403,56.667,56.947,57.242,57.553,57.878,58.219,58.575,58.945
Croatia,HRV,Trade (% of GDP),NE.TRD.GNFS.ZS,72.6386568634317,77.7657386922551,79.0022669647168,80.9105173733355,85.2091769480039,90.6409410989512,92.1307890861689,97.2213314044204,99.06781797397,101.382013330328,89.5334538008947,102.308430815836,125.213857590974,107.700919430599,102.716218689318
Croatia,HRV,Gross fixed capital formation (% of GDP),NE.GDI.FTOT.ZS,20.8175083585974,19.8164850265987,19.2056650286857,19.2185790347085,18.7910900705418,19.0868105219042,19.556778924486,19.4711341665721,19.9768980802134,21.9104578818849,22.3525503132592,20.9447363630508,21.6043484001422,22.4576425827398,23.6633133895053
Croatia,HRV,"Unemployment, total (% of total labor force) (modeled ILO estimate)",SL.UEM.TOTL.ZS,11.62,13.678,15.935,17.251,17.29,16.175,13.103,11.208,8.432,6.617,7.507,7.608,6.96,6.086,5.236
Cuba,CUB,GDP growth (annual %),NY.GDP.MKTP.KD.ZG,2.39035229650723,2.80230083647626,3.01490028898772,2.74760256257211,1.04757663187654,4.4383335888395,0.512843095700745,1.80979177212284,2.24794854086232,-0.163087223606624,-10.9490846048862,1.25369342501311,1.77504879825767,-1.92937123169681,..
Cuba,CUB,GDP per capita (current US$),NY.GDP.PCAP.CD,5272.26755824835,6104.46105236166,6470.83673392653,6828.36428245396,7146.70459051328,7727.91997207998,8110.55873961397,8610.60829531998,8911.46205964193,9232.26115935183,9605.26125067263,..,..,..,..
Cuba,CUB,"Population, total",SP.POP.TOTL,11297409,11301571,11303175,11298167,11285775,11275065,11265612,11247829,11227118,11202846,11176354,11122168,11059820,11019931,10979783
Cuba,CUB,"Government expenditure on education, total (% of GDP)",SE.XPD.TOTL.GD.ZS,12.8373098373413,..,11.5516604913797,10.67169596101,9.6074568445536,8.9633578559392,9.01309318032688,8.44413540438793,8.02498461098619,9.04700486137163,11.5248184008093,9.3858620562531,8.44086351669284,..,..
Cuba,CUB,Current health expenditure (% of GDP),SH.XPD.CHEX.GD.ZS,10.6880827,11.31298637,9.29940987,10.43099499,12.14121914,12.81404305,12.21769619,11.47201538,11.01842499,11.08501148,12.48641968,13.78727913,11.78683186,..,..
Cuba,CUB,Access to electricity (% of population),EG.ELC.ACCS.ZS,97.8,98,98.3,98.5,98.7,99,99.2,99.4,99.6,99.8,99.9,100,100,100,..
Cuba,CUB,Individuals using the Internet (% of population),IT.NET.USER.ZS,15.9,16.0173,21.2,27.93,29.0702,37.3051,42.9787,57.1484,62.6789,67.9708,71.1191,67.6435,68.25,71.275,..
Cuba,CUB,"Life expectancy at birth, total (years)",SP.DYN.LE00.IN,77.876,78.051,78.162,78.028,77.825,77.745,77.571,77.3,77.426,77.413,77.407,73.201,77.629,78.085,..
Cuba,CUB,"School enrollment, primary (% gross)",SE.PRM.ENRR,100.716090239417,100.29059454433,100.828907180724,100.721599181727,103.056327819824,103.193222045898,101.075891876156,100.561631481518,100.343380546441,100.80254602678,101.317432743321,101.302915584834,100.580196272572,99.3281733831044,98.1092191903079
Cuba,CUB,"School enrollment, secondary (% gross)",SE.SEC.ENRR,92.4079409432897,92.221518431358,90.9268566341812,91.3310039372362,95.9867990183168,96.0929099069438,97.8005641142909,98.8916381409707,99.5805926474392,100.467809909244,101.487990578922,100.016181545784,103.627148989561,95.5986574273359,91.7456844321038
Cuba,CUB,Urban population (% of total population),SP.URB.TOTL.IN.ZS,76.597,76.689,76.781,76.827,76.861,76.896,76.93,76.977,77.037,77.109,77.194,77.292,77.401,77.523,77.657
Cuba,CUB,Trade (% of GDP),NE.TRD.GNFS.ZS,40.2919413008332,46.9604290476881,45.8662036340766,44.3238969253902,39.2741528539069,31.6138124793419,27.269113252912,26.2224363809981,27.0835484496642,22.8208911354416,15.6825502693015,80.0239031587188,93.8607755890525,108.135323744814,..
Cuba,CUB,Gross fixed capital formation (% of GDP),NE.GDI.FTOT.ZS,8.64631264768064,7.71126250181186,7.76172051243489,8.24389485145435,7.30384930588015,8.64312864960153,8.8113867369509,9.87499828905703,11.4472722318626,11.211707513275,9.81446049344305,10.4992884496272,11.4853583912632,12.2644765391137,..
Cuba,CUB,"Unemployment, total (% of total labor force) (modeled ILO estimate)",SL.UEM.TOTL.ZS,2.5,3.18,3.46,3.29,2.7,2.4,2,1.7,1.7,1.705,2.24,2.116,1.82,1.719,1.53
Curacao,CUW,GDP growth (annual %),NY.GDP.MKTP.KD.ZG,0.0823066088131412,0.50845748203723,-0.34895082430242,-0.635696907591139,-0.637397373327133,0.458151544160046,-1.06770848655277,-1.2762081008495,-2.10411133101029,-3.20613171902535,-18.4384703505394,4.18371193053551,7.92300000000002,4.20199999999993,..
Curacao,CUW,GDP per capita (current US$),NY.GDP.PCAP.CD,19847.2310127979,19426.326382752,19809.8223198624,19721.2921646576,19623.029993395,19361.8130008678,18944.0961493998,18938.2440469703,19119.1243941688,19220.6865793075,16356.0933254541,17979.9982909306,20501.7522782219,21061.741639092,..
Curacao,CUW,"Population, total",SP.POP.TOTL,148703,150831,152088,153822,155909,157980,159664,160175,159336,157441,154947,152369,149996,155800,155900
Curacao,CUW,"Government expenditure on education, total (% of GDP)",SE.XPD.TOTL.GD.ZS,..,5.64725392834695,5.38283590387706,5.11633014678955,5.95464718602819,5.95011209033324,6.23495389518939,5.91444785594951,5.93873270793721,5.81155632881729,7.11645238834347,6.18160236726664,6.08167033605813,5.30074159005788,5.44313725490196
Curacao,CUW,Current health expenditure (% of GDP),SH.XPD.CHEX.GD.ZS,..,..,..,..,..,..,..,..,..,..,..,..,..,..,..
Curacao,CUW,Access to electricity (% of population),EG.ELC.ACCS.ZS,100,100,100,100,100,100,100,100,100,100,100,100,100,100,..
Curacao,CUW,Individuals using the Internet (% of population),IT.NET.USER.ZS,..,..,..,..,..,..,61.8555,68.1272,..,..,..,..,..,..,..
Curacao,CUW,"Life expectancy at birth, total (years)",SP.DYN.LE00.IN,75.117,75.576,75.96,76.239,76.384,76.482,76.322,76.423,76.493,76.492,76.501,75.686,76.729,76.8,..
Curacao,CUW,"School enrollment, primary (% gross)",SE.PRM.ENRR,..,..,..,175.821576412943,..,..,..,..,..,..,113.350877192982,..,..,109.168144897769,..
Curacao,CUW,"School enrollment, secondary (% gross)",SE.SEC.ENRR,..,..,..,86.3066389722286,..,..,..,..,..,..,129.470256951777,..,..,123.429739994157,..
Curacao,CUW,Urban population (% of total population),SP.URB.TOTL.IN.ZS,89.905,89.775,89.654,89.544,89.443,89.352,89.272,89.203,89.145,89.098,89.062,89.038,89.025,89.023,89.033
Curacao,CUW,Trade (% of GDP),NE.TRD.GNFS.ZS,143.932211823816,172.9234179922,183.23646073841,166.406149086576,164.35981815222,148.313815925541,139.052979137029,139.812449543914,155.268858771687,..,..,..,..,..,..
Curacao,CUW,Gross fixed capital formation (% of GDP),NE.GDI.FTOT.ZS,27.4527061216866,31.1008952356086,26.999930224066,28.8687781438819,26.5085878091721,26.2418928294831,29.2656596767823,28.7264158805255,34.0473571119567,..,..,..,..,..,..
Curacao,CUW,"Unemployment, total (% of total labor force) (modeled ILO estimate)",SL.UEM.TOTL.ZS,..,..,..,..,..,..,..,..,..,..,..,..,..,..,..
Cyprus,CYP,GDP growth (annual %),NY.GDP.MKTP.KD.ZG,2.28267100119788,0.416711868408683,-3.44738151374587,-6.58747751118347,-1.77605867728616,3.41892038889013,6.57359080924678,5.75083236554525,6.27166360056404,5.87559583386607,-3.22063018637567,11.3881892684305,7.20486780743879,2.76390975419605,3.4480617042135
Cyprus,CYP,GDP per capita (current US$),NY.GDP.PCAP.CD,31105.02734375,32485.796875,28991.935546875,27797.45703125,27244.3515625,23487.228515625,24715.154296875,26696.990234375,29599.986328125,29703.052734375,28649.015625,33734.03515625,33894.44921875,36551.41796875,38654.16796875
Cyprus,CYP,"Population, total",SP.POP.TOTL,1127816,1146493,1165397,1183895,1201801,1219502,1237112,1254275,1270737,1286671,1302247,1317309,1331370,1344976,1358282
Cyprus,CYP,"Government expenditure on education, total (% of GDP)",SE.XPD.TOTL.GD.ZS,6.52559995651245,6.52042007446289,..,6.46747016906738,6.42111015319824,6.30491018295288,6.11811017990112,5.69961977005005,..,5.16293001174927,5.56462001800537,5.08243989944458,4.73588991165161,..,..
Cyprus,CYP,Current health expenditure (% of GDP),SH.XPD.CHEX.GD.ZS,6.50055742,6.43139076,6.53638792,6.92774534,6.93137264,6.79382181,6.65254688,6.62192535,6.82599831,7.06576538,8.76033878,9.47552109,8.87060547,..,..
Cyprus,CYP,Access to electricity (% of population),EG.ELC.ACCS.ZS,100,100,100,100,100,100,100,100,100,100,100,100,100,100,..
Cyprus,CYP,Individuals using the Internet (% of population),IT.NET.USER.ZS,52.99,56.8599,60.6899,65.4548,69.3287,71.7157,75.9002,80.7432,84.4336,86.0636,90.8019,90.7595,89.601,91.2211,..
Cyprus,CYP,"Life expectancy at birth, total (years)",SP.DYN.LE00.IN,80.632,80.855,81.128,81.317,81.337,81.464,81.534,81.543,81.556,81.454,81.23,80.573,80.434,81.648,..
Cyprus,CYP,"School enrollment, primary (% gross)",SE.PRM.ENRR,101.624328613281,101.200538635254,100.175346374512,99.7619781494141,99.152717590332,99.3001174926758,98.5455093383789,99.3066864013672,99.7954406738281,100.477699279785,100.735160827637,99.1028137207031,97.0016403198242,98.5918273925781,..
Cyprus,CYP,"School enrollment, secondary (% gross)",SE.SEC.ENRR,91.440803527832,92.8256225585938,95.2998504638672,98.3116912841797,99.4167327880859,99.7783126831055,99.1193084716797,100.332550048828,100.253517150879,100.850433349609,101.427406311035,102.499496459961,104.005722045898,102.400848388672,..
Cyprus,CYP,Urban population (% of total population),SP.URB.TOTL.IN.ZS,67.551,67.406,67.261,67.137,67.031,66.946,66.881,66.836,66.81,66.805,66.821,66.856,66.911,66.987,67.082
Cyprus,CYP,Trade (% of GDP),NE.TRD.GNFS.ZS,108.901699269523,110.617136857424,112.344273297273,120.926200639389,130.84436307939,137.276426477193,139.022098457248,148.013355558135,147.623567410054,150.506169561162,160.66871645997,176.82773681987,207.632427046376,193.268619207237,189.798885929564
Cyprus,CYP,Gross fixed capital formation (% of GDP),NE.GDI.FTOT.ZS,22.3931532844937,18.983541959631,15.4617926757181,14.0795248605542,13.3043398828757,12.833004711897,18.0346280830739,20.7947375308198,18.5806193226431,18.6839206808435,20.8183845649063,19.2171328479755,20.2534649712178,21.4492321615046,20.5171987274916
Cyprus,CYP,"Unemployment, total (% of total labor force) (modeled ILO estimate)",SL.UEM.TOTL.ZS,6.359,7.942,12.097,16.131,16.277,15.026,13.006,11.155,8.504,7.155,7.755,7.513,6.806,6.098,5.602
Czechia,CZE,GDP growth (annual %),NY.GDP.MKTP.KD.ZG,2.71466509907701,1.77238085338473,-0.770668190622743,-0.0418124160447491,2.24521219862635,4.95875848915604,2.58087013921376,5.17356529967881,2.83030588267866,3.56577658128261,-5.30487955463876,4.02901832055149,2.8471706583814,-0.0552618201120225,1.12038462698665
Czechia,CZE,GDP per capita (current US$),NY.GDP.PCAP.CD,20160.4355077059,22049.1080788682,20014.0354015165,20260.4954999375,20038.4163180257,17931.5987670768,18753.9686718096,20913.197632212,23705.9329811299,24062.7190013343,23472.8915454417,27696.4619527544,28282.2236715857,31591.0568216357,31706.6234229743
Czechia,CZE,"Population, total",SP.POP.TOTL,10474410,10496088,10510785,10514272,10525347,10546059,10566332,10594438,10629928,10671870,10697858,10505772,10672118,10864042,10882164
Czechia,CZE,"Government expenditure on education, total (% of GDP)",SE.XPD.TOTL.GD.ZS,3.99341988563538,4.2078800201416,4.19049978256226,4.02132987976074,3.93603992462158,5.71913003921509,5.50080013275146,3.75573992729187,4.21541023254395,4.46737003326416,4.62503004074097,4.65163993835449,4.30291986465454,..,..
Czechia,CZE,Current health expenditure (% of GDP),SH.XPD.CHEX.GD.ZS,7.55343866,7.5335784,7.59409809,7.49541759,7.59510136,7.3351512,7.3930459,7.33911419,7.46030998,7.61342955,9.15721989,9.45247459,8.79904652,8.53962803,..
Czechia,CZE,Access to electricity (% of population),EG.ELC.ACCS.ZS,100,100,100,100,100,100,100,100,100,100,100,100,100,100,..
Czechia,CZE,Individuals using the Internet (% of population),IT.NET.USER.ZS,68.82,70.49,73.43,74.1104,74.2317,75.6688,76.4812,78.7192,80.6882,80.8669,81.3389,82.6706,84.5401,85.994,87.6878
Czechia,CZE,"Life expectancy at birth, total (years)",SP.DYN.LE00.IN,77.4243902439025,77.8731707317073,78.0756097560976,78.1756097560976,78.8243902439024,78.5780487804878,79.0268292682927,78.9780487804878,79.0292682926829,79.2292682926829,78.2268292682927,77.2219512195122,78.9292682926829,79.8780487804878,..
Czechia,CZE,"School enrollment, primary (% gross)",SE.PRM.ENRR,101.036407470703,100.081001281738,99.3585815429688,98.7804794311523,97.6821594238281,96.9615478515625,96.9097595214844,97.2324905395508,98.2727584838867,99.2833023071289,99.7845306396484,101.677841186523,100.97534942627,99.699089050293,..
Czechia,CZE,"School enrollment, secondary (% gross)",SE.SEC.ENRR,98.6544189453125,99.4467315673828,99.7749633789062,106.875068664551,106.118507385254,104.810516357422,103.015083312988,102.204696655273,101.514892578125,100.21556854248,99.3292617797852,102.089942932129,102.935562133789,97.6154174804688,..
Czechia,CZE,Urban population (% of total population),SP.URB.TOTL.IN.ZS,73.255,73.185,73.197,73.29,73.384,73.477,73.57,73.675,73.792,73.921,74.061,74.214,74.377,74.552,74.738
Czechia,CZE,Trade (% of GDP),NE.TRD.GNFS.ZS,126.756480116798,136.750855542438,145.480195396935,145.502230624961,156.415122826886,154.018400997633,148.547004664435,147.750834854762,145.141717890789,138.154609993871,128.780430305965,137.378116302868,144.011494109397,132.956943913575,131.915401716638
Czechia,CZE,Gross fixed capital formation (% of GDP),NE.GDI.FTOT.ZS,26.5219620764145,26.098348006461,25.3751105408769,24.7753723844816,24.7408229025596,25.6764620589865,24.3093476604522,23.7274064051355,24.8456610600914,25.7720455320028,25.5353602874792,26.2369575229222,27.6877651111963,27.299709340177,26.1664364941761
Czechia,CZE,"Unemployment, total (% of total labor force) (modeled ILO estimate)",SL.UEM.TOTL.ZS,7.281,6.712,6.979,6.953,6.108,5.048,3.952,2.893,2.246,2.015,2.55,2.803,2.224,2.579,2.506
Denmark,DNK,GDP growth (annual %),NY.GDP.MKTP.KD.ZG,1.58289703108802,1.3108037609606,-0.00543230161670749,1.39267343161971,1.27799983192831,2.10441456445301,3.07304549209093,3.05647723922718,1.8600074900921,1.71140093932736,-1.78010601831291,7.38206633449863,1.54017307357893,2.49518434516773,3.67619734971929
Denmark,DNK,GDP per capita (current US$),NY.GDP.PCAP.CD,58104.5445594981,61809.737898222,58443.7747103968,61377.5940590412,62520.4509747011,53094.0133607574,54500.9260410217,57521.5514992225,61324.7665045565,59404.2663247723,60985.4885601514,69727.9873677012,68091.3191138669,68453.8769281145,71851.7562131368
Denmark,DNK,"Population, total",SP.POP.TOTL,5547683,5570572,5591572,5614932,5643475,5683483,5728010,5764980,5793636,5814422,5831404,5856733,5903037,5946952,5976992
Denmark,DNK,"Government expenditure on education, total (% of GDP)",SE.XPD.TOTL.GD.ZS,8.55025005340576,8.47716045379639,7.24570989608765,8.46864032745361,7.63833999633789,..,7.71534013748169,7.3700098991394,7.32746982574463,7.27587985992432,7.38573980331421,6.95915985107422,6.35586977005005,..,..
Denmark,DNK,Current health expenditure (% of GDP),SH.XPD.CHEX.GD.ZS,10.60774708,10.40702915,10.5219717,10.32915878,10.30918217,10.34411812,10.25162029,10.09825516,10.09764194,10.1524353,10.71854591,10.74728584,9.4758625,9.41784573,..
Denmark,DNK,Access to electricity (% of population),EG.ELC.ACCS.ZS,100,100,100,100,100,100,100,100,100,100,100,100,100,100,..
Denmark,DNK,Individuals using the Internet (% of population),IT.NET.USER.ZS,88.72,89.81,92.26,94.6297,95.9935,96.3305,96.9678,97.0994,97.3192,98.0464,96.5491,98.8659,97.8601,98.7756,99.7692
Denmark,DNK,"Life expectancy at birth, total (years)",SP.DYN.LE00.IN,79.1,79.8,80.0512195121951,80.3,80.7,80.7024390243902,80.8536585365854,81.1024390243903,80.9536585365854,81.4512195121951,81.6024390243903,81.4048780487805,81.3048780487805,81.8536585365854,..
Denmark,DNK,"School enrollment, primary (% gross)",SE.PRM.ENRR,100.18155670166,101.197456359863,101.51065826416,101.299331665039,101.176940917969,100.882141113281,101.041496276855,100.778030395508,100.749008178711,100.551002502441,100.459587097168,100.308418273926,100.244453430176,99.8698883056641,..
Denmark,DNK,"School enrollment, secondary (% gross)",SE.SEC.ENRR,118.944053649902,121.816520690918,124.577186584473,131.692306518555,132.451354980469,133.795471191406,131.441299438477,130.324432373047,129.849563598633,129.311126708984,129.995193481445,131.772018432617,130.326995849609,126.98078918457,..
Denmark,DNK,Urban population (% of total population),SP.URB.TOTL.IN.ZS,86.795,86.957,87.142,87.292,87.41,87.526,87.642,87.757,87.874,87.994,88.116,88.24,88.367,88.495,88.626
Denmark,DNK,Trade (% of GDP),NE.TRD.GNFS.ZS,94.3877282319057,102.012930474308,104.362280505171,103.612813249189,103.210859225139,105.130362453899,101.452783808643,104.215676920442,108.813985501909,111.891475065653,104.433432671151,111.414043682799,131.54315114232,127.768567480091,128.643001518784
Denmark,DNK,Gross fixed capital formation (% of GDP),NE.GDI.FTOT.ZS,17.9939144621449,18.1475309529928,18.7986435638088,18.8065381186482,19.334256991948,19.8029126025869,20.9848820610106,21.2303828701723,21.7629454283236,21.3534089903591,22.1844244807288,22.5247698396368,22.8143333225406,22.5710527819709,22.2097283262696
Denmark,DNK,"Unemployment, total (% of total labor force) (modeled ILO estimate)",SL.UEM.TOTL.ZS,7.746,7.769,7.798,7.384,6.925,6.278,5.989,5.833,5.131,5.018,5.637,5.043,4.434,5.094,5.587
Djibouti,DJI,GDP growth (annual %),NY.GDP.MKTP.KD.ZG,..,..,..,..,7.19298728463697,7.30898563450799,7.1234323372872,5.458091517212,4.77433934943193,5.54508081154978,1.2021151728969,4.40715667561153,5.16653702854374,7.37207148701995,5.95382998854848
Djibouti,DJI,GDP per capita (current US$),NY.GDP.PCAP.CD,1213.23352553429,1306.34552844977,1400.19357858954,2075.94498424748,2214.62084142432,2376.12554719873,2510.4300076241,2618.95521147369,2718.08338799203,2837.16902340932,2844.88810647853,3025.91126413549,3133.25779772463,3397.52015779588,3496.47111876763
Djibouti,DJI,"Population, total",SP.POP.TOTL,930251,948558,966747,984824,1002717,1020313,1037653,1054841,1071882,1088709,1105188,1121248,1137096,1152944,1168722
Djibouti,DJI,"Government expenditure on education, total (% of GDP)",SE.XPD.TOTL.GD.ZS,4.49022006988525,..,6.35127551762696,4.64782533103312,4.38407521258509,3.59894990921021,3.92226004600525,3.73344993591309,3.75143003463745,..,..,..,..,..,..
Djibouti,DJI,Current health expenditure (% of GDP),SH.XPD.CHEX.GD.ZS,3.35699701,3.37387872,3.29730988,2.91782117,2.95930099,3.3475771,2.7416594,2.46857476,2.51871514,2.40641236,2.32228446,2.88669515,2.49675012,..,..
Djibouti,DJI,Access to electricity (% of population),EG.ELC.ACCS.ZS,57.9,58.1,54.6,58.6,58.9,59.1,59.8,60.2,62.4,64.7,64.5,65.4,65,65.2,..
Djibouti,DJI,Individuals using the Internet (% of population),IT.NET.USER.ZS,6.5,7,9.4,12.7,17,22.9,30.8,55.6814,57.0617,58.4762,59.9257,61.4112,63.2573,65.0248,..
Djibouti,DJI,"Life expectancy at birth, total (years)",SP.DYN.LE00.IN,60.743,61.337,61.719,62.116,62.427,62.833,63.335,63.71,64.105,64.381,64.2,63.83,65.54,65.987,..
Djibouti,DJI,"School enrollment, primary (% gross)",SE.PRM.ENRR,..,..,..,..,..,..,..,..,..,..,..,..,..,..,..
Djibouti,DJI,"School enrollment, secondary (% gross)",SE.SEC.ENRR,..,..,..,..,..,..,..,..,..,..,..,..,..,..,..
Djibouti,DJI,Urban population (% of total population),SP.URB.TOTL.IN.ZS,76.999,77.064,77.138,77.222,77.314,77.417,77.528,77.648,77.777,77.915,78.062,78.217,78.38,78.552,78.732
Djibouti,DJI,Trade (% of GDP),NE.TRD.GNFS.ZS,..,..,..,347.720317058403,298.564535821251,268.363456254629,213.071998607921,305.967966403468,300.398900523844,320.93923036418,225.744871323723,263.477728733891,302.285409231545,284.53692869882,309.051384670777
Djibouti,DJI,Gross fixed capital formation (% of GDP),NE.GDI.FTOT.ZS,..,..,..,25.0258710849342,28.0409117606815,30.3355894617026,27.7228772325212,26.1120682606879,28.4937586770341,29.7952101352966,30.0681931461676,29.6579987966534,28.9763142279811,24.5282294129309,26.3032206843542
Djibouti,DJI,"Unemployment, total (% of total labor force) (modeled ILO estimate)",SL.UEM.TOTL.ZS,26.371,26.314,26.187,26.157,26.173,26.07,25.992,26.064,26.184,26.256,27.713,27.668,26.307,26.154,25.875
Dominica,DMA,GDP growth (annual %),NY.GDP.MKTP.KD.ZG,-0.105610857694984,0.0427388878891435,-0.15739179314221,0.0045039972976042,2.33521742067693,-3.37338262476895,1.44724556489263,-7.5443637547282,2.964010610466,3.94809757938053,-15.7064024545862,5.37983838954712,10.3968076616121,3.65221012208734,2.052738472526
Dominica,DMA,GDP per capita (current US$),NY.GDP.PCAP.CD,7549.61964680375,7705.40717248319,7528.51001990155,7822.21797211398,8131.74876096735,8282.59874702141,8802.56172041363,8224.64896571414,9215.3085405645,9491.14995962374,7827.74842680426,8376.40414141113,9323.66089490562,9912.96212766668,10405.2787777582
Dominica,DMA,"Population, total",SP.POP.TOTL,68859,69053,69118,69715,70373,70410,69606,68496,68174,67880,67573,67202,66826,66510,66205
Dominica,DMA,"Government expenditure on education, total (% of GDP)",SE.XPD.TOTL.GD.ZS,..,..,4.52896287885139,4.35428103166344,4.33216630134647,3.40711998939514,5.12971951862684,4.71605005720456,5.1536046272165,5.53449010848999,4.69630002975464,5.71689183034862,6.04314243406571,4.69423746286593,5.38572189060925
Dominica,DMA,Current health expenditure (% of GDP),SH.XPD.CHEX.GD.ZS,5.15711927,5.33450365,5.79509926,5.34749842,5.26141691,5.15941811,5.12308073,5.46245432,6.18495989,5.16903925,6.12651205,6.31661367,6.31969738,..,..
Dominica,DMA,Access to electricity (% of population),EG.ELC.ACCS.ZS,91.3,90.1,93.5,94.6,95.7,96.7,97.8,98.9,99.6,99.9,100,100,100,100,..
Dominica,DMA,Individuals using the Internet (% of population),IT.NET.USER.ZS,47.45,48.6,49.8,51,57.5,65,67.03,69.6197,..,73.3819,75.6567,82.6979,83.3101,83.8255,..
Dominica,DMA,"Life expectancy at birth, total (years)",SP.DYN.LE00.IN,71.68,71.517,71.391,71.228,71.189,69.968,71.189,68.62,71.378,71.305,71.269,69.832,71.081,71.132,..
Dominica,DMA,"School enrollment, primary (% gross)",SE.PRM.ENRR,105.756985055231,107.474907554147,108.432130011989,109.373698097486,103.483055406132,103.668965517241,102.005850396991,109.576427255985,97.3663705781518,97.5702715578847,99.3255179058937,101.036354663596,100.808761583825,99.0721649484536,96.7877094972067
Dominica,DMA,"School enrollment, secondary (% gross)",SE.SEC.ENRR,108.655853271484,109.177848815918,102.783400809717,..,93.3871994018555,95.9454803466797,..,..,..,105.625543006082,105.181579589844,105.535634244733,105.387588500977,102.585807800293,..
Dominica,DMA,Urban population (% of total population),SP.URB.TOTL.IN.ZS,68.094,68.389,68.685,68.982,69.28,69.579,69.88,70.181,70.483,70.786,71.09,71.395,71.7,72.006,72.312
Dominica,DMA,Trade (% of GDP),NE.TRD.GNFS.ZS,..,..,..,..,..,..,..,..,..,..,..,..,..,..,..
Dominica,DMA,Gross fixed capital formation (% of GDP),NE.GDI.FTOT.ZS,..,..,..,..,..,..,..,..,..,..,..,..,..,..,..
Dominica,DMA,"Unemployment, total (% of total labor force) (modeled ILO estimate)",SL.UEM.TOTL.ZS,..,..,..,..,..,..,..,..,..,..,..,..,..,..,..
Dominican Republic,DOM,GDP growth (annual %),NY.GDP.MKTP.KD.ZG,8.40114541209596,3.19196227475523,2.77567100848816,4.93473300709881,7.11122629673892,6.98771131236387,6.71974078681295,3.93386176401576,7.09751640210159,4.8940301149584,-7.92905234231061,14.0124289062207,5.23795652902595,2.19229848237939,4.95169687182482
Dominican Republic,DOM,GDP per capita (current US$),NY.GDP.PCAP.CD,5478.62470398954,5826.51014109195,6013.81965002603,6136.59429329301,6496.45166971142,6800.95309395474,7160.44200982307,7412.71571571512,7882.98221584944,8183.01623600375,7135.22273255899,8527.0754858205,10104.2449349081,10630.431743829,10875.6618443092
Dominican Republic,DOM,"Population, total",SP.POP.TOTL,9820175,9945621,10070411,10193833,10315528,10434829,10551430,10666843,10782053,10894043,11008300,11123476,11230734,11331265,11427557
Dominican Republic,DOM,"Government expenditure on education, total (% of GDP)",SE.XPD.TOTL.GD.ZS,1.88728788680129,1.87925755786153,..,3.62818152019188,3.62243443144513,3.60400277306673,3.85049560792469,3.92026752279272,3.92849467476802,4.04276873126053,4.51769850778985,3.58043271614957,3.61088872070271,3.7606477375256,..
Dominican Republic,DOM,Current health expenditure (% of GDP),SH.XPD.CHEX.GD.ZS,4.92355442,5.03797865,5.04897833,4.91598225,4.79757166,4.72216797,4.57663107,4.49336958,4.12601566,4.23948717,4.93967104,4.91807747,4.57254791,..,..
Dominican Republic,DOM,Access to electricity (% of population),EG.ELC.ACCS.ZS,98.1,97.9,97.9,98.4,98.5,98.6,98.9,100,98.9,99,100,98.1,98.1,99.6,..
Dominican Republic,DOM,Individuals using the Internet (% of population),IT.NET.USER.ZS,31.4,38,42.32,45.9,49.58,54.2158,63.8709,67.5712,74.822,79.7155,81.6173,85.243,81.5127,84.6161,91.0022
Dominican Republic,DOM,"Life expectancy at birth, total (years)",SP.DYN.LE00.IN,72.039,72.496,72.817,73.038,73.145,72.982,72.889,73.37,73.555,73.112,72.636,71.757,74.211,73.72,..
Dominican Republic,DOM,"School enrollment, primary (% gross)",SE.PRM.ENRR,110.497961182388,110.200677757395,108.469020139424,109.528244906823,108.064549120947,112.013491719354,110.70487684674,108.019439917331,105.858397882856,112.333610534668,105.925242398247,96.8704570451147,100.492291150329,101.644848757662,101.939084340722
Dominican Republic,DOM,"School enrollment, secondary (% gross)",SE.SEC.ENRR,77.9718275378447,77.4272200156803,77.986106386808,79.1714978028552,80.11454424521,79.9378896410207,80.0944728713855,79.9406801126231,80.2159299988463,81.8562360431581,80.0444119218853,75.7044807816311,76.5283197247412,75.4805556926418,76.3648403372637
Dominican Republic,DOM,Urban population (% of total population),SP.URB.TOTL.IN.ZS,73.753,74.827,75.802,76.749,77.67,78.566,79.436,80.277,81.074,81.828,82.54,83.213,83.848,84.446,85.011
Dominican Republic,DOM,Trade (% of GDP),NE.TRD.GNFS.ZS,56.0573964175321,59.0692578401698,58.5062536731089,56.8137658014945,55.6601041506633,52.3471238667007,51.7306571245477,50.7595355508472,52.3351709577013,50.912982200697,44.7331613466756,51.9500227303115,54.3781976712844,49.8436131764417,51.7835143952326
Dominican Republic,DOM,Gross fixed capital formation (% of GDP),NE.GDI.FTOT.ZS,24.9200517402196,24.3778439913801,23.6441763702234,21.8222569473428,22.1985116552393,22.5773862286248,22.168510614524,20.9638452990699,24.8205752388366,24.9843138217951,24.8098538977154,28.9495612066708,29.9670054753193,28.9835484421124,26.1210921622134
Dominican Republic,DOM,"Unemployment, total (% of total labor force) (modeled ILO estimate)",SL.UEM.TOTL.ZS,5.212,6.087,6.722,7.351,6.719,7.605,7.284,5.832,5.861,6.356,6.126,7.702,5.504,5.555,5.473
Ecuador,ECU,GDP growth (annual %),NY.GDP.MKTP.KD.ZG,4.02913787986621,8.48147656332823,5.783212336172,7.21123653679159,4.22606520388456,0.119692109287612,-0.687954245877947,5.97039880954841,1.04429460679607,0.1654044646003,-9.24509619165865,9.42189269033631,5.86842354862311,1.98823813984235,-2.00125476341026
Ecuador,ECU,GDP per capita (current US$),NY.GDP.PCAP.CD,4520.30959039763,5153.6916424375,5634.08393191094,6109.29031510341,6405.79979300441,5976.1596805651,5917.63771271481,6233.32244797718,6303.91886658338,6205.05765246766,5463.64515348598,6061.32350181711,6515.58528418336,6737.84748379638,6874.705739766
Ecuador,ECU,"Population, total",SP.POP.TOTL,15076695,15326227,15572194,15807128,16035124,16266225,16505139,16759519,17049547,17340021,17546065,17682454,17823897,17980083,18135478
Ecuador,ECU,"Government expenditure on education, total (% of GDP)",SE.XPD.TOTL.GD.ZS,4.60028982162476,4.74424982070923,4.65310001373291,4.92997980117798,5.21020984649658,5.10570001602173,4.46397668804552,4.60667733499397,4.6250260585881,4.2457799911499,4.26103019714355,3.64776992797852,3.59897994995117,3.89365005493164,..
Ecuador,ECU,Current health expenditure (% of GDP),SH.XPD.CHEX.GD.ZS,6.34925699,6.60509682,6.87859821,6.77866411,6.76601839,7.76786041,7.58817482,7.52484131,7.83214045,7.80768251,8.6576252,8.20646191,7.53457022,..,..
Ecuador,ECU,Access to electricity (% of population),EG.ELC.ACCS.ZS,97.5,96.9,97.2,98,99,98.8,98.7,99.2,98.7,99.1,98.9,100,100,98.7,..
Ecuador,ECU,Individuals using the Internet (% of population),IT.NET.USER.ZS,29.03,31.3668,35.1351,40.2791,45.5904,48.9404,54.0629,55.8,57.5,59.2,70.7,69.1148,69.7181,72.6943,77.1727
Ecuador,ECU,"Life expectancy at birth, total (years)",SP.DYN.LE00.IN,75.188,75.179,75.486,75.832,76.141,76.222,76.094,76.22,77.248,77.286,72.004,72.746,76.577,77.392,..
Ecuador,ECU,"School enrollment, primary (% gross)",SE.PRM.ENRR,108.529831519835,108.222664680389,105.657930195512,104.495253899633,105.59687272731,101.055189173942,98.960813930118,98.1861872199016,98.8828234359272,98.3159782205083,98.1163823787708,98.1757597284585,99.5680141602854,97.2490097236115,..
Ecuador,ECU,"School enrollment, secondary (% gross)",SE.SEC.ENRR,91.5583877563477,95.6929702758789,98.554801940918,100.659210205078,102.590339660645,100.791786193848,98.0803764939006,96.1637651807361,94.9748100922065,93.8371637137576,93.9849491291463,94.5899282617776,94.1335305764161,92.8118025876465,..
Ecuador,ECU,Urban population (% of total population),SP.URB.TOTL.IN.ZS,62.69,62.851,62.988,63.125,63.261,63.398,63.534,63.67,63.821,63.986,64.166,64.361,64.57,64.792,65.029
Ecuador,ECU,Trade (% of GDP),NE.TRD.GNFS.ZS,65.7773849135062,70.0356837525249,67.0029290916898,63.4333003342414,61.4263766217565,47.8280397077826,40.5344917996647,43.6177233172817,48.0093476154836,48.0828494933307,43.9893109378389,53.261275610573,61.880792818786,56.9977535649091,57.2031395531255
Ecuador,ECU,Gross fixed capital formation (% of GDP),NE.GDI.FTOT.ZS,19.7127718521821,20.9410177780933,22.1395923781794,23.9253464733797,23.4838892665471,22.5415046121288,20.7148337835895,21.4612286161457,20.9884220968604,20.6549277978524,17.9954424258669,19.2305887994517,20.5795493948707,19.8518103497966,18.4101486634308
Ecuador,ECU,"Unemployment, total (% of total labor force) (modeled ILO estimate)",SL.UEM.TOTL.ZS,4.088,3.458,3.235,3.083,3.48,3.616,4.597,3.836,3.53,3.812,6.127,4.552,3.761,3.51,4.773
"Egypt, Arab Rep.",EGY,GDP growth (annual %),NY.GDP.MKTP.KD.ZG,5.1472348575531,1.7645719489982,2.22619979863525,2.18546605362143,2.91591187985748,4.37201907790141,4.34664345555447,4.18122099994778,5.3311086189448,5.55209307156956,3.55016483786838,3.29064601202211,6.58784560886967,3.76028052279247,2.3991692678251
"Egypt, Arab Rep.",EGY,GDP per capita (current US$),NY.GDP.PCAP.CD,2455.08194645282,2590.64384891965,2996.0677072015,3025.52563552448,3133.39102265541,3306.98159414141,3270.6287768197,2395.10333299491,2484.70315630508,2962.98892023003,3511.11381026379,3827.35415374308,4233.30783744856,3456.78968456253,3338.47371395895
"Egypt, Arab Rep.",EGY,"Population, total",SP.POP.TOTL,89196072,91093059,93161001,95333553,97528654,99597342,101644589,103696057,105682094,107553158,109315124,110957008,112618250,114535772,116538258
"Egypt, Arab Rep.",EGY,"Government expenditure on education, total (% of GDP)",SE.XPD.TOTL.GD.ZS,..,..,..,..,..,..,..,..,..,..,..,..,..,..,..
"Egypt, Arab Rep.",EGY,Current health expenditure (% of GDP),SH.XPD.CHEX.GD.ZS,4.15319157,4.35707569,4.45891809,4.6710043,4.77415323,5.06153202,5.07462406,5.34661913,4.74892998,4.5994668,4.15384626,4.60955143,4.70438385,..,..
"Egypt, Arab Rep.",EGY,Access to electricity (% of population),EG.ELC.ACCS.ZS,99.4,99.4,99.7,99.9,99.8,99.3,100,100,100,100,100,100,100,100,..
"Egypt, Arab Rep.",EGY,Individuals using the Internet (% of population),IT.NET.USER.ZS,21.6,25.6,26.4,29.4,33.8946,37.8194,41.2481,44.9502,46.9243,57.2829,71.9142,72.056,72.1981,72.6899,..
"Egypt, Arab Rep.",EGY,"Life expectancy at birth, total (years)",SP.DYN.LE00.IN,69.078,69.232,69.464,69.632,69.911,70.135,70.437,70.709,70.974,71.213,69.79,68.976,71.01,71.633,..
"Egypt, Arab Rep.",EGY,"School enrollment, primary (% gross)",SE.PRM.ENRR,90.9477588784227,87.469737936967,91.8601632814812,91.5819650596849,89.1874065189482,..,90.1130487612999,90.6515125272044,92.6909066089532,94.2500854039165,95.6433012164233,97.0010583504222,89.5100870340285,95.9217069393801,96.7073863024522
"Egypt, Arab Rep.",EGY,"School enrollment, secondary (% gross)",SE.SEC.ENRR,64.7296371459961,72.5487594604492,73.0182495117188,73.8954466194364,73.3723421134374,..,75.7524086692863,76.4337653082262,76.9816189396849,77.9093978841525,79.6544750074231,81.8833487066739,..,84.474862198776,84.8286031306453
"Egypt, Arab Rep.",EGY,Urban population (% of total population),SP.URB.TOTL.IN.ZS,43.019,43,42.946,42.893,42.839,42.785,42.732,42.705,42.704,42.73,42.783,42.862,42.967,43.1,43.258
"Egypt, Arab Rep.",EGY,Trade (% of GDP),NE.TRD.GNFS.ZS,47.9363500745898,45.2556341623514,40.7117692721084,40.373038056332,36.9201877934272,34.8459429600229,30.2465490514505,42.8321343581608,45.9110196733959,41.1240171551108,32.1262555667523,29.8569734808122,36.9831048772713,40.4504007720031,39.6007520873733
"Egypt, Arab Rep.",EGY,Gross fixed capital formation (% of GDP),NE.GDI.FTOT.ZS,19.2110061329355,16.7092115819415,14.6951692840509,12.9864545259084,12.4460093896714,13.6544048447154,14.4681479294309,16.3133564922454,18.4089837555184,18.7723373838456,16.958684133537,16.285212588735,18.0439910742748,15.1318510349174,11.6981379076204
"Egypt, Arab Rep.",EGY,"Unemployment, total (% of total labor force) (modeled ILO estimate)",SL.UEM.TOTL.ZS,8.757,11.849,12.597,13.154,13.105,13.052,12.45,11.767,9.855,7.851,7.974,7.441,7.344,7.334,7.198
El Salvador,SLV,GDP growth (annual %),NY.GDP.MKTP.KD.ZG,2.15419536693635,3.77358499834686,2.88770010188691,2.18295232499635,1.7293998423459,2.40000008852115,2.53906241135864,2.24761908134138,2.4124442237792,2.43747159065784,-7.893101359867,11.9047617015957,2.95461516549889,3.5391566928735,2.60202016121069
El Salvador,SLV,GDP per capita (current US$),NY.GDP.PCAP.CD,3040.07300952878,3330.60049486653,3497.91256915509,3582.26694005169,3666.01248913873,3790.34089108162,3901.34014965811,4020.12671373919,4183.54620971358,4320.11671534627,3997.19279583709,4642.60743101342,5074.60210221806,5365.44491399171,5579.65969165029
El Salvador,SLV,"Population, total",SP.POP.TOTL,6068249,6090127,6113975,6138839,6162955,6183676,6200800,6213533,6219807,6222318,6234673,6255782,6280319,6309624,6338193
El Salvador,SLV,"Government expenditure on education, total (% of GDP)",SE.XPD.TOTL.GD.ZS,4.04807996749878,3.89854001998901,3.7124400138855,3.80149006843567,3.82416009902954,3.90987992286682,3.82523989677429,3.7252299785614,3.60575008392334,3.38710999488831,3.66088008880615,3.57766008377075,3.25634002685547,3.17218995094299,..
El Salvador,SLV,Current health expenditure (% of GDP),SH.XPD.CHEX.GD.ZS,8.90416241,8.87645435,8.60625362,9.05235958,8.5989418,8.75833225,8.71456337,8.42286873,8.322752,8.80846119,8.95105076,10.12668991,9.84079742,..,..
El Salvador,SLV,Access to electricity (% of population),EG.ELC.ACCS.ZS,91.6,92.6,93.7,95,95.1,95.4,96,96.8,97,97.4,99.7,97.9,100,98.3,..
El Salvador,SLV,Individuals using the Internet (% of population),IT.NET.USER.ZS,15.9,18.9,20.3214,23.1093,24.7617,26.8026,28.9971,33.8207,43.8,50.4912,54.6014,61.7527,65.5298,67.6558,..
El Salvador,SLV,"Life expectancy at birth, total (years)",SP.DYN.LE00.IN,70.909,71.192,71.42,71.225,71.144,70.952,70.908,71.007,71.384,71.725,70.244,69.941,71.969,72.099,..
El Salvador,SLV,"School enrollment, primary (% gross)",SE.PRM.ENRR,111.703523728467,110.558314695839,109.439958408779,107.756009020989,106.234750251213,104.056527416248,101.843930228579,98.3138463687883,96.8014948340295,91.6274097482467,90.6579425663395,89.0818774059816,89.1304089502047,90.8837213469188,89.8804082588561
El Salvador,SLV,"School enrollment, secondary (% gross)",SE.SEC.ENRR,68.1448218125398,69.7446217742312,70.8309781500769,72.2452860122263,71.3858349113676,70.725825383614,68.2966095615156,66.1074423967185,66.9325713689265,64.8486537180759,65.1837191291627,64.9813787512946,65.2267824913058,65.5709865566541,62.1425847697468
El Salvador,SLV,Urban population (% of total population),SP.URB.TOTL.IN.ZS,65.452,66.325,67.187,68.036,68.874,69.7,70.501,71.275,72.023,72.746,73.444,74.118,74.767,75.393,75.996
El Salvador,SLV,Trade (% of GDP),NE.TRD.GNFS.ZS,73.5372876725398,79.2766437025052,77.6485716222883,80.4511944908271,78.1044257477935,76.5602707370519,72.8190933731491,74.3046511916519,75.6336168879956,76.0420130991468,66.4595069497083,81.8450759800765,88.7011093776867,81.7147723425988,84.6596461582312
El Salvador,SLV,Gross fixed capital formation (% of GDP),NE.GDI.FTOT.ZS,14.7530995364247,16.2875460096688,16.5962082936854,17.5342504374525,15.4447723169571,15.6921765456792,15.4902789954955,16.0287823584352,17.1694237505693,17.7597006674568,17.4555067394454,21.0450385185624,21.6475808688515,21.9630270509134,22.1882903303157
El Salvador,SLV,"Unemployment, total (% of total labor force) (modeled ILO estimate)",SL.UEM.TOTL.ZS,4.893,4.297,3.843,3.693,4.154,3.998,4.418,4.385,4.006,4.17,5.008,4.327,2.999,2.992,2.839
Equatorial Guinea,GNQ,GDP growth (annual %),NY.GDP.MKTP.KD.ZG,-8.92417588851806,6.52392362989873,8.31287184445641,-4.13319850131583,0.415066301596866,-9.11004114881537,-8.81641723219757,-5.66750850486686,-6.23654406734575,-5.48182537893445,-4.79108083383294,0.860269956382069,3.22350831658598,-5.08930872071532,0.907248245986736
Equatorial Guinea,GNQ,GDP per capita (current US$),NY.GDP.PCAP.CD,13720.1658723222,17198.2136668275,17308.5723924575,16304.0713196418,15548.6624656619,9068.91003238645,7453.19797948517,7809.10465655488,8102.47084834031,6804.14923073888,5764.05502912947,6945.63069794539,7589.29964909381,6677.793435386,6745.40013244916
Equatorial Guinea,GNQ,"Population, total",SP.POP.TOTL,1189085,1241835,1293483,1346218,1399828,1453923,1508186,1562396,1616422,1670177,1716468,1758786,1803545,1847549,1892516
Equatorial Guinea,GNQ,"Government expenditure on education, total (% of GDP)",SE.XPD.TOTL.GD.ZS,..,..,..,..,..,..,..,..,..,..,..,..,..,..,..
Equatorial Guinea,GNQ,Current health expenditure (% of GDP),SH.XPD.CHEX.GD.ZS,1.62134743,1.42923641,1.51459455,1.64174414,1.7540164,2.34058237,2.85941601,2.7471416,2.85223722,3.16780853,3.99582434,3.39468098,2.91350007,..,..
Equatorial Guinea,GNQ,Access to electricity (% of population),EG.ELC.ACCS.ZS,66.1,66.1,65.7,65.9,66,66.1,66.2,66.4,66.5,66.6,66.7,66.8,67,66.9,..
Equatorial Guinea,GNQ,Individuals using the Internet (% of population),IT.NET.USER.ZS,6,11.5,13.9432,16.4,18.86,21.32,23.78,26.24,..,49.1337,55.0013,58.7173,59.3433,60.3661,..
Equatorial Guinea,GNQ,"Life expectancy at birth, total (years)",SP.DYN.LE00.IN,58.344,58.827,59.301,59.784,60.228,60.635,61.081,61.481,61.915,62.297,62.141,62.447,63.355,63.707,..
Equatorial Guinea,GNQ,"School enrollment, primary (% gross)",SE.PRM.ENRR,56.0219993591309,54.6865997314453,54.9725494384766,..,..,47.5486488342285,..,..,..,..,..,..,..,..,..
Equatorial Guinea,GNQ,"School enrollment, secondary (% gross)",SE.SEC.ENRR,..,..,..,..,..,..,..,..,..,..,..,..,..,..,..
Equatorial Guinea,GNQ,Urban population (% of total population),SP.URB.TOTL.IN.ZS,65.94,67.488,69,69.544,70.083,70.616,71.138,71.646,72.143,72.627,73.1,73.561,74.01,74.448,74.874
Equatorial Guinea,GNQ,Trade (% of GDP),NE.TRD.GNFS.ZS,144.668225001248,114.37734663649,116.675422472364,106.893284926066,104.379198671388,98.8780591680756,92.6007307237942,102.428258251803,103.645681622953,94.8787924253545,77.9278846441807,76.9666485998527,81.8130161368099,61.443281519042,60.5414510975907
Equatorial Guinea,GNQ,Gross fixed capital formation (% of GDP),NE.GDI.FTOT.ZS,42.3216550737194,38.1605608101647,46.5595457630897,30.170136656716,28.5770847128071,24.5309681838823,16.5504331560808,13.9565530197219,12.6801434398089,11.3929818569737,7.55519736848281,8.0569099526607,7.57452706152852,9.3108984864249,9.07181309458443
Equatorial Guinea,GNQ,"Unemployment, total (% of total labor force) (modeled ILO estimate)",SL.UEM.TOTL.ZS,8.07,8.045,7.957,7.86,7.845,7.95,7.962,8.004,7.967,8.064,8.781,8.976,8.455,8.367,7.823
Eritrea,ERI,GDP growth (annual %),NY.GDP.MKTP.KD.ZG,2.19419034888082,8.67980010138049,..,..,..,..,..,..,..,..,..,..,..,..,..
Eritrea,ERI,GDP per capita (current US$),NY.GDP.PCAP.CD,539.699512069686,688.68165957684,..,..,..,..,..,..,..,..,..,..,..,..,..
Eritrea,ERI,"Population, total",SP.POP.TOTL,2945186,2998485,3036988,3074360,3095173,3105546,3124698,3150347,3192760,3240194,3291271,3350183,3409447,3470390,3535603
Eritrea,ERI,"Government expenditure on education, total (% of GDP)",SE.XPD.TOTL.GD.ZS,..,..,..,..,..,..,..,..,..,..,..,..,..,..,..
Eritrea,ERI,Current health expenditure (% of GDP),SH.XPD.CHEX.GD.ZS,4.81866503,5.1622901,3.74245787,4.96765137,3.91432285,4.50776815,3.73838949,4.15359449,4.24748898,4.64806461,4.31046677,4.17839003,3.87447667,..,..
Eritrea,ERI,Access to electricity (% of population),EG.ELC.ACCS.ZS,40.1,41.2,42.3,43.5,44.6,45.8,46.9,48,49.1,50.3,51.4,52.5,53.4,54.4,..
Eritrea,ERI,Individuals using the Internet (% of population),IT.NET.USER.ZS,0.61,0.7,0.8,0.9,0.99,1.08373,1.17712,2.5,5.3,11.2,14.3494,18.3844,18.7092,20.0104,..
Eritrea,ERI,"Life expectancy at birth, total (years)",SP.DYN.LE00.IN,63.665,64.231,64.697,65.005,65.517,65.909,66.242,66.612,66.979,67.306,66.98,66.94,67.789,68.624,..
Eritrea,ERI,"School enrollment, primary (% gross)",SE.PRM.ENRR,73.636848449707,79.17431640625,82.6438980102539,92.6765518188477,83.275146484375,82.3669509887695,..,78.3494720458984,78.7916488647461,..,..,..,89.7312469482422,..,..
Eritrea,ERI,"School enrollment, secondary (% gross)",SE.SEC.ENRR,51.5608596801758,51.8398818969727,52.7079315185547,51.34619140625,50.6653785705566,46.171501159668,..,44.911060333252,46.1723785400391,..,..,..,44.0441284179688,..,..
Eritrea,ERI,Urban population (% of total population),SP.URB.TOTL.IN.ZS,35.175,35.771,36.372,36.979,37.59,38.206,38.827,39.451,40.08,40.712,41.347,41.985,42.625,43.267,43.911
Eritrea,ERI,Trade (% of GDP),NE.TRD.GNFS.ZS,37.4714654565691,47.3937901188684,..,..,..,..,..,..,..,..,..,..,..,..,..
Eritrea,ERI,Gross fixed capital formation (% of GDP),NE.GDI.FTOT.ZS,12.3854014927083,12.626317662696,..,..,..,..,..,..,..,..,..,..,..,..,..
Eritrea,ERI,"Unemployment, total (% of total labor force) (modeled ILO estimate)",SL.UEM.TOTL.ZS,5.675,5.614,5.501,5.423,5.43,5.541,5.554,5.577,5.511,5.552,6.088,6.177,5.695,5.586,5.553
Estonia,EST,GDP growth (annual %),NY.GDP.MKTP.KD.ZG,2.4497502063999,7.60697458913162,3.67201872506541,1.75649379621869,3.32278988182702,1.83815262882932,3.09301920751959,5.63467248963991,3.69969756161726,3.72664943466884,-2.88380751483778,7.15444676280146,0.0604305165130938,-3.02303874520777,-0.261006210060856
Estonia,EST,GDP per capita (current US$),NY.GDP.PCAP.CD,14663.7041018705,17555.5455239426,17568.2137969714,19310.3874900757,20581.7898991695,17722.1557669523,18666.3736521706,20851.5223496861,23618.1361254581,24021.2501413306,23933.9939421065,27953.7670230126,28451.1477825175,30133.304450454,31170.0915091887
Estonia,EST,"Population, total",SP.POP.TOTL,1331475,1327439,1322696,1317997,1314545,1315407,1315790,1317384,1321977,1326898,1329522,1330932,1348840,1370286,1371986
Estonia,EST,"Government expenditure on education, total (% of GDP)",SE.XPD.TOTL.GD.ZS,5.51753997802734,4.99514007568359,4.67340993881226,4.78006982803345,4.32586002349854,5.05127000808716,5.05511999130249,4.86288022994995,5.13962984085083,5.16415023803711,5.44180011749268,5.21514987945557,5.20733976364136,..,..
Estonia,EST,Current health expenditure (% of GDP),SH.XPD.CHEX.GD.ZS,6.59433842,6.0781703,6.09506845,6.28062296,6.36199951,6.64135027,6.70240974,6.59727049,6.6912818,6.81699181,7.57906437,7.47860336,6.98701143,..,..
Estonia,EST,Access to electricity (% of population),EG.ELC.ACCS.ZS,100,100,100,100,100,100,100,100,100,100,100,100,100,100,..
Estonia,EST,Individuals using the Internet (% of population),IT.NET.USER.ZS,74.1,76.5,78.3899,80.0043,84.2415,88.4097,87.2402,88.1025,89.357,90.2289,89.0583,90.9797,91.5202,93.1834,92.238
Estonia,EST,"Life expectancy at birth, total (years)",SP.DYN.LE00.IN,75.4292682926829,76.2292682926829,76.3268292682927,77.1414634146341,77.0341463414634,77.590243902439,77.6414634146342,78.0926829268293,78.2439024390244,78.6463414634147,78.5951219512195,76.9439024390244,77.8439024390244,78.490243902439,..
Estonia,EST,"School enrollment, primary (% gross)",SE.PRM.ENRR,99.5972671508789,99.042839050293,98.3196105957031,97.6795196533203,97.5922622680664,97.1191482543945,97.2923431396484,97.2500534057617,97.4559478759766,98.1577224731445,98.3466720581055,98.8146667480469,99.2638168334961,98.3381576538086,..
Estonia,EST,"School enrollment, secondary (% gross)",SE.SEC.ENRR,110.888679504395,112.287406921387,112.536003112793,110.521713256836,107.685821533203,108.18879699707,111.596199035645,113.249786376953,112.759696960449,112.287200927734,112.527702331543,113.01091003418,112.551849365234,108.442070007324,..
Estonia,EST,Urban population (% of total population),SP.URB.TOTL.IN.ZS,68.094,67.965,67.974,68.122,68.269,68.416,68.563,68.717,68.88,69.051,69.229,69.415,69.609,69.81,70.019
Estonia,EST,Trade (% of GDP),NE.TRD.GNFS.ZS,143.671762256978,166.7460724339,169.156067773865,164.601632156916,157.953944842229,148.507157123558,147.7462327097,144.635650944133,143.485224864735,140.352147998549,137.392641283846,160.394681627556,174.563994182116,154.859244621649,151.980055920426
Estonia,EST,Gross fixed capital formation (% of GDP),NE.GDI.FTOT.ZS,21.2332633688528,26.3556426267409,28.4404236317146,27.5327683520592,25.3427695160167,24.0517427038414,23.9449043102923,25.4039470690204,26.5760517476199,26.6153386918257,31.1753648845812,28.713562078621,25.7845410088493,27.9270982440271,26.1061135526686
Estonia,EST,"Unemployment, total (% of total labor force) (modeled ILO estimate)",SL.UEM.TOTL.ZS,16.707,12.328,10.021,8.631,7.352,6.412,6.882,5.807,5.412,4.514,6.956,6.178,5.571,6.378,7.828
Eswatini,SWZ,GDP growth (annual %),NY.GDP.MKTP.KD.ZG,3.79375507745696,2.2472296183598,5.39663077036178,3.86121380492284,1.43589749286821,2.04693015099366,4.67584583731528,1.45679297569019,0.256586001893197,6.0831764512818,-2.86288213677992,3.43496891197057,1.1195906677553,3.44447831200682,2.64070461612
Eswatini,SWZ,GDP per capita (current US$),NY.GDP.PCAP.CD,3992.95199562618,4312.34243414155,4347.99569336631,3951.12008139006,3771.90796458406,3420.75357067279,3239.80707501414,3853.99147918102,3973.46344933667,3913.12643969301,3454.784217446,3966.29863253832,3889.65276959161,3741.69010745416,3936.10969242371
Eswatini,SWZ,"Population, total",SP.POP.TOTL,1111650,1117833,1123863,1129990,1136299,1142813,1149507,1158195,1168929,1179874,1192729,1206593,1218917,1230506,1242822
Eswatini,SWZ,"Government expenditure on education, total (% of GDP)",SE.XPD.TOTL.GD.ZS,6.11837005615234,6.86432981491089,5.59328219778155,5.08461029694871,7.3573899269104,5.35494723006471,5.43355309210979,6.177914116856,5.73687354676617,5.69914824136892,5.32546270122803,5.28714899285221,5.57274175738511,5.00431592836751,6.03082905337534
Eswatini,SWZ,Current health expenditure (% of GDP),SH.XPD.CHEX.GD.ZS,8.5912571,8.46997261,7.82047606,7.45703411,7.25596571,7.05855274,6.82044792,6.98103714,7.31937742,8.40033817,7.07603502,7.38329172,7.2226615,..,..
Eswatini,SWZ,Access to electricity (% of population),EG.ELC.ACCS.ZS,45.6,51.2,54.3,57.5,65,64.1,63.4,73.5,74,77,80,82.9,82.3,86.4,..
Eswatini,SWZ,Individuals using the Internet (% of population),IT.NET.USER.ZS,11.04,18.13,20.7818,24.7,25,25.643,28.57,35.3,39.4,43.9,49.013,53.9953,57.465,57.62,..
Eswatini,SWZ,"Life expectancy at birth, total (years)",SP.DYN.LE00.IN,48.331,49.057,50.714,52.11,53.491,54.941,56.228,57.574,58.707,59.85,59.862,58.228,63.028,64.123,..
Eswatini,SWZ,"School enrollment, primary (% gross)",SE.PRM.ENRR,123.160533409574,122.704797199075,122.64780160954,122.925602493288,123.990655603286,124.645792886943,123.849988082778,123.79425580389,123.906487641965,123.596847259682,..,..,117.195740765085,116.527002594136,..
Eswatini,SWZ,"School enrollment, secondary (% gross)",SE.SEC.ENRR,64.5977020263672,67.2353363037109,69.2019271850586,70.8080825805664,73.7052383422852,76.2872772216797,82.023935767308,..,..,..,..,..,88.2913589477539,..,..
Eswatini,SWZ,Urban population (% of total population),SP.URB.TOTL.IN.ZS,22.48,22.7,22.849,22.999,23.149,23.3,23.459,23.625,23.799,23.981,24.171,24.369,24.576,24.79,25.013
Eswatini,SWZ,Trade (% of GDP),NE.TRD.GNFS.ZS,..,..,..,85.178074262072,91.5997199256524,88.2380778212486,89.3135033741698,86.8600357143891,85.4753716503961,86.6412229625686,84.3006119726657,90.3327981678426,92.6789042197449,100.093236371966,..
Eswatini,SWZ,Gross fixed capital formation (% of GDP),NE.GDI.FTOT.ZS,..,..,..,16.4000558301408,16.196387043152,15.0980726402769,17.7616831597635,16.1922013374422,17.1238052860597,17.6612119592774,14.283990469391,16.6928818491214,14.8275779013879,16.085828378181,..
Eswatini,SWZ,"Unemployment, total (% of total labor force) (modeled ILO estimate)",SL.UEM.TOTL.ZS,26.736,25.987,25.128,24.448,23.828,23.285,22.718,24.523,26.369,28.138,32.944,34.153,35.359,35.086,34.4
Ethiopia,ETH,GDP growth (annual %),NY.GDP.MKTP.KD.ZG,12.5505383459307,11.1782962271642,8.64781163337369,10.5822700482676,10.2574929610054,10.3924630202332,9.43348265784411,9.56418965754014,6.81614778557282,8.36408573314054,6.05953089054807,5.64153069257077,5.32175988403378,6.59424599357075,7.31669112848382
Ethiopia,ETH,GDP per capita (current US$),NY.GDP.PCAP.CD,330.619412798644,343.024942351887,452.101031885754,484.039833104062,549.986577082588,621.845673808133,696.196084806324,745.632433925343,747.968003672674,828.709080522921,905.313159254148,910.947887074508,1011.07332413462,..,..
Ethiopia,ETH,"Population, total",SP.POP.TOTL,90538514,93149970,95798767,98438751,101115610,103867135,106718162,109666481,112664152,115737383,118917671,122138588,125384287,128691692,132059767
Ethiopia,ETH,"Government expenditure on education, total (% of GDP)",SE.XPD.TOTL.GD.ZS,4.49659013748169,5.48576021194458,5.56678009033203,4.4985499382019,4.60201978683472,4.73791868878759,5.06151399998447,5.49905076025271,5.22011189522399,4.48086946127054,4.0905654220699,4.06524874309096,3.73649512188829,2.9272447768927,2.2978069565991
Ethiopia,ETH,Current health expenditure (% of GDP),SH.XPD.CHEX.GD.ZS,5.46637249,4.46897745,4.5395956,4.07506514,4.03365517,3.82316828,3.60033751,3.45336914,3.30371761,3.24287128,3.48096275,3.2075386,2.85274577,..,..
Ethiopia,ETH,Access to electricity (% of population),EG.ELC.ACCS.ZS,25.5,23,29,30.8,27.2,29,42.9,44.3,44.8,48,51.1,54.2,55.4,55.4,..
Ethiopia,ETH,Individuals using the Internet (% of population),IT.NET.USER.ZS,0.75,1.1,2.9,4.6,7.7,13.8552,15.3669,15.6,15.9,16,16.0696,16.6981,..,..,..
Ethiopia,ETH,"Life expectancy at birth, total (years)",SP.DYN.LE00.IN,59.709,60.595,61.443,62.161,62.927,63.592,64.162,64.766,65.257,65.741,65.969,65.33,66.897,67.315,..
Ethiopia,ETH,"School enrollment, primary (% gross)",SE.PRM.ENRR,88.511037030714,90.6282577514648,89.9253221073517,..,93.1145890062913,94.0857534729235,..,101.223991472845,..,..,112.6701710274,101.338920969252,84.6317733971345,83.7319745881618,84.4160102082984
Ethiopia,ETH,"School enrollment, secondary (% gross)",SE.SEC.ENRR,33.0478591918945,34.4468994140625,36.2193489074707,..,..,33.9114221981431,..,..,..,..,..,..,..,..,..
Ethiopia,ETH,Urban population (% of total population),SP.URB.TOTL.IN.ZS,17.319,17.735,18.16,18.575,18.998,19.428,19.866,20.31,20.763,21.225,21.695,22.174,22.661,23.157,23.661
Ethiopia,ETH,Trade (% of GDP),NE.TRD.GNFS.ZS,..,48.232935411689,45.3979041835072,41.4717870807625,40.7410841498626,39.6561241449515,34.8990210816111,31.1036494929016,31.1993689777881,28.8152939288346,24.0061143401794,24.3450574647644,26.5954996967313,20.5982015072652,17.3147892774538
Ethiopia,ETH,Gross fixed capital formation (% of GDP),NE.GDI.FTOT.ZS,..,32.1076664694521,37.0979619673542,34.0811183155872,37.9937253037378,40.6712729848122,37.3487629699646,38.4439871569806,34.1629551124182,35.2639756254811,30.5789686594943,28.0252954109363,25.3422268254436,22.1694039604718,20.4985854532076
Ethiopia,ETH,"Unemployment, total (% of total labor force) (modeled ILO estimate)",SL.UEM.TOTL.ZS,2.3,2.275,2.255,2.251,2.359,2.443,2.554,2.662,2.802,2.917,3.994,3.935,3.409,3.402,3.398
Faroe Islands,FRO,GDP growth (annual %),NY.GDP.MKTP.KD.ZG,-0.379817991218616,3.56636317884431,7.08148344487884,5.85614389735763,5.43214206841004,0.958001934486234,1.38644795938293,3.51201367488443,2.76370952267429,4.53851028676189,-1.63732118017028,5.50438017256558,3.55602380418398,2.4890581166362,..
Faroe Islands,FRO,GDP per capita (current US$),NY.GDP.PCAP.CD,47923.1515374991,51618.9907766392,50261.9616267693,55758.2083680611,60172.0632541664,52635.0375463609,56875.2803813296,59387.353086482,62526.4908515743,63067.0695697911,62240.822409175,68749.4005557957,66139.3809716876,71774.3522353393,..
Faroe Islands,FRO,"Population, total",SP.POP.TOTL,48657,48543,48291,48246,48428,48901,49464,50180,50996,51793,52567,53305,53927,54439,54719
Faroe Islands,FRO,"Government expenditure on education, total (% of GDP)",SE.XPD.TOTL.GD.ZS,..,..,..,..,..,..,..,..,..,..,..,..,..,..,..
Faroe Islands,FRO,Current health expenditure (% of GDP),SH.XPD.CHEX.GD.ZS,..,..,..,..,..,..,..,..,..,..,..,..,..,..,..
Faroe Islands,FRO,Access to electricity (% of population),EG.ELC.ACCS.ZS,100,100,100,100,100,100,100,100,100,100,100,100,100,100,..
Faroe Islands,FRO,Individuals using the Internet (% of population),IT.NET.USER.ZS,75.2,80.7322,85.3352,90,93.3,94.2,95.1087,97.582,..,..,..,..,..,..,..
Faroe Islands,FRO,"Life expectancy at birth, total (years)",SP.DYN.LE00.IN,80.6390243902439,80.890243902439,81.090243902439,81.3414634146341,81.5926829268293,81.7926829268293,81.9926829268293,82.1439024390244,82.2926829268293,82.4439024390244,82.6439024390244,82.8439024390244,82.9439024390244,83.1439024390244,..
Faroe Islands,FRO,"School enrollment, primary (% gross)",SE.PRM.ENRR,..,..,..,..,..,..,..,..,..,..,..,..,..,..,..
Faroe Islands,FRO,"School enrollment, secondary (% gross)",SE.SEC.ENRR,..,..,..,..,..,..,..,..,..,..,..,..,..,..,..
Faroe Islands,FRO,Urban population (% of total population),SP.URB.TOTL.IN.ZS,40.926,41.088,41.225,41.363,41.501,41.638,41.777,41.914,42.064,42.225,42.398,42.583,42.779,42.987,43.206
Faroe Islands,FRO,Trade (% of GDP),NE.TRD.GNFS.ZS,97.1839685226701,105.846453473678,117.158504925495,114.062282820929,106.142539193387,105.610671594387,104.552703002397,107.238400162626,106.874168106959,108.623704975373,96.2241937518396,104.473032035173,124.535531033936,114.33787884979,..
Faroe Islands,FRO,Gross fixed capital formation (% of GDP),NE.GDI.FTOT.ZS,..,..,..,..,..,..,..,..,..,..,..,..,..,..,..
Faroe Islands,FRO,"Unemployment, total (% of total labor force) (modeled ILO estimate)",SL.UEM.TOTL.ZS,..,..,..,..,..,..,..,..,..,..,..,..,..,..,..
Fiji,FJI,GDP growth (annual %),NY.GDP.MKTP.KD.ZG,2.95467242212241,2.70514302901049,1.41131438177968,4.73421948956532,5.60351440618308,4.50120041028764,2.44565179664174,5.35336455965106,3.81235122208518,-0.581946709343811,-17.0386673704039,-4.88103619598493,19.7927266886699,7.5242913513424,3.82899888724594
Fiji,FJI,GDP per capita (current US$),NY.GDP.PCAP.CD,3449.14452883369,4139.60288609702,4341.40338748749,4572.44377544245,5293.35676680464,5097.53106864695,5363.79026679243,5826.84814459328,6085.41979485376,5950.82866866702,4844.42127154524,4696.17103944634,5405.03006162671,5888.73667332429,6288.39867264416
Fiji,FJI,"Population, total",SP.POP.TOTL,910419,912989,914918,916352,917585,918578,919166,918759,917180,914899,914963,916711,919422,924145,928784
Fiji,FJI,"Government expenditure on education, total (% of GDP)",SE.XPD.TOTL.GD.ZS,..,4.17305994033813,4.46150592221937,3.88288998603821,3.76960923580896,4.80931781024695,4.83590249175322,4.65119160575452,4.79706049383602,5.15273175975853,5.80519512902055,4.8526862712935,3.93839539074194,4.24679790890603,..
Fiji,FJI,Current health expenditure (% of GDP),SH.XPD.CHEX.GD.ZS,3.41664124,3.14293504,3.2655499,3.20040679,3.36860466,3.32468939,3.27979708,3.18689561,4.10572624,4.28229284,5.28987408,7.06084681,4.00910091,3.57928777,..
Fiji,FJI,Access to electricity (% of population),EG.ELC.ACCS.ZS,92.4,92.5,92.6,91.8,93,93.2,93.4,96,95.1,96.1,97.1,92.1,92,99.3,..
Fiji,FJI,Individuals using the Internet (% of population),IT.NET.USER.ZS,20,28,33.7424,35.2,37.4,42.5,49.42,53.6474,58.2364,63.2179,68.6256,74.4958,78.2433,79.3485,..
Fiji,FJI,"Life expectancy at birth, total (years)",SP.DYN.LE00.IN,66.778,66.88,65.812,66.545,66.581,66.48,66.657,67.06,66.965,67.009,66.924,64.904,67.148,67.316,..
Fiji,FJI,"School enrollment, primary (% gross)",SE.PRM.ENRR,..,94.1014862060547,95.1824417114258,96.6247792169561,96.8942906526928,99.3576818152788,100.256688986124,102.960840496657,106.223152022315,114.912590026855,112.553329467773,114.93183377296,112.260294588848,111.9366094795,110.377230542693
Fiji,FJI,"School enrollment, secondary (% gross)",SE.SEC.ENRR,..,83.9304962158203,82.1471405029297,..,88.1849686883865,87.836769819804,89.18202295018,..,92.0806759919252,91.8760588497548,91.541633605957,93.95505855048,95.3068339697491,98.540177642079,98.0927630329298
Fiji,FJI,Urban population (% of total population),SP.URB.TOTL.IN.ZS,52.171,52.683,53.196,53.706,54.216,54.726,55.235,55.742,56.248,56.75,57.247,57.74,58.229,58.713,59.192
Fiji,FJI,Trade (% of GDP),NE.TRD.GNFS.ZS,121.227903395671,124.476125636503,125.285791685112,126.348386724849,110.812306063192,101.189048956211,97.1744905841206,97.0216625258442,103.235419948556,107.411464142265,72.3435757807252,81.7252085972258,117.506559634974,126.179178353138,..
Fiji,FJI,Gross fixed capital formation (% of GDP),NE.GDI.FTOT.ZS,15.9377452977731,18.0769788728157,14.9264422096992,25.9732154691733,19.25259585643,19.8118626299686,19.3735016168991,19.2176918333741,18.7963842685751,18.1844485190144,18.3960366643005,19.4034419874418,17.7543873139095,18.5663200937432,..
Fiji,FJI,"Unemployment, total (% of total labor force) (modeled ILO estimate)",SL.UEM.TOTL.ZS,4.343,4.406,4.375,4.357,4.325,4.291,4.319,4.324,4.335,4.373,4.649,4.701,4.446,4.322,4.307
Finland,FIN,GDP growth (annual %),NY.GDP.MKTP.KD.ZG,3.1682879121621,2.39039455396828,-1.52284013040689,-0.979741024949618,-0.4780684247837,0.466503766322674,2.57193414898754,3.30337003591039,1.19297759742292,1.34973845741737,-2.49103605535707,2.67634641498897,0.763041912763526,-0.946904862611035,-0.154214821070312
Finland,FIN,GDP per capita (current US$),NY.GDP.PCAP.CD,46506.2919016566,51060.3242589767,47551.6740841369,49691.0145200739,50073.7760815871,42560.3456767103,43451.2562442158,46085.0174739036,49654.2497035329,48358.1807773701,48828.6846862799,53099.1351400148,50440.560224974,52821.5114340717,53188.6186245158
Finland,FIN,"Population, total",SP.POP.TOTL,5363352,5388272,5413971,5438972,5461512,5479531,5495303,5508214,5515525,5521606,5529543,5541017,5556106,5583911,5637214
Finland,FIN,"Government expenditure on education, total (% of GDP)",SE.XPD.TOTL.GD.ZS,6.504310131073,6.45624017715454,7.1715497970581,7.15288019180298,7.13832998275757,7.07199001312256,6.90873003005981,6.40826988220215,6.31771993637085,6.45300006866455,6.6812801361084,6.58820009231567,6.37603998184204,..,..
Finland,FIN,Current health expenditure (% of GDP),SH.XPD.CHEX.GD.ZS,9.14202785,9.22303009,9.5857954,9.80534649,9.78115082,9.64523888,9.37796021,9.12670135,9.04514217,9.17142677,9.63249588,9.83458328,9.6589222,..,..
Finland,FIN,Access to electricity (% of population),EG.ELC.ACCS.ZS,100,100,100,100,100,100,100,100,100,100,100,100,100,100,..
Finland,FIN,Individuals using the Internet (% of population),IT.NET.USER.ZS,86.89,88.71,89.88,91.5144,86.5304,86.4221,87.7036,87.4689,88.89,89.6074,92.1703,92.8081,92.9888,93.5139,..
Finland,FIN,"Life expectancy at birth, total (years)",SP.DYN.LE00.IN,79.8707317073171,80.4707317073171,80.6268292682927,80.9756097560976,81.1804878048781,81.4804878048781,81.4292682926829,81.6317073170732,81.7341463414634,81.9829268292683,81.9317073170732,81.8853658536585,81.1878048780488,81.6853658536585,..
Finland,FIN,"School enrollment, primary (% gross)",SE.PRM.ENRR,99.6880569458008,99.7851867675781,99.7071228027344,99.6918487548828,99.6617202758789,99.5672302246094,99.5080413818359,99.4682083129883,99.7032012939453,99.5557479858398,99.8175811767578,99.353630065918,98.6190185546875,99.1151733398438,..
Finland,FIN,"School enrollment, secondary (% gross)",SE.SEC.ENRR,108.609390258789,109.248931884766,109.962677001953,145.653442382812,147.413314819336,150.819213867188,152.471435546875,153.583709716797,153.651428222656,144.613204956055,143.122909545898,143.361343383789,144.852462768555,142.861724853516,..
Finland,FIN,Urban population (% of total population),SP.URB.TOTL.IN.ZS,83.77,84.313,84.841,85.125,85.175,85.225,85.275,85.325,85.382,85.446,85.517,85.596,85.681,85.773,85.872
Finland,FIN,Trade (% of GDP),NE.TRD.GNFS.ZS,75.4612085231229,78.7159444486606,79.4303765882482,77.485171771574,74.6277719754196,71.9618253787014,71.7222101178859,75.9387822310041,79.1436148422846,80.5641502947367,72.1845955995888,79.7892781913782,94.5625340522667,85.8773672749668,82.4576286482681
Finland,FIN,Gross fixed capital formation (% of GDP),NE.GDI.FTOT.ZS,22.8209857186136,22.9086033745668,23.3149347732785,22.3315331429947,21.7167423672002,21.4199398645048,23.0524251681601,23.6891760789654,24.5932601711908,24.4207984303071,24.6561782162302,24.4207361193742,24.6641741973059,23.3618787163376,21.460931718499
Finland,FIN,"Unemployment, total (% of total labor force) (modeled ILO estimate)",SL.UEM.TOTL.ZS,8.394,7.781,7.689,8.193,8.663,9.376,8.818,8.64,7.361,6.695,7.759,7.617,6.719,7.151,8.26
France,FRA,GDP growth (annual %),NY.GDP.MKTP.KD.ZG,2.00032476039051,2.43757653729007,0.183835264973013,0.781756446231,0.997832947295251,1.06675474783462,0.860031075424033,2.08361485997399,1.64590872395887,2.02744646419237,-7.44064589948231,6.88233783360239,2.57084047567793,0.936487518850853,1.16613851497229
France,FRA,GDP per capita (current US$),NY.GDP.PCAP.CD,40694.8211697025,43929.7840873812,40863.5814412333,42669.1795111893,43148.0459288416,36702.4323733379,37024.2157133669,38687.1626407164,41418.1766484844,40408.2848574751,39169.8606000707,43725.0999521245,41082.8119320747,44690.9345395117,46150.4876861593
France,FRA,"Population, total",SP.POP.TOTL,65026211,65340830,65657659,65997932,66312067,66548272,66724104,66918020,67158348,67382061,67601110,67842811,68065015,68287487,68516699
France,FRA,"Government expenditure on education, total (% of GDP)",SE.XPD.TOTL.GD.ZS,..,..,..,..,..,..,..,5.46482992172241,5.42540979385376,5.36638021469116,5.65872001647949,5.41742992401123,5.32435989379883,..,..
France,FRA,Current health expenditure (% of GDP),SH.XPD.CHEX.GD.ZS,11.22560215,11.18497562,11.29740047,11.39591122,11.52531433,11.43985462,11.49048996,11.37063789,11.21033764,11.09938431,12.07226849,12.29229355,11.8819046,..,..
France,FRA,Access to electricity (% of population),EG.ELC.ACCS.ZS,100,100,100,100,100,100,100,100,100,100,100,100,100,100,..
France,FRA,Individuals using the Internet (% of population),IT.NET.USER.ZS,77.28,77.82,81.44,81.9198,83.7511,78.006,79.2698,80.5025,82.0432,83.3397,84.7064,86.0955,85.3333,86.8364,88.6538
France,FRA,"Life expectancy at birth, total (years)",SP.DYN.LE00.IN,81.6634146341463,82.1146341463415,81.9682926829268,82.219512195122,82.719512195122,82.3219512195122,82.5731707317073,82.5756097560976,82.6756097560976,82.8268292682927,82.1756097560976,82.3243902439024,82.1292682926829,82.9292682926829,..
France,FRA,"School enrollment, primary (% gross)",SE.PRM.ENRR,102.761512756348,102.691101074219,102.523162841797,102.276443481445,101.280349731445,101.989639282227,102.260429382324,102.417221069336,102.464408874512,102.447647094727,102.651626586914,102.580406188965,102.709487915039,103.265121459961,..
France,FRA,"School enrollment, secondary (% gross)",SE.SEC.ENRR,106.424942016602,106.610641479492,105.813583374023,104.376602172852,103.425827026367,103.396041870117,103.308097839355,103.756080627441,103.773330688477,104.07689666748,104.566566467285,104.522842407227,104.316436767578,103.962417602539,..
France,FRA,Urban population (% of total population),SP.URB.TOTL.IN.ZS,78.369,78.622,78.878,79.135,79.394,79.655,79.917,80.18,80.444,80.709,80.975,81.242,81.509,81.777,82.044
France,FRA,Trade (% of GDP),NE.TRD.GNFS.ZS,56.587555247796,60.6056354816406,61.6589570771102,61.8192338733962,62.1992669379507,63.5046871956484,63.3427564383351,65.3958481559711,66.8022607812266,66.4289771741449,58.8388907240647,63.788482630872,75.7901436111221,70.5595547931931,67.2229707568101
France,FRA,Gross fixed capital formation (% of GDP),NE.GDI.FTOT.ZS,21.4821676799635,21.6992927837053,21.6559249264002,21.2695637926893,20.9583861621479,20.5598696757557,20.9212601092418,21.4204336075644,21.8753900672966,22.4160955392444,22.4362308511816,23.4832287343303,23.6504301555112,23.0930871306132,22.3209271626821
France,FRA,"Unemployment, total (% of total labor force) (modeled ILO estimate)",SL.UEM.TOTL.ZS,9.279,9.228,9.841,9.913,10.273,10.354,10.057,9.409,9.018,8.415,8.009,7.874,7.308,7.335,7.37
French Polynesia,PYF,GDP growth (annual %),NY.GDP.MKTP.KD.ZG,-2.4660641898174,-2.96195745427229,-0.927537712532072,0.398801414346934,0.593554452942286,1.80334081452726,2.30219823670438,4.29263363103487,1.87123191091266,2.70001206709303,-7.05094422106298,2.09452990658549,4.46637969963146,2.99692707779566,..
French Polynesia,PYF,GDP per capita (current US$),NY.GDP.PCAP.CD,22494.806706186,22831.5185348524,20846.5457478364,21955.6329264095,22258.6321384251,19166.9594761931,19690.0775734589,20826.9312492172,21925.616043938,21582.5892046801,19966.4838503859,21982.9038942614,20738.6499971661,22774.1418988734,..
French Polynesia,PYF,"Population, total",SP.POP.TOTL,270580,271727,273084,274728,276387,277866,279178,280087,279815,279034,279209,279792,280378,281118,281807
French Polynesia,PYF,"Government expenditure on education, total (% of GDP)",SE.XPD.TOTL.GD.ZS,..,..,..,..,..,..,..,..,..,..,..,..,..,..,..
French Polynesia,PYF,Current health expenditure (% of GDP),SH.XPD.CHEX.GD.ZS,..,..,..,..,..,..,..,..,..,..,..,..,..,..,..
French Polynesia,PYF,Access to electricity (% of population),EG.ELC.ACCS.ZS,100,100,100,100,100,100,100,100,100,100,100,100,100,100,..
French Polynesia,PYF,Individuals using the Internet (% of population),IT.NET.USER.ZS,49,49,52.8766,56.8,60.68,64.5602,68.4404,72.7039,..,..,..,..,..,..,..
French Polynesia,PYF,"Life expectancy at birth, total (years)",SP.DYN.LE00.IN,81.141,81.434,81.695,81.935,82.151,82.339,82.555,82.774,82.985,83.195,82.459,79.571,83.859,84.07,..
French Polynesia,PYF,"School enrollment, primary (% gross)",SE.PRM.ENRR,..,..,..,..,..,..,..,..,..,..,..,..,..,..,..
French Polynesia,PYF,"School enrollment, secondary (% gross)",SE.SEC.ENRR,..,..,..,..,..,..,..,..,..,..,..,..,..,..,..
French Polynesia,PYF,Urban population (% of total population),SP.URB.TOTL.IN.ZS,60.317,60.889,61.459,61.583,61.633,61.683,61.734,61.784,61.834,61.897,61.975,62.066,62.17,62.288,62.42
French Polynesia,PYF,Trade (% of GDP),NE.TRD.GNFS.ZS,54.0438821122259,56.2319854247632,57.8806819793666,56.0619675585513,56.2324578944225,55.6304686354336,53.6164949427793,54.5776905038178,65.0146628512067,63.3061124024003,45.8331834386023,51.6376084244727,67.2309662556929,68.7080925223683,..
French Polynesia,PYF,Gross fixed capital formation (% of GDP),NE.GDI.FTOT.ZS,21.3911151590594,18.2181058584856,18.5225671624855,19.2753722131297,18.7512101903912,19.9241635999246,18.6047335720481,19.137286086385,27.0467501379179,25.3054954915658,21.2855657369767,21.4512037493674,21.7636761819601,21.713682309294,..
French Polynesia,PYF,"Unemployment, total (% of total labor force) (modeled ILO estimate)",SL.UEM.TOTL.ZS,12.145,12.274,12.143,12.029,11.889,11.789,11.715,11.573,11.572,11.565,12.951,12.531,11.888,11.749,11.75
Gabon,GAB,GDP growth (annual %),NY.GDP.MKTP.KD.ZG,7.08988731455126,7.09175334258654,5.25107691750407,5.63869900338696,4.31496444107469,3.8788993950789,2.09144220829562,0.472642030911146,0.83791658082157,3.92080879452831,-1.8377610635094,1.46795731508091,3.03761449525692,2.44588083096593,3.38390760783467
Gabon,GAB,GDP per capita (current US$),NY.GDP.PCAP.CD,8356.74662013345,10219.1139339454,9296.96587941088,9197.70106323947,9201.36276648105,7047.12654634355,6677.07003901644,6921.73373135624,7624.2775233771,7441.1786472281,6605.80346077904,8181.40914134398,8409.20741452279,8071.39777400455,8218.76307061848
Gabon,GAB,"Population, total",SP.POP.TOTL,1719879,1781985,1846889,1913059,1978399,2040989,2100306,2156900,2212318,2267706,2322539,2376722,2430747,2484789,2538952
Gabon,GAB,"Government expenditure on education, total (% of GDP)",SE.XPD.TOTL.GD.ZS,3.07808995246887,2.987459897995,3.01340007781982,3.02971005439758,2.66667008399963,2.82435985823512,2.66773089670199,3.55570801059931,3.071542956299,2.87430983233369,3.39874087928788,2.7007928993976,2.20773650357931,2.31594287726056,..
Gabon,GAB,Current health expenditure (% of GDP),SH.XPD.CHEX.GD.ZS,2.47556901,2.55771565,2.42097569,2.84087205,2.53282261,2.65743947,3.1076982,2.78068876,2.75235105,2.7768569,3.41717625,2.69024062,2.85591531,..,..
Gabon,GAB,Access to electricity (% of population),EG.ELC.ACCS.ZS,89.3,88.7,89.3,86.4,87.1,87.3,88.1,86.3,89.6,90.3,91.1,91.8,93.5,94.1,..
Gabon,GAB,Individuals using the Internet (% of population),IT.NET.USER.ZS,13,18,24,30.538,38.0712,45.7845,48.0523,51.6049,55.4202,59.5176,63.9179,68.6436,70.7069,71.9256,..
Gabon,GAB,"Life expectancy at birth, total (years)",SP.DYN.LE00.IN,64.715,65.102,65.438,65.751,66.07,66.336,66.583,66.816,67.043,67.337,67.073,67.072,67.713,68.337,..
Gabon,GAB,"School enrollment, primary (% gross)",SE.PRM.ENRR,..,129.775996342797,..,..,..,..,..,..,..,100.171603677222,..,..,..,..,..
Gabon,GAB,"School enrollment, secondary (% gross)",SE.SEC.ENRR,..,..,..,..,..,..,..,..,..,70.2639966402203,..,..,..,..,..
Gabon,GAB,Urban population (% of total population),SP.URB.TOTL.IN.ZS,85.533,86.092,86.634,87.156,87.651,88.118,88.559,88.976,89.37,89.741,90.092,90.423,90.735,91.029,91.307
Gabon,GAB,Trade (% of GDP),NE.TRD.GNFS.ZS,89.1576627248353,90.4983773331323,92.3428089420545,90.6350361478645,73.5203290162438,73.9497814588281,70.1333810645308,75.0687404456638,77.0365976973024,73.4280894486644,70.1140546463796,85.3483122054787,92.0630888496921,90.9932336284568,94.4802538871274
Gabon,GAB,Gross fixed capital formation (% of GDP),NE.GDI.FTOT.ZS,31.4071853243829,28.6802170005618,27.737282233055,29.9453796532587,35.6951364101419,29.2309562924902,26.9822610431075,21.2964674161829,19.2582324284114,21.8987965722319,19.8634691073054,17.4565506185946,16.0269404879625,17.5342876977906,18.116326577086
Gabon,GAB,"Unemployment, total (% of total labor force) (modeled ILO estimate)",SL.UEM.TOTL.ZS,20.39,19.941,19.728,19.794,19.916,19.978,20.134,20.303,20.439,20.358,21.27,21.218,20.399,20.278,20.061
"Gambia, The",GMB,GDP growth (annual %),NY.GDP.MKTP.KD.ZG,5.90833580968288,-8.13044422315659,5.24156924630741,2.872768790327,-1.40738249510954,4.0580738039996,1.94335965478776,4.8226112492757,7.23489033258579,6.22205315994859,0.591487287873974,5.25596878816744,5.49299825508946,4.79750894530943,5.74671765535597
"Gambia, The",GMB,GDP per capita (current US$),NY.GDP.PCAP.CD,801.033372714536,710.608411468152,692.579361628102,653.862713272743,568.00453558864,619.536364296461,650.056501323611,642.522641296331,696.219806960615,738.186751987483,720.335143352133,781.890925169531,836.244875582631,888.157407441902,908.525674150965
"Gambia, The",GMB,"Population, total",SP.POP.TOTL,1926630,1983784,2043094,2103820,2164528,2224529,2283769,2342189,2399632,2456844,2515733,2576010,2636470,2697845,2759988
"Gambia, The",GMB,"Government expenditure on education, total (% of GDP)",SE.XPD.TOTL.GD.ZS,2.56322002410889,2.50116991996765,2.63756990432739,1.81839001178741,2.23094010353088,2.16002988815308,2.0244300365448,2.45919445096525,2.36543989181519,2.80809703332656,2.88734569797808,3.04477694635226,2.89168744551701,2.80838156544977,..
"Gambia, The",GMB,Current health expenditure (% of GDP),SH.XPD.CHEX.GD.ZS,4.11944056,4.36967373,4.26872253,3.91374874,3.05234575,3.1761291,3.19523716,3.35449266,3.23713565,3.14534926,3.72824264,3.19251013,3.41435836,..,..
"Gambia, The",GMB,Access to electricity (% of population),EG.ELC.ACCS.ZS,46.8,48.3,49.9,51.5,53,54.7,56.4,56.2,60.3,62.1,62.2,63.7,65.4,66.9,..
"Gambia, The",GMB,Individuals using the Internet (% of population),IT.NET.USER.ZS,9.2,10.8703,12.4492,14,15.56,17.6,19.9,22.5,28.3,31.1183,34.2172,37.6247,44.0389,45.9137,..
"Gambia, The",GMB,"Life expectancy at birth, total (years)",SP.DYN.LE00.IN,61.167,61.561,61.9,62.252,62.576,62.971,63.386,63.708,64.034,64.427,64.418,63.847,64.859,65.86,..
"Gambia, The",GMB,"School enrollment, primary (% gross)",SE.PRM.ENRR,73.4599827384096,72.1906633471926,75.4592652374635,77.5318910077468,80.6712752410406,83.6767800021667,85.4968152866242,88.6915742090233,91.4803276676529,95.0965771907399,96.8827026600674,96.3235417651704,97.2781723362608,98.7359670428779,98.6058833319274
"Gambia, The",GMB,"School enrollment, secondary (% gross)",SE.SEC.ENRR,45.5351409912109,..,..,..,..,..,..,..,..,..,..,107.027125590442,..,..,..
"Gambia, The",GMB,Urban population (% of total population),SP.URB.TOTL.IN.ZS,55.662,56.384,57.105,57.82,58.528,59.228,59.918,60.599,61.27,61.931,62.582,63.222,63.852,64.472,65.08
"Gambia, The",GMB,Trade (% of GDP),NE.TRD.GNFS.ZS,41.0125150279466,42.6397020468894,47.7006731141985,45.4619193623296,58.2579307752264,44.5223730803813,38.1140879565948,55.7335796090833,64.8124640003735,55.9979116186993,47.3955201736291,42.0979827971754,44.7219215522334,42.4360025095476,43.7388373481181
"Gambia, The",GMB,Gross fixed capital formation (% of GDP),NE.GDI.FTOT.ZS,13.8767105275043,12.8961682852301,20.8771686494917,14.7115331277791,16.6526122015212,20.3498140429739,24.919934192266,22.9597266827213,20.8784242569263,24.6538431612228,32.34205468872,30.3707902499395,28.6236492170476,27.2873451192374,38.9851868411235
"Gambia, The",GMB,"Unemployment, total (% of total labor force) (modeled ILO estimate)",SL.UEM.TOTL.ZS,9.723,10.283,10.346,9.454,8.218,7.26,6.285,5.157,4.127,4.538,5.892,6.269,6.076,6.479,6.496
Georgia,GEO,GDP growth (annual %),NY.GDP.MKTP.KD.ZG,6.24640865303363,7.9343365253078,6.57883101954195,5.13288531209382,4.09049059581743,3.35102350265353,3.45021517996871,5.15990261658827,6.062036412677,5.38071926589951,-6.2904717853839,10.6442336580969,10.9585321385624,7.83220126555726,9.42857220157775
Georgia,GEO,GDP per capita (current US$),NY.GDP.PCAP.CD,3281.72930937343,4119.66818307193,4530.69533409431,4712.00229382665,4830.33486170249,4086.6223465965,4143.40125686315,4418.75206546679,4804.0546040444,4741.2832715876,4300.85701291207,5083.60695484577,6729.84659930283,8283.66960652261,9193.66366361489
Georgia,GEO,"Population, total",SP.POP.TOTL,3786695,3756441,3728874,3717668,3719414,3725276,3727505,3728004,3726549,3720161,3722716,3708610,3712502,3715483,3673850
Georgia,GEO,"Government expenditure on education, total (% of GDP)",SE.XPD.TOTL.GD.ZS,2.76179333360622,2.5149199962616,1.86033999919891,2.8330966857175,2.94113947736272,3.10870368877345,3.52338004112244,3.52442002296448,3.46094989776611,3.82985997200012,3.80951130708125,3.59441995620727,3.75498008728027,3.70918011665344,3.98011682083814
Georgia,GEO,Current health expenditure (% of GDP),SH.XPD.CHEX.GD.ZS,8.93945503,7.82405472,7.8538909,7.73560286,7.75487041,7.29130507,7.839849,6.95936155,6.99180031,6.59411573,8.34160137,8.3153286,7.25569582,..,..
Georgia,GEO,Access to electricity (% of population),EG.ELC.ACCS.ZS,100,100,100,100,100,100,100,100,99.9,100,100,100,100,100,..
Georgia,GEO,Individuals using the Internet (% of population),IT.NET.USER.ZS,26.9,31.52,36.94,43.3,49.1025,47.5698,58.4593,59.7055,62.7179,68.8467,72.5316,76.4427,78.7113,81.8843,..
Georgia,GEO,"Life expectancy at birth, total (years)",SP.DYN.LE00.IN,71.732,72.485,72.672,73.025,73.105,73.241,73.136,73.435,73.985,74.165,73.509,71.635,74.141,74.496,..
Georgia,GEO,"School enrollment, primary (% gross)",SE.PRM.ENRR,107.155245895564,107.761952206271,109.651399821348,110.575228390453,109.976680992118,107.800106850779,104.042509897438,102.937767734127,100.786840229187,101.236423646202,100.779530049426,101.286441127535,102.727831178351,100.887260863464,99.3560206839885
Georgia,GEO,"School enrollment, secondary (% gross)",SE.SEC.ENRR,..,..,..,107.038832287684,105.757088910744,106.764155546761,107.779901789534,109.523203664239,111.616827005361,111.900853903077,108.06699476725,106.201856681079,103.710205488304,103.183588288651,100.959315536762
Georgia,GEO,Urban population (% of total population),SP.URB.TOTL.IN.ZS,55.535,55.919,56.303,56.685,57.067,57.448,57.837,58.231,58.632,59.039,59.453,59.872,60.297,60.727,61.162
Georgia,GEO,Trade (% of GDP),NE.TRD.GNFS.ZS,81.6733870603639,85.4659350932986,89.7348800946338,93.8139137895532,94.9506979383393,97.0163115086257,94.9262528383443,102.584277697146,109.847740556266,117.810080239714,92.8910841752194,101.60090754891,114.695437688718,107.151179161579,104.335388114256
Georgia,GEO,Gross fixed capital formation (% of GDP),NE.GDI.FTOT.ZS,18.6399765226421,19.830910379708,21.5841309101337,18.4378910700803,21.4425215938465,23.9201351742503,26.0024408393292,25.1354716981132,24.7927533389166,23.9627957205486,22.2328094559039,20.7580923522825,19.7501572879495,21.4600701499044,22.0493480030191
Georgia,GEO,"Unemployment, total (% of total labor force) (modeled ILO estimate)",SL.UEM.TOTL.ZS,20.203,19.632,19.653,19.416,17.439,16.506,16.604,13.939,12.667,11.565,11.73,11.791,11.647,11.537,11.48
Germany,DEU,GDP growth (annual %),NY.GDP.MKTP.KD.ZG,4.14676755040489,3.75796884487347,0.47429132103845,0.386224592046474,2.16949889758517,1.65271978656361,2.29471066413561,2.71602454639843,1.11644310902427,0.987893350164853,-4.09513751682526,3.6699998840452,1.36973104612758,-0.266438401180253,-0.238526858256165
Germany,DEU,GDP per capita (current US$),NY.GDP.PCAP.CD,42409.9356994694,47646.582043143,44735.5882319701,47220.0102098851,48971.0824722599,41911.0109851054,42961.0356905775,45526.5999576533,48874.8595028454,47623.8656074829,47379.765194548,52265.6541620571,49686.1154582583,53940.4073447462,55800.2194549412
Germany,DEU,"Population, total",SP.POP.TOTL,81776930,80274983,80425823,80645605,80982500,81686611,82348669,82657002,82905782,83092962,83160871,83196078,83797985,83901923,83510950
Germany,DEU,"Government expenditure on education, total (% of GDP)",SE.XPD.TOTL.GD.ZS,4.99525022506714,4.88583993911743,4.83153009414673,4.83911991119385,4.82582998275757,4.76157999038696,4.74631023406982,4.77830982208252,4.88400983810425,5.02757978439331,5.51600980758667,5.36734008789062,5.23916006088257,..,..
Germany,DEU,Current health expenditure (% of GDP),SH.XPD.CHEX.GD.ZS,11.09592915,10.77844906,10.85345554,10.99905777,11.02588272,11.19027996,11.24166584,11.32552433,11.47314644,11.71595001,12.6902256,12.90171242,12.60513115,11.79903221,..
Germany,DEU,Access to electricity (% of population),EG.ELC.ACCS.ZS,100,100,100,100,100,100,100,100,100,100,100,100,100,100,..
Germany,DEU,Individuals using the Internet (% of population),IT.NET.USER.ZS,82,81.27,82.35,84.17,86.1937,87.5898,84.1652,84.3942,87.0371,88.1345,89.8129,91.4306,91.6298,92.4764,93.5
Germany,DEU,"Life expectancy at birth, total (years)",SP.DYN.LE00.IN,79.9878048780488,80.4365853658537,80.5390243902439,80.490243902439,81.090243902439,80.6414634146341,80.990243902439,80.9926829268293,80.8926829268293,81.2926829268293,81.0414634146342,80.790243902439,80.6080487804878,80.5414634146342,..
Germany,DEU,"School enrollment, primary (% gross)",SE.PRM.ENRR,104.337593078613,104.415718078613,104.140548706055,103.638671875,102.62181854248,102.702461242676,101.406066894531,101.738708496094,102.645378112793,102.547470092773,101.996658325195,101.346549987793,100.218132019043,102.190689086914,..
Germany,DEU,"School enrollment, secondary (% gross)",SE.SEC.ENRR,104.891357421875,105.34651184082,104.442237854004,103.935333251953,103.303871154785,102.192413330078,100.852310180664,101.095642089844,100.837303161621,101.152557373047,101.307800292969,101.203536987305,100.81729888916,100.603057861328,..
Germany,DEU,Urban population (% of total population),SP.URB.TOTL.IN.ZS,76.966,77.16,77.17,77.18,77.19,77.2,77.224,77.261,77.312,77.376,77.453,77.544,77.648,77.765,77.895
Germany,DEU,Trade (% of GDP),NE.TRD.GNFS.ZS,73.8626407651201,78.4073134605377,79.3004877909427,77.5643815741748,76.8303312709159,77.791356764377,75.9845875141969,77.5666369468435,79.227659692288,79.1337471144706,72.9932572283324,80.15661805106,89.0641273695259,82.7991064495705,80.3446714019595
Germany,DEU,Gross fixed capital formation (% of GDP),NE.GDI.FTOT.ZS,19.1802940299534,20.0015648825792,19.9584699219392,19.5716846628163,19.7779355949577,19.7565828917732,20.0382026901452,20.1460173936015,20.8351184595163,21.1666591227991,21.3494819719273,21.1944370399787,21.7067668222113,21.4996834346741,20.8570446384191
Germany,DEU,"Unemployment, total (% of total labor force) (modeled ILO estimate)",SL.UEM.TOTL.ZS,7.043,5.967,5.372,5.316,4.979,4.612,4.104,3.781,3.384,3.163,3.881,3.594,3.12,3.068,3.406
Ghana,GHA,GDP growth (annual %),NY.GDP.MKTP.KD.ZG,7.89971194051621,14.0471235803149,9.2927894063005,7.31252501678145,2.85624016330883,2.12075933817334,3.37346574966936,8.12889488100956,6.20007768127284,6.5077747939152,0.513941670628171,5.07646643533542,3.80484980952164,3.14009099763754,5.68487260389836
Ghana,GHA,GDP per capita (current US$),NY.GDP.PCAP.CD,1263.89251760539,1507.43573198753,1543.77524235764,2294.79584693743,1949.90832923846,1722.77282833606,1912.47991339951,2012.28662641265,2195.32166016377,2186.65822682613,2195.45481659987,2445.18662529344,2229.89122647803,2383.90410483418,2405.79466378083
Ghana,GHA,"Population, total",SP.POP.TOTL,25474995,26095088,26734268,27386193,28041592,28696068,29356742,30008354,30637585,31258945,31887809,32518665,33149152,33787914,34427414
Ghana,GHA,"Government expenditure on education, total (% of GDP)",SE.XPD.TOTL.GD.ZS,5.54059982299805,8.14097023010254,7.91913986206055,4.57646989822388,4.39978981018066,4.4340500831604,4.3945198059082,3.53362989425659,3.8861300945282,3.15307114842573,3.40915991351725,3.4005042684722,2.90963831638452,..,..
Ghana,GHA,Current health expenditure (% of GDP),SH.XPD.CHEX.GD.ZS,4.73425055,4.4685564,3.91583276,4.59225416,4.01644135,4.5429678,3.39035821,2.68786979,2.43001175,3.25450468,4.4331708,3.86030865,3.6993649,..,..
Ghana,GHA,Access to electricity (% of population),EG.ELC.ACCS.ZS,64.2,64.1,56.5,70.7,78.3,74,79.3,79,80.4,83.5,85.4,86.3,85.1,89.5,..
Ghana,GHA,Individuals using the Internet (% of population),IT.NET.USER.ZS,7.8,9,10.6,15,19,23,28,37.8842,43,22.0732,62.5176,68.6,69.3607,69.9445,..
Ghana,GHA,"Life expectancy at birth, total (years)",SP.DYN.LE00.IN,61.297,61.617,61.995,62.397,62.832,63.175,63.522,63.829,64.138,64.455,64.309,64.286,65.246,65.498,..
Ghana,GHA,"School enrollment, primary (% gross)",SE.PRM.ENRR,..,99.4130783081055,102.068698169955,101.089456129828,99.5600865756332,103.213138177351,101.751107525308,100.478896703055,98.6813906905268,99.8750321985622,98.4048952723908,99.4509436572472,98.2318953247047,..,..
Ghana,GHA,"School enrollment, secondary (% gross)",SE.SEC.ENRR,..,55.6069297790527,56.7326017795109,68.1991424560547,63.974569978053,67.0486566518056,67.2644101341977,66.6359450193038,68.2222557975165,71.1877006008423,74.0102186341371,76.2084742091088,77.8168696801948,..,..
Ghana,GHA,Urban population (% of total population),SP.URB.TOTL.IN.ZS,50.713,51.394,52.073,52.748,53.419,54.086,54.749,55.407,56.06,56.707,57.349,57.985,58.615,59.238,59.854
Ghana,GHA,Trade (% of GDP),NE.TRD.GNFS.ZS,75.3778157916824,86.2954538549695,93.1680351286831,60.7593219028775,63.8365624430783,76.5212709243242,67.8769994445865,70.5483652904116,67.9585174644902,76.824802732152,66.5754987162431,62.7078309128346,70.1154557958907,64.3878615281647,69.352649167378
Ghana,GHA,Gross fixed capital formation (% of GDP),NE.GDI.FTOT.ZS,11.7640921857081,11.9769402266932,16.1099093812667,24.038998981558,26.4228805215621,27.0126255383172,24.8261687864837,18.8864252401077,21.1990937450982,18.0381936845263,17.6607471070578,16.7536504450636,15.5965745923169,9.65040605368826,9.7964174591181
Ghana,GHA,"Unemployment, total (% of total labor force) (modeled ILO estimate)",SL.UEM.TOTL.ZS,5.384,4.227,3.141,2.173,4.415,6.806,5.232,3.369,3.253,3.16,3.313,3.384,3.084,3.063,3.007
Gibraltar,GIB,GDP growth (annual %),NY.GDP.MKTP.KD.ZG,..,..,..,..,..,..,..,..,..,..,..,..,..,..,..
Gibraltar,GIB,GDP per capita (current US$),NY.GDP.PCAP.CD,..,..,..,..,..,..,..,..,..,..,..,..,..,..,..
Gibraltar,GIB,"Population, total",SP.POP.TOTL,31248,31660,32029,32407,32813,33193,33658,34245,34854,35494,36173,36858,37609,38471,39329
Gibraltar,GIB,"Government expenditure on education, total (% of GDP)",SE.XPD.TOTL.GD.ZS,..,..,..,..,..,..,..,..,..,..,..,..,..,..,..
Gibraltar,GIB,Current health expenditure (% of GDP),SH.XPD.CHEX.GD.ZS,..,..,..,..,..,..,..,..,..,..,..,..,..,..,..
Gibraltar,GIB,Access to electricity (% of population),EG.ELC.ACCS.ZS,100,99.8,99.9,99.9,99.9,100,100,100,100,100,100,100,100,100,..
Gibraltar,GIB,Individuals using the Internet (% of population),IT.NET.USER.ZS,65,65,65.017,..,..,..,94.4445,..,..,..,..,..,..,..,..
Gibraltar,GIB,"Life expectancy at birth, total (years)",SP.DYN.LE00.IN,82.08,82.333,82.527,82.586,82.644,82.668,82.741,82.858,83.028,83.183,83.07,80.274,83.517,83.553,..
Gibraltar,GIB,"School enrollment, primary (% gross)",SE.PRM.ENRR,..,..,..,..,..,..,117.183570829841,118.478260869565,..,112.325038880249,108.720271800679,108.468335787923,106.327724945135,103.557022368904,101.773180642778
Gibraltar,GIB,"School enrollment, secondary (% gross)",SE.SEC.ENRR,..,..,..,..,..,..,132.325141776938,132.455089820359,..,100.98314666748,100.500228881836,101.476509094238,72.4222793579102,74.349556167738,78.5279769897461
Gibraltar,GIB,Urban population (% of total population),SP.URB.TOTL.IN.ZS,100,100,100,100,100,100,100,100,100,100,100,100,100,100,100
Gibraltar,GIB,Trade (% of GDP),NE.TRD.GNFS.ZS,..,..,..,..,..,..,..,..,..,..,..,..,..,..,..
Gibraltar,GIB,Gross fixed capital formation (% of GDP),NE.GDI.FTOT.ZS,..,..,..,..,..,..,..,..,..,..,..,..,..,..,..
Gibraltar,GIB,"Unemployment, total (% of total labor force) (modeled ILO estimate)",SL.UEM.TOTL.ZS,..,..,..,..,..,..,..,..,..,..,..,..,..,..,..
Greece,GRC,GDP growth (annual %),NY.GDP.MKTP.KD.ZG,-5.6937412158003,-9.87677875300243,-8.33113421099992,-2.27211699888024,0.792225060962835,-0.228301892172851,-0.0317947678412054,1.47312472702352,2.06467207892409,2.27718065334808,-9.19623149726978,8.65449786002131,5.74364902526337,2.33212444945818,2.27173622615105
Greece,GRC,GDP per capita (current US$),NY.GDP.PCAP.CD,26653.0488008626,25504.7866510124,21624.346052551,21573.3449762805,21474.7257123892,17980.7298238137,17919.2426377048,18631.9930129293,19873.4015238771,19335.3602002969,17886.733165236,20654.7001960815,20971.8349258283,23400.7278817691,24752.1068401681
Greece,GRC,"Population, total",SP.POP.TOTL,11121341,11104899,11045011,10965211,10892413,10820883,10775971,10754679,10732882,10721582,10698599,10569207,10436882,10405588,10388805
Greece,GRC,"Government expenditure on education, total (% of GDP)",SE.XPD.TOTL.GD.ZS,..,..,..,..,..,3.68239998817444,..,3.46778011322021,3.57627010345459,3.55062007904053,..,..,3.37547993659973,..,..
Greece,GRC,Current health expenditure (% of GDP),SH.XPD.CHEX.GD.ZS,9.59662342,9.19330311,8.92415524,8.43796444,7.8914113,8.22004509,8.44874573,8.13515854,8.12024307,8.1982832,9.5242157,9.18476486,8.49983692,..,..
Greece,GRC,Access to electricity (% of population),EG.ELC.ACCS.ZS,100,100,100,100,100,100,100,100,100,100,100,100,100,100,..
Greece,GRC,Individuals using the Internet (% of population),IT.NET.USER.ZS,44.4,51.65,55.07,59.8663,63.2073,66.835,69.0879,69.893,72.2384,75.6712,78.1158,78.4943,83.1707,85.0102,86.2697
Greece,GRC,"Life expectancy at birth, total (years)",SP.DYN.LE00.IN,80.3878048780488,80.7317073170732,80.6341463414634,81.2853658536585,81.3853658536585,81.0365853658537,81.3878048780488,81.2878048780488,81.7878048780488,81.6390243902439,81.2878048780488,80.0829268292683,80.7878048780488,81.5365853658537,..
Greece,GRC,"School enrollment, primary (% gross)",SE.PRM.ENRR,99.9690399169922,99.5001678466797,99.5018005371094,98.7325210571289,97.959342956543,99.8291091918945,99.3706512451172,98.8267135620117,97.8011016845703,97.6437683105469,97.2831726074219,97.3313217163086,101.192031860352,102.020217895508,..
Greece,GRC,"School enrollment, secondary (% gross)",SE.SEC.ENRR,107.819053649902,105.956047058105,106.290550231934,107.414306640625,103.468589782715,103.377700805664,103.952072143555,104.228790283203,103.891693115234,106.527839660645,103.615829467773,104.77806854248,106.21671295166,105.191741943359,..
Greece,GRC,Urban population (% of total population),SP.URB.TOTL.IN.ZS,76.292,76.649,77.004,77.355,77.702,78.046,78.387,78.724,79.058,79.388,79.715,80.038,80.357,80.673,80.984
Greece,GRC,Trade (% of GDP),NE.TRD.GNFS.ZS,50.9225173052303,56.2929962856516,62.3942789758861,62.9547463104465,66.4335682565667,65.2718011391214,63.6576625890375,70.8826066741577,79.2381636063709,80.590100891173,70.2937864486395,88.0126627401059,107.679207902405,92.1562900262242,89.3165894500404
Greece,GRC,Gross fixed capital formation (% of GDP),NE.GDI.FTOT.ZS,16.8200572069043,13.8655955400985,12.2795312839599,11.5362301011246,11.233781428641,11.1610941969144,11.3684708155605,12.0492834143889,11.3310526081969,10.97046317576,12.2998658740322,13.7915466530779,14.93474716422,15.1654549262849,15.2751779204846
Greece,GRC,"Unemployment, total (% of total labor force) (modeled ILO estimate)",SL.UEM.TOTL.ZS,12.719,17.973,24.731,27.686,26.708,24.981,23.514,21.413,19.179,17.045,15.899,14.656,12.426,11.066,10.133
Greenland,GRL,GDP growth (annual %),NY.GDP.MKTP.KD.ZG,1.73582505889665,-0.496519391959083,1.39419335955625,-1.29828069335511,4.7421356730152,-2.52931802394475,4.68195410972302,0.0527281828800312,0.62306542854094,2.83217756798683,0.250789762104304,1.63409410992996,2.00455580865604,0.865961986998158,..
Greenland,GRL,GDP per capita (current US$),NY.GDP.PCAP.CD,44277.1993400972,47186.8759969388,45936.9562817724,47535.4883792376,50485.2244135291,44536.3549705377,48181.7453541266,50765.7494665372,54545.135857765,53309.2035905065,54812.6661771023,58135.9939910203,55635.0006491223,58498.9743142433,..
Greenland,GRL,"Population, total",SP.POP.TOTL,56534,56890,56810,56483,56295,56114,56186,56172,56023,56225,56367,56653,56661,56865,56836
Greenland,GRL,"Government expenditure on education, total (% of GDP)",SE.XPD.TOTL.GD.ZS,..,..,..,..,..,..,..,..,..,..,..,..,..,..,..
Greenland,GRL,Current health expenditure (% of GDP),SH.XPD.CHEX.GD.ZS,..,..,..,..,..,..,..,..,..,..,..,..,..,..,..
Greenland,GRL,Access to electricity (% of population),EG.ELC.ACCS.ZS,100,100,100,100,100,100,100,100,100,100,100,100,100,100,..
Greenland,GRL,Individuals using the Internet (% of population),IT.NET.USER.ZS,63,64,64.896,65.8,66.7,67.6004,68.5009,69.4825,..,..,..,..,..,..,..
Greenland,GRL,"Life expectancy at birth, total (years)",SP.DYN.LE00.IN,70.0807317073171,70.2648780487805,70.5463414634146,70.8385365853659,71.0609756097561,71.4790243902439,71.8385365853659,71.9321951219512,71.9675609756098,71.9443902439024,71.8507317073171,71.8139024390244,71.5404878048781,71.549756097561,..
Greenland,GRL,"School enrollment, primary (% gross)",SE.PRM.ENRR,..,..,..,..,..,..,..,..,..,..,..,..,..,..,..
Greenland,GRL,"School enrollment, secondary (% gross)",SE.SEC.ENRR,..,..,..,..,..,..,..,..,..,..,..,..,..,..,..
Greenland,GRL,Urban population (% of total population),SP.URB.TOTL.IN.ZS,84.383,84.755,85.2,85.551,85.813,86.071,86.326,86.574,86.816,87.052,87.282,87.507,87.727,87.94,88.149
Greenland,GRL,Trade (% of GDP),NE.TRD.GNFS.ZS,110.472368234124,130.547942353994,100.978401084907,95.9116681587586,87.0885837878503,83.1013810084573,85.8376729204278,84.2072558673104,89.7766906266033,92.1907515607492,82.6595028892583,83.6838572277142,93.3651328766632,91.8900994375821,..
Greenland,GRL,Gross fixed capital formation (% of GDP),NE.GDI.FTOT.ZS,52.1799971586873,64.8351038363597,38.3547778917077,30.1057727378229,23.3941445677387,24.0243133616434,25.2703896574241,23.1335871984025,21.4022522685931,30.7827757323515,33.0834916488562,36.8675478459079,36.4913208765197,34.6866559913434,..
Greenland,GRL,"Unemployment, total (% of total labor force) (modeled ILO estimate)",SL.UEM.TOTL.ZS,..,..,..,..,..,..,..,..,..,..,..,..,..,..,..
Grenada,GRD,GDP growth (annual %),NY.GDP.MKTP.KD.ZG,-0.511146187173722,0.764773550338731,-1.15483816409801,2.35109801677905,7.34212396037948,6.44522314693144,3.7396039558691,4.43867566948151,4.36144039364797,0.676511738873756,-13.7566222572107,4.68747816934534,7.32074061551874,4.67976181593586,3.69305932786197
Grenada,GRD,GDP per capita (current US$),NY.GDP.PCAP.CD,6909.60169568597,6947.38136096464,7092.71985352677,7424.80212287327,7986.33421210788,8694.12438005692,9221.23461079424,9751.42661155932,10083.021279225,10462.7929159533,8968.55890108484,9622.24050459345,10535.4588771454,11308.2874249451,11871.6117006031
Grenada,GRD,"Population, total",SP.POP.TOTL,111586,112079,112775,113487,114132,114676,115130,115438,115691,115981,116341,116688,116913,117081,117207
Grenada,GRD,"Government expenditure on education, total (% of GDP)",SE.XPD.TOTL.GD.ZS,5.07508233496978,5.48532342071091,5.07225880686028,..,4.47756594772942,4.23861035989182,..,3.17379999160767,3.55919341882594,..,..,4.09030334217367,4.03767284869161,5.12544845968893,..
Grenada,GRD,Current health expenditure (% of GDP),SH.XPD.CHEX.GD.ZS,5.4188118,5.80423355,5.82235765,5.62652922,4.77353573,4.64675617,4.43910027,4.65701056,4.58373737,4.93189621,5.3228159,5.34433317,4.94846392,..,..
Grenada,GRD,Access to electricity (% of population),EG.ELC.ACCS.ZS,89.4,88.8,90.2,90.6,91,91.4,91.8,92.2,92.3,93,93.4,93.7,94.2,94.4,..
Grenada,GRD,Individuals using the Internet (% of population),IT.NET.USER.ZS,27,30,32,35,51.6,52.5,53.3,54.2,61.4,64.3128,67.3637,70.5594,74.2689,74.1201,..
Grenada,GRD,"Life expectancy at birth, total (years)",SP.DYN.LE00.IN,74.731,74.861,74.961,75.022,75.045,75.037,75.01,74.977,74.957,74.971,75.019,74.522,75.151,75.205,..
Grenada,GRD,"School enrollment, primary (% gross)",SE.PRM.ENRR,110.229927062988,109.883287807301,..,109.840515778758,108.844735077129,111.623080116231,108.662712097168,110.180032733224,107.786483839373,..,..,99.2608147837043,..,..,110.590518436374
Grenada,GRD,"School enrollment, secondary (% gross)",SE.SEC.ENRR,117.012619018555,108.343828715365,..,106.78381256656,106.993851559069,105.402661854275,105.224225612575,104.433148126256,110.379410343161,..,104.298669179131,100.989177237286,..,..,100.731679432948
Grenada,GRD,Urban population (% of total population),SP.URB.TOTL.IN.ZS,35.865,35.859,35.869,35.896,35.938,35.997,36.072,36.164,36.272,36.396,36.537,36.694,36.868,37.059,37.267
Grenada,GRD,Trade (% of GDP),NE.TRD.GNFS.ZS,..,..,..,..,..,..,..,..,..,..,..,..,..,..,..
Grenada,GRD,Gross fixed capital formation (% of GDP),NE.GDI.FTOT.ZS,..,..,..,..,..,..,..,..,..,..,..,..,..,..,..
Grenada,GRD,"Unemployment, total (% of total labor force) (modeled ILO estimate)",SL.UEM.TOTL.ZS,..,..,..,..,..,..,..,..,..,..,..,..,..,..,..
Guam,GUM,GDP growth (annual %),NY.GDP.MKTP.KD.ZG,2.26325193567601,0.0776548243059523,2.13385063045585,1.69040835707501,1.79305192379529,0.825688073394488,0.18198362147406,0.890099909173486,-0.828231904933389,2.52360203340596,-10.5188595714539,2.0581832574708,5.09986426216793,..,..
Guam,GUM,GDP per capita (current US$),NY.GDP.PCAP.CD,29719.7967836082,29926.2052442913,31653.7506538168,32530.7593121483,33900.1486530583,35165.7014644795,35930.6594898711,36779.0078903909,37195.9503070464,39274.9431424899,36482.9363953675,38074.8793745801,41833.1517132825,..,..
Guam,GUM,"Population, total",SP.POP.TOTL,166522,166543,166331,165966,165486,164905,164233,163490,162679,161808,162158,163730,165180,166506,167777
Guam,GUM,"Government expenditure on education, total (% of GDP)",SE.XPD.TOTL.GD.ZS,..,..,..,..,..,..,..,..,..,..,..,..,..,..,..
Guam,GUM,Current health expenditure (% of GDP),SH.XPD.CHEX.GD.ZS,..,..,..,..,..,..,..,..,..,..,..,..,..,..,..
Guam,GUM,Access to electricity (% of population),EG.ELC.ACCS.ZS,100,100,100,100,100,100,100,100,100,100,100,100,100,100,..
Guam,GUM,Individuals using the Internet (% of population),IT.NET.USER.ZS,54.04,57.7,61.5342,65.4,69.27,73.14,77.01,80.5055,..,..,..,..,..,..,..
Guam,GUM,"Life expectancy at birth, total (years)",SP.DYN.LE00.IN,76.095,76.153,76.237,76.361,76.423,76.444,76.449,76.463,76.561,76.645,75.529,75.434,77.102,77.209,..
Guam,GUM,"School enrollment, primary (% gross)",SE.PRM.ENRR,..,..,..,..,..,..,..,..,..,..,..,..,..,..,..
Guam,GUM,"School enrollment, secondary (% gross)",SE.SEC.ENRR,..,..,..,..,..,..,..,..,..,..,..,..,..,..,..
Guam,GUM,Urban population (% of total population),SP.URB.TOTL.IN.ZS,94.099,94.188,94.277,94.364,94.449,94.534,94.617,94.699,94.78,94.859,94.938,95.015,95.091,95.166,95.24
Guam,GUM,Trade (% of GDP),NE.TRD.GNFS.ZS,72.0347544958577,77.7889245585875,76.7521367521368,79.5332468975736,78.3600713012478,71.3398861872737,70.4117946110829,69.2665890570431,72.9631465873409,78.0645161290323,63.6747802569304,61.8383060635226,71.8668596237337,..,..
Guam,GUM,Gross fixed capital formation (% of GDP),NE.GDI.FTOT.ZS,..,..,..,..,..,..,..,..,..,..,..,..,..,..,..
Guam,GUM,"Unemployment, total (% of total labor force) (modeled ILO estimate)",SL.UEM.TOTL.ZS,8.2,13.3,12.2,11.5,7.6,6.9,5.4,5.418,5.449,5.401,6.248,5.991,5.454,5.363,5.586
Guatemala,GTM,GDP growth (annual %),NY.GDP.MKTP.KD.ZG,2.88417542800377,4.16390688293349,2.97470856847661,3.69481902449162,4.44397783048704,4.09217072141163,2.67780273264368,3.07985127147485,3.40687346472738,4.0178979343828,-1.78555194467604,8.0417038372514,4.18451808712605,3.53315670086947,3.65186462898195
Guatemala,GTM,GDP per capita (current US$),NY.GDP.PCAP.CD,2805.25960237322,3168.98370607705,3286.61959336267,3444.15971264862,3689.14471813777,3893.50522093509,4060.13754974186,4324.99608157801,4352.94651790253,4511.99755157656,4477.61761796418,4912.62225721201,5358.70127494396,5758.30876298845,6150.02597767851
Guatemala,GTM,"Population, total",SP.POP.TOTL,14500112,14792126,15089647,15387337,15681725,15971743,16268760,16567357,16845685,17103803,17357325,17598650,17847877,18124838,18406359
Guatemala,GTM,"Government expenditure on education, total (% of GDP)",SE.XPD.TOTL.GD.ZS,2.84864997863769,2.96865010261536,3.00524997711182,2.88808989524841,2.98562002182007,3.03032994270325,2.94474005699158,2.95009994506836,3.13193988800049,3.19297003746033,3.29485011100769,3.091059923172,3.20823001861572,3.10633993148804,..
Guatemala,GTM,Current health expenditure (% of GDP),SH.XPD.CHEX.GD.ZS,6.1247797,5.96306896,6.07316971,5.77188921,5.8885684,6.00602007,6.07008219,6.13563824,6.10662699,6.17443275,6.45951891,6.97680426,7.44098806,..,..
Guatemala,GTM,Access to electricity (% of population),EG.ELC.ACCS.ZS,84.3,84,86.8,88.1,85.5,90.5,91.8,93.3,94.2,95.4,96.6,97.9,99.1,100,..
Guatemala,GTM,Individuals using the Internet (% of population),IT.NET.USER.ZS,10.5,12.3,16,19.7,23.4,28.8059,34.5093,37.9,41.5,44.401,47.5123,50.8416,55.4086,56.0535,..
Guatemala,GTM,"Life expectancy at birth, total (years)",SP.DYN.LE00.IN,69.885,70.321,70.722,70.878,70.942,70.915,71.215,71.583,71.496,71.639,69.971,67.858,71.206,72.602,..
Guatemala,GTM,"School enrollment, primary (% gross)",SE.PRM.ENRR,117.27329338311,116.099510743236,111.646252383001,107.864590547525,105.231154037687,103.756960177093,101.352012012457,101.387446797743,102.983138102239,101.979363381256,101.500290013425,103.026494452795,102.998277778394,102.032228557129,101.488831252809
Guatemala,GTM,"School enrollment, secondary (% gross)",SE.SEC.ENRR,52.1883200232994,52.7689609562719,53.1178493302463,53.323315834897,52.9668023678254,54.8864188204824,54.4252556188872,54.0444773151521,54.0797647125185,52.5563883982916,51.7956964848587,48.157456034521,45.8926232164663,47.3762534803949,49.5765804970836
Guatemala,GTM,Urban population (% of total population),SP.URB.TOTL.IN.ZS,48.403,48.701,49,49.311,49.634,49.971,50.319,50.68,51.054,51.439,51.836,52.245,52.666,53.098,53.542
Guatemala,GTM,Trade (% of GDP),NE.TRD.GNFS.ZS,63.1251925746222,65.0470510420457,61.9594193352042,56.6852212560209,55.0832793127032,49.8934532700313,46.372737911514,46.0694205080637,47.011682071395,45.5167427491815,41.1407616494521,49.2611509459613,54.4310414653089,48.2970689182759,47.3441947106063
Guatemala,GTM,Gross fixed capital formation (% of GDP),NE.GDI.FTOT.ZS,15.0488390141114,15.0459163364946,15.0269248908262,15.0905677358296,15.1717776095424,14.5165807620913,13.8717170713541,13.6094293363876,13.695895256103,14.3792926330737,13.7024604770989,16.133118120648,16.7048908262545,16.3409851547452,16.1138296426411
Guatemala,GTM,"Unemployment, total (% of total labor force) (modeled ILO estimate)",SL.UEM.TOTL.ZS,3.497,3.172,2.765,3.017,2.717,2.506,2.583,2.462,2.283,2.193,2.955,2.174,3.051,2.344,2.219
Guinea,GIN,GDP growth (annual %),NY.GDP.MKTP.KD.ZG,4.81336016967553,5.61211177430975,5.91528626133322,3.94568708624053,3.69655311664086,3.82591056949435,10.82062719659,10.3000053427355,6.35849192736715,5.61691446889876,4.70459096113575,5.5823328114905,3.97240784200721,5.54172668627702,5.6685239347435
Guinea,GIN,GDP per capita (current US$),NY.GDP.PCAP.CD,659.235326211315,636.694958747648,699.353377212197,748.455020824734,765.146999389279,747.356966759448,711.996509782316,833.598621691121,933.273615633705,1031.34146480732,1053.66097696415,1244.96550477914,1416.59612011764,1555.49375806861,1717.02318120779
Guinea,GIN,"Population, total",SP.POP.TOTL,10396086,10656810,10921581,11191873,11472924,11767070,12073030,12385659,12704774,13034346,13371183,13710513,14055137,14405468,14754785
Guinea,GIN,"Government expenditure on education, total (% of GDP)",SE.XPD.TOTL.GD.ZS,2.55118989944458,2.28742003440857,1.83370995521545,2.63421010971069,2.42281007766724,2.51713991165161,2.54450011253357,2.3203399181366,2.38432002067566,1.85812997817993,2.44806003570557,2.04074820610586,2.00722302981184,1.72470879088585,..
Guinea,GIN,Current health expenditure (% of GDP),SH.XPD.CHEX.GD.ZS,3.42781734,3.78955102,3.50398517,3.46108651,4.787992,5.80919266,5.39694929,3.91512728,3.73843002,4.08876228,3.90094519,3.7175858,3.95847702,..,..
Guinea,GIN,Access to electricity (% of population),EG.ELC.ACCS.ZS,28.1,29.5,26.2,32.2,33.5,34.9,33.5,35.4,45,42.2,44.7,46.8,47.7,51.1,..
Guinea,GIN,Individuals using the Internet (% of population),IT.NET.USER.ZS,1,2,3.1,4.5,6.4,9.2,13.1,18.7,21.83,22.6255,23.4499,24.3044,24.6954,26.5014,..
Guinea,GIN,"Life expectancy at birth, total (years)",SP.DYN.LE00.IN,56.431,56.778,57.117,57.459,57.581,57.899,58.49,58.715,59.043,59.379,59.35,59.373,60.432,60.74,..
Guinea,GIN,"School enrollment, primary (% gross)",SE.PRM.ENRR,85.6168670654297,89.3744888305664,91.4924621582031,93.5301284790039,95.1517791748047,..,93.1132583618164,..,..,..,100.474517822266,..,..,..,..
Guinea,GIN,"School enrollment, secondary (% gross)",SE.SEC.ENRR,..,36.7464790344238,36.8766899108887,..,38.5548782348633,..,..,..,..,..,..,..,..,..,..
Guinea,GIN,Urban population (% of total population),SP.URB.TOTL.IN.ZS,33.678,33.966,34.255,34.545,34.836,35.141,35.46,35.793,36.14,36.5,36.875,37.264,37.668,38.085,38.517
Guinea,GIN,Trade (% of GDP),NE.TRD.GNFS.ZS,73.5465739340387,85.9546732708386,86.6743318322581,80.4264477180461,76.7719658952305,72.4427307469345,111.839467415368,101.251633768429,88.984111543709,78.4153132285974,115.765259518929,115.195532789356,94.1652726931221,95.829526758227,100.093202546845
Guinea,GIN,Gross fixed capital formation (% of GDP),NE.GDI.FTOT.ZS,19.1371892385113,23.6021886756075,25.1177815471196,23.4293864677333,22.7113706519031,23.9691741699584,52.4183191347549,25.7658241420525,19.4674095479671,17.7992411069131,16.5753868932617,15.0225263582253,15.2174954505447,24.5016113588117,32.1302129374399
Guinea,GIN,"Unemployment, total (% of total labor force) (modeled ILO estimate)",SL.UEM.TOTL.ZS,5.097,5.094,4.884,4.967,5.09,5.224,5.013,4.826,4.787,5.018,6.018,5.827,5.267,5.244,5.23
Guinea-Bissau,GNB,GDP growth (annual %),NY.GDP.MKTP.KD.ZG,5.60536311358261,8.08504167173554,-1.71286958446419,3.25607190852087,0.964525745841428,6.1340893623123,5.4326782650304,4.66367943913264,3.76145359637003,5.56574533585568,2.12811490126288,5.23736640634888,5.58513728011474,4.46369936133392,4.81348595188295
Guinea-Bissau,GNB,GDP per capita (current US$),NY.GDP.PCAP.CD,600.194298540768,719.539573498937,635.461653303881,654.304534409417,652.022501029449,645.066837207039,679.665386626818,783.123186602022,808.531613218504,807.425524872835,836.26731423732,912.484104692847,873.437861875428,964.927554218909,962.983627901892
Guinea-Bissau,GNB,"Population, total",SP.POP.TOTL,1566347,1608076,1651417,1695973,1741122,1786457,1831893,1877072,1922168,1967696,2013255,2058841,2105529,2153339,2201352
Guinea-Bissau,GNB,"Government expenditure on education, total (% of GDP)",SE.XPD.TOTL.GD.ZS,1.68220996856689,1.76593005657196,1.8863799571991,2.01027011871338,..,..,..,..,..,..,..,..,..,..,..
Guinea-Bissau,GNB,Current health expenditure (% of GDP),SH.XPD.CHEX.GD.ZS,5.26704073,6.21634817,5.94134808,7.03943443,9.96897411,8.13228226,8.32881451,7.00049543,7.28224373,7.17018223,9.0293932,8.16332626,8.11358356,..,..
Guinea-Bissau,GNB,Access to electricity (% of population),EG.ELC.ACCS.ZS,6,13.5,14.9,16.3,17.2,20.1,22.9,26,28.4,30.9,33.4,35.8,37.4,40.5,..
Guinea-Bissau,GNB,Individuals using the Internet (% of population),IT.NET.USER.ZS,2.45,2.672,2.89399,3.1,3.32,6.1,13.8,14.8,15.7,17.9215,20.4573,23.3519,27.5672,32.4661,..
Guinea-Bissau,GNB,"Life expectancy at birth, total (years)",SP.DYN.LE00.IN,56.999,57.663,58.27,58.879,59.476,60.071,60.619,61.148,61.652,62.161,61.343,61.653,63.605,64.085,..
Guinea-Bissau,GNB,"School enrollment, primary (% gross)",SE.PRM.ENRR,113.436782836914,..,..,..,..,..,..,..,..,..,..,..,..,..,..
Guinea-Bissau,GNB,"School enrollment, secondary (% gross)",SE.SEC.ENRR,..,..,..,..,..,..,..,..,..,..,..,..,..,..,..
Guinea-Bissau,GNB,Urban population (% of total population),SP.URB.TOTL.IN.ZS,40.111,40.508,40.908,41.31,41.715,42.123,42.533,42.945,43.36,43.777,44.196,44.617,45.041,45.466,45.893
Guinea-Bissau,GNB,Trade (% of GDP),NE.TRD.GNFS.ZS,43.5145876385454,48.6174602066373,44.1280665609795,39.9574617805787,46.8696583055238,54.3703755891285,54.3006730474711,56.9137475938811,55.0195890357005,50.1779867067114,43.4304481311735,45.5107846892668,46.2708566194737,41.6110643520817,40.6613217234696
Guinea-Bissau,GNB,Gross fixed capital formation (% of GDP),NE.GDI.FTOT.ZS,19.366452387911,15.724714459189,19.2098413655205,17.649430444394,18.4361458324866,16.1944098294004,17.9710180283477,17.9786140989487,19.0211737666785,24.0151127691725,25.677012504102,21.6010955053355,21.425846507624,21.5617837804799,22.8318748706193
Guinea-Bissau,GNB,"Unemployment, total (% of total labor force) (modeled ILO estimate)",SL.UEM.TOTL.ZS,3.137,3.08,3.143,3.162,3.254,3.157,3.123,3.066,3.127,2.413,2.89,3.031,2.666,2.65,2.622
Guyana,GUY,GDP growth (annual %),NY.GDP.MKTP.KD.ZG,4.13844160137342,5.19625156051602,5.27633062046809,3.65338433338232,1.68649445019584,0.687404590619494,3.80745626378814,3.73449154571284,4.44091288475967,5.35284003535665,43.479651716849,20.0599975568418,63.3346343654855,33.795011115873,43.3720094777132
Guyana,GUY,GDP per capita (current US$),NY.GDP.PCAP.CD,4581.76179693492,4947.22170589917,5444.39751913913,5556.91231156932,5472.68820452237,5640.41560569466,5870.87823759835,6178.6650437298,6048.38697180418,6405.82443444562,6775.70939096303,9860.87014834386,17913.4928066879,20473.7002190617,29883.6341152001
Guyana,GUY,"Population, total",SP.POP.TOTL,749256,746153,746288,750021,754229,758781,763548,768479,791556,807665,807481,815482,821637,826353,831087
Guyana,GUY,"Government expenditure on education, total (% of GDP)",SE.XPD.TOTL.GD.ZS,2.40938997268677,2.50669002532959,2.24131989479065,..,4.36033010482788,3.89569997787476,4.73775005340576,4.6647801399231,4.45058012008667,..,..,..,..,..,..
Guyana,GUY,Current health expenditure (% of GDP),SH.XPD.CHEX.GD.ZS,4.21897697,4.17213488,3.7081871,3.80231309,3.94755435,4.02264786,4.01842117,4.3191123,4.90492535,4.90331507,5.4180727,4.92369986,3.00636959,..,..
Guyana,GUY,Access to electricity (% of population),EG.ELC.ACCS.ZS,83.3,84.2,85.1,86,86.9,88,89,90,90.9,91.6,92.3,92.9,93,98.9,..
Guyana,GUY,Individuals using the Internet (% of population),IT.NET.USER.ZS,29.9,30,30.5,31,32,34,35.66,42.7,48.5989,55.3127,62.954,71.6509,78.3924,81.7221,..
Guyana,GUY,"Life expectancy at birth, total (years)",SP.DYN.LE00.IN,66.204,66.469,66.443,66.71,67.334,67.719,68.069,68.543,68.829,69.067,67.751,64.323,69.888,70.18,..
Guyana,GUY,"School enrollment, primary (% gross)",SE.PRM.ENRR,100.620507153069,104.945060789465,105.236896620854,..,..,..,..,..,..,87.7391790964465,96.3569272771871,96.3971945367294,..,94.4460553841055,97.5535955044616
Guyana,GUY,"School enrollment, secondary (% gross)",SE.SEC.ENRR,93.2864608764648,101.134757995605,102.622467041016,..,..,..,..,..,..,..,86.9400100708008,86.70068359375,..,84.4850463867188,91.4304496450171
Guyana,GUY,Urban population (% of total population),SP.URB.TOTL.IN.ZS,26.634,26.4,26.4,26.4,26.414,26.441,26.482,26.538,26.606,26.689,26.786,26.897,27.022,27.162,27.316
Guyana,GUY,Trade (% of GDP),NE.TRD.GNFS.ZS,..,..,..,..,..,..,..,..,..,..,..,..,..,..,..
Guyana,GUY,Gross fixed capital formation (% of GDP),NE.GDI.FTOT.ZS,..,..,..,..,..,..,..,..,..,..,..,..,..,..,..
Guyana,GUY,"Unemployment, total (% of total labor force) (modeled ILO estimate)",SL.UEM.TOTL.ZS,11.636,11.819,12.038,12.303,12.639,13.004,13.257,13.462,13.627,13.172,15.334,14.557,12.013,12.025,10.165
Haiti,HTI,GDP growth (annual %),NY.GDP.MKTP.KD.ZG,-5.65151153448299,5.09821354410036,0.502424403581585,4.32478411472874,2.88877250863379,1.40000000859727,1.81246807847532,2.51027134544685,1.66781095484656,-1.72309699839232,-3.30550546965893,-1.79823988931486,-1.68198396897978,-1.86388420254838,-4.16963395808132
Haiti,HTI,GDP per capita (current US$),NY.GDP.PCAP.CD,1209.72733503094,1312.03953552013,1361.39396587374,1457.83221179626,1460.18898613914,1411.12684746796,1318.40268167953,1395.23945184461,1496.38048970156,1352.17204191532,1290.32538667383,1835.44394078496,1760.62635668777,1705.75808460999,2142.62330526788
Haiti,HTI,"Population, total",SP.POP.TOTL,9803294,9914904,10069771,10222362,10373235,10523242,10671457,10817754,10962362,11105163,11243848,11374586,11503606,11637398,11772557
Haiti,HTI,"Government expenditure on education, total (% of GDP)",SE.XPD.TOTL.GD.ZS,..,..,..,..,1.75226998329163,1.85497999191284,1.38776004314423,1.49846994876862,1.63715994358063,1.08414978067408,1.11353641558643,1.24275181117048,1.02689812206798,0.964648012977964,..
Haiti,HTI,Current health expenditure (% of GDP),SH.XPD.CHEX.GD.ZS,4.54871035,5.91197777,5.56462336,4.10524035,4.52035809,5.07518148,4.80760574,3.8199389,4.31650305,3.91107917,3.22171092,3.44216156,3.20848918,..,..
Haiti,HTI,Access to electricity (% of population),EG.ELC.ACCS.ZS,37.2,37.8,37.9,38.9,39.6,40.8,40.4,43.3,44.4,45.4,46.3,47.2,49.3,51.3,..
Haiti,HTI,Individuals using the Internet (% of population),IT.NET.USER.ZS,8.37,9,9.8,10.6,11.4,14.2,22.8,27.2,32.4736,39.262,..,..,..,..,..
Haiti,HTI,"Life expectancy at birth, total (years)",SP.DYN.LE00.IN,45.577,61.581,62.273,62.624,62.969,63.224,63.325,63.832,64.077,64.328,63.773,62.613,63.948,64.936,..
Haiti,HTI,"School enrollment, primary (% gross)",SE.PRM.ENRR,..,..,..,..,..,..,183.989440244666,..,..,..,..,..,..,..,..
Haiti,HTI,"School enrollment, secondary (% gross)",SE.SEC.ENRR,..,..,..,..,..,..,..,..,..,..,..,..,..,..,..
Haiti,HTI,Urban population (% of total population),SP.URB.TOTL.IN.ZS,47.509,48.492,49.477,50.46,51.444,52.427,53.396,54.346,55.278,56.192,57.088,57.964,58.82,59.656,60.472
Haiti,HTI,Trade (% of GDP),NE.TRD.GNFS.ZS,44.7215241260457,44.1635704019387,40.2582414988129,40.3325097562551,42.3515259071619,41.9457381172044,41.4109022161974,42.0745477868911,45.1385763027223,44.5687187758294,37.4138801252638,37.1654017679449,36.529550283828,30.7854236995359,22.2478853726107
Haiti,HTI,Gross fixed capital formation (% of GDP),NE.GDI.FTOT.ZS,24.988217664925,20.9967494829716,17.5092344164627,17.880859322137,16.556866327765,13.9737286463314,13.5922278864188,16.876979845919,16.0510920039064,18.5362500202298,17.70308377994,18.105954938352,15.8621394204196,13.8536836673602,9.93936193656659
Haiti,HTI,"Unemployment, total (% of total labor force) (modeled ILO estimate)",SL.UEM.TOTL.ZS,15.252,14.485,14.1,13.642,13.755,13.724,13.852,13.881,13.878,14.057,15.546,15.28,14.635,14.556,15.058
Honduras,HND,GDP growth (annual %),NY.GDP.MKTP.KD.ZG,3.73114034433009,3.83569066207505,4.12868774866939,2.79155975746801,3.0580805621437,3.84007997093951,3.89297219726413,4.84291391050387,3.84499476966735,2.55963434592314,-8.96508223267296,12.5652843771279,4.14356194013767,3.57584760454412,3.55397003296669
Honduras,HND,GDP per capita (current US$),NY.GDP.PCAP.CD,1893.32722662035,2073.66121088074,2126.03474686503,2081.12843527945,2179.88171977271,2271.20265980349,2307.34468351082,2413.0076562942,2464.64241531918,2502.32744328073,2307.61494319511,2735.14751503977,3003.28996826399,3227.45762509776,3426.43483328923
Honduras,HND,"Population, total",SP.POP.TOTL,8365878,8540583,8715076,8889278,9063122,9237305,9412380,9588137,9765210,9943633,10119640,10289877,10463872,10644851,10825703
Honduras,HND,"Government expenditure on education, total (% of GDP)",SE.XPD.TOTL.GD.ZS,..,..,6.29972793577391,5.87492990493774,7.0901198387146,6.41297006607056,6.09509492079297,5.74434396129576,6.05646991729736,5.98198266311593,6.09801328648889,5.88160201792279,4.48280030802056,4.54962037172702,..
Honduras,HND,Current health expenditure (% of GDP),SH.XPD.CHEX.GD.ZS,8.72536373,8.79187012,8.65655136,8.47723007,7.91455746,7.4837904,7.709445,7.00668859,7.22820663,7.28237152,9.03509808,9.16101742,8.28209972,..,..
Honduras,HND,Access to electricity (% of population),EG.ELC.ACCS.ZS,81,82.2,83.6,87.2,88.7,90,91.6,86.5,91.6,91.1,93.1,94.1,94.4,95.6,..
Honduras,HND,Individuals using the Internet (% of population),IT.NET.USER.ZS,11.09,15.9,18.12,17.8,23,27.1395,29.5282,31.7358,36.0401,39.3884,45.2483,51.9516,56.3896,58.2789,..
Honduras,HND,"Life expectancy at birth, total (years)",SP.DYN.LE00.IN,69.77,70.116,70.46,70.765,71.032,71.323,71.615,71.805,72.001,72.124,70.864,69.492,72.715,72.884,..
Honduras,HND,"School enrollment, primary (% gross)",SE.PRM.ENRR,99.4327616233952,97.6766786028118,94.1871653490279,90.5529233749786,89.4033670410587,89.2421539364839,88.6465188864987,87.1120951772099,..,85.3644845988859,83.6552990388855,80.8933611486072,82.2937171979577,82.5478821305927,78.9690848390083
Honduras,HND,"School enrollment, secondary (% gross)",SE.SEC.ENRR,66.1681900024414,65.9018478393555,64.5327911376953,61.920711517334,49.4766821842053,50.3511085144012,51.0466486801865,51.0120391845703,..,64.3524169921875,58.4268999434804,54.5046566571526,53.8605804443359,54.5012702941895,51.7639813154374
Honduras,HND,Urban population (% of total population),SP.URB.TOTL.IN.ZS,51.885,52.543,53.202,53.858,54.514,55.165,55.813,56.457,57.096,57.73,58.359,58.982,59.6,60.212,60.818
Honduras,HND,Trade (% of GDP),NE.TRD.GNFS.ZS,109.441838241682,122.216902597337,121.188215808285,116.306049247436,112.97509728471,107.26440535424,99.8157169505924,101.813111079622,103.551162215452,99.4599779937589,88.0008563836292,103.372643459918,112.698524913966,98.7919798336365,91.1101585856976
Honduras,HND,Gross fixed capital formation (% of GDP),NE.GDI.FTOT.ZS,21.5558696364013,24.4407777503837,24.3710157922338,23.5854202773999,22.2854400331859,23.683029644322,22.0345380996484,23.532148331901,24.7473556145833,22.8047134679179,18.2840692088973,22.666191471429,22.4910886256308,23.75620763328,23.9265010808856
Honduras,HND,"Unemployment, total (% of total labor force) (modeled ILO estimate)",SL.UEM.TOTL.ZS,4.119,4.474,3.755,5.646,7.078,6.147,6.727,5.528,5.648,5.698,10.982,8.506,8.774,6.07,6.061
"Hong Kong SAR, China",HKG,GDP growth (annual %),NY.GDP.MKTP.KD.ZG,6.76766581747881,4.81468100120659,1.70029380269649,3.10151696394483,2.76243030119892,2.38778339545998,2.17543692765861,3.79611358119647,2.84693457597662,-1.67239516545338,-6.54478320166854,6.4544247325683,-3.68375141698573,3.21448901714471,2.5411975388228
"Hong Kong SAR, China",HKG,GDP per capita (current US$),NY.GDP.PCAP.CD,32550.136489179,35142.4879344543,36730.796195815,38403.7777145477,40315.3739510191,42432.1619740441,43734.1980702999,46160.429791493,48537.5668888343,48359.0011950597,46109.2299946609,49770.5642374739,48825.8441873536,50565.4647717265,54107.034521746
"Hong Kong SAR, China",HKG,"Population, total",SP.POP.TOTL,7024200,7071600,7150100,7178900,7229500,7291300,7336600,7393200,7452600,7507900,7481000,7413100,7346100,7536100,7524100
"Hong Kong SAR, China",HKG,"Government expenditure on education, total (% of GDP)",SE.XPD.TOTL.GD.ZS,3.51003003120422,3.41822004318237,3.50960993766785,3.76031994819641,3.57255005836487,3.26212000846863,3.29269003868103,3.30989003181458,3.32624006271362,3.81017994880676,4.40562009811401,4.00030994415283,3.72866010665894,3.80327010154724,3.80804991722107
"Hong Kong SAR, China",HKG,Current health expenditure (% of GDP),SH.XPD.CHEX.GD.ZS,..,..,..,..,..,..,..,..,..,..,..,..,..,..,..
"Hong Kong SAR, China",HKG,Access to electricity (% of population),EG.ELC.ACCS.ZS,100,100,100,100,100,100,100,100,100,100,100,100,100,100,..
"Hong Kong SAR, China",HKG,Individuals using the Internet (% of population),IT.NET.USER.ZS,72,72.2,72.9,74.2,79.8663,84.9484,87.4794,89.4159,90.5074,91.7434,92.4131,93.0872,95.6136,95.9778,..
"Hong Kong SAR, China",HKG,"Life expectancy at birth, total (years)",SP.DYN.LE00.IN,82.9575609756098,83.4119512195122,83.450243902439,83.8312195121951,83.9356097560976,84.2526829268293,84.2114634146342,84.6956097560976,84.869756097561,85.1558536585366,85.4963414634146,85.5326829268293,83.6609756097561,85.2473170731707,..
"Hong Kong SAR, China",HKG,"School enrollment, primary (% gross)",SE.PRM.ENRR,105.429219600726,104.602752580544,107.340572556762,106.884666666667,105.045690213869,105.131520708188,104.741013824885,104.80790960452,103.430995475113,102.202607278653,105.128762541806,106.033688453786,103.028312901343,..,103.152955896153
"Hong Kong SAR, China",HKG,"School enrollment, secondary (% gross)",SE.SEC.ENRR,87.9053960567278,86.9782026085403,108.257447754558,102.779391100703,105.555217060167,107.387782928825,107.750724637681,106.78970984146,108.16398016119,105.068965517241,100.449691991786,100.161026837806,106.185208398621,..,107.160326941213
"Hong Kong SAR, China",HKG,Urban population (% of total population),SP.URB.TOTL.IN.ZS,100,100,100,100,100,100,100,100,100,100,100,100,100,100,100
"Hong Kong SAR, China",HKG,Trade (% of GDP),NE.TRD.GNFS.ZS,404.770560908659,421.854706554386,430.568530415663,442.620019127299,425.975871734797,389.405949263639,371.727231773253,376.795666734722,376.892773545026,353.743521139731,350.679705044448,402.459681454463,384.881143223724,352.985848261374,359.402176838287
"Hong Kong SAR, China",HKG,Gross fixed capital formation (% of GDP),NE.GDI.FTOT.ZS,21.7781360691582,23.536338869848,25.3999025065057,24.1086280956178,23.4918064340566,22.3995947095418,21.4894575519614,21.6564377271714,21.5995180976142,18.2977495428858,17.0302785006165,16.8430455935255,16.0698462674383,16.9435421946239,16.2097303960065
"Hong Kong SAR, China",HKG,"Unemployment, total (% of total labor force) (modeled ILO estimate)",SL.UEM.TOTL.ZS,4.329,3.422,3.285,3.4,3.296,3.314,3.392,3.124,2.805,2.917,5.808,5.174,4.318,2.949,2.793
Hungary,HUN,GDP growth (annual %),NY.GDP.MKTP.KD.ZG,1.06795068152046,1.91670916599742,-1.33948446518181,2.03216990678146,4.33435364113967,3.65981615406955,2.43864141309342,4.12418389451805,5.60613813768876,5.07718495088933,-4.33872540024058,7.22291580811137,4.27034755162904,-0.842528840639091,0.512305790657138
Hungary,HUN,GDP per capita (current US$),NY.GDP.PCAP.CD,13189.8433874768,14211.460557822,12950.1594488143,13739.4620151401,14352.501883174,12782.9412577973,13215.8605277789,14736.1668157258,16605.0570511887,17012.8598553199,16386.9308821258,19030.628130329,18483.6366867035,22312.1790289763,23310.7512733957
Hungary,HUN,"Population, total",SP.POP.TOTL,10000023,9971727,9920362,9872734,9833038,9797755,9759755,9726756,9706964,9694824,9670419,9630932,9605074,9592186,9562314
Hungary,HUN,"Government expenditure on education, total (% of GDP)",SE.XPD.TOTL.GD.ZS,4.72375011444092,4.5631799697876,4.14249992370605,4.18921995162964,4.60187005996704,4.49539995193481,4.61547994613647,4.64757013320923,4.62343978881836,4.22488021850586,4.1535701751709,4.68406009674072,3.81258988380432,..,..
Hungary,HUN,Current health expenditure (% of GDP),SH.XPD.CHEX.GD.ZS,7.44858313,7.48130894,7.41063309,7.23441315,7.04665947,6.85402203,6.9877739,6.74387121,6.57987547,6.28167295,7.28760386,7.38329268,6.68981791,6.3573041,..
Hungary,HUN,Access to electricity (% of population),EG.ELC.ACCS.ZS,100,100,100,100,100,100,100,100,100,100,100,100,100,100,..
Hungary,HUN,Individuals using the Internet (% of population),IT.NET.USER.ZS,65,68.02,70.58,72.6439,75.6532,72.8347,79.2594,76.7505,76.0744,80.3717,84.7712,88.6408,89.1428,91.4501,93.779
Hungary,HUN,"Life expectancy at birth, total (years)",SP.DYN.LE00.IN,74.2073170731707,74.8585365853659,75.0634146341463,75.5658536585366,75.7634146341463,75.5682926829269,76.0634146341464,75.8170731707317,76.0658536585366,76.3195121951219,75.419512195122,74.0658536585366,75.8682926829268,76.7707317073171,..
Hungary,HUN,"School enrollment, primary (% gross)",SE.PRM.ENRR,100.467422485352,100.100288391113,101.069969177246,100.705917358398,101.314437866211,100.827682495117,99.0286331176758,98.431266784668,96.7522125244141,96.6208801269531,97.1749420166016,101.458427429199,103.47647857666,103.570762634277,..
Hungary,HUN,"School enrollment, secondary (% gross)",SE.SEC.ENRR,101.997688293457,103.081069946289,101.234046936035,107.070358276367,105.841468811035,104.546478271484,104.046890258789,104.29077911377,103.749549865723,102.561637878418,101.993041992188,99.6950988769531,102.908576965332,105.419059753418,..
Hungary,HUN,Urban population (% of total population),SP.URB.TOTL.IN.ZS,68.911,69.358,69.678,69.953,70.227,70.5,70.779,71.062,71.351,71.644,71.942,72.245,72.552,72.864,73.179
Hungary,HUN,Trade (% of GDP),NE.TRD.GNFS.ZS,157.838960085896,166.754347209897,166.17569860957,164.476024791467,168.358355086413,167.290738494524,163.97194450015,165.032855840268,162.700858777925,159.925556464831,154.295498794188,158.729782791959,183.808014139622,157.10677596052,143.777510999493
Hungary,HUN,Gross fixed capital formation (% of GDP),NE.GDI.FTOT.ZS,20.1115497896952,19.5689305528823,19.200974937302,20.8591445952694,22.1003955003797,22.2937047865563,19.6127620154747,22.3175179109155,24.8773384313132,27.1243438949818,26.5126578421967,27.2571057989326,27.8463486172837,25.5923811381969,23.378509176326
Hungary,HUN,"Unemployment, total (% of total labor force) (modeled ILO estimate)",SL.UEM.TOTL.ZS,11.172,11.029,11.003,10.177,7.725,6.813,5.115,4.156,3.708,3.419,4.25,4.045,3.609,4.107,4.434
Iceland,ISL,GDP growth (annual %),NY.GDP.MKTP.KD.ZG,-2.83277492276433,1.84577914882841,1.06363659586417,4.55246028923359,1.68721503481333,4.43666373898085,6.30368712479275,4.19494878934674,4.88917300218223,1.8611779461166,-6.94045306829003,5.03340613127381,8.97897085175497,5.64646181923563,0.516863121729386
Iceland,ISL,GDP per capita (current US$),NY.GDP.PCAP.CD,43237.0729488958,47714.5922308485,45995.5478789467,49804.9829978371,54576.7448146565,52951.6815110898,61987.9263620283,72010.1490316258,74452.1890731447,68452.23622306,59023.5663465778,69178.4046960961,75121.0152280628,79960.0961535662,82703.8579937471
Iceland,ISL,"Population, total",SP.POP.TOTL,318041,319014,320716,323764,327386,330815,335439,343400,352721,360563,366463,372520,382003,393349,404610
Iceland,ISL,"Government expenditure on education, total (% of GDP)",SE.XPD.TOTL.GD.ZS,6.9442400932312,6.78997993469238,7.58223009109497,7.44868993759155,7.6414098739624,7.4579701423645,7.43219995498657,7.58385992050171,7.56349992752075,7.60129976272583,8.58382987976074,8.20907974243164,7.28923988342285,..,..
Iceland,ISL,Current health expenditure (% of GDP),SH.XPD.CHEX.GD.ZS,8.36173058,8.25498867,8.23091221,8.22651291,8.29044247,8.13121986,8.15569115,8.3243084,8.43817616,8.63996315,9.67780685,9.78697014,9.28593922,8.99166012,..
Iceland,ISL,Access to electricity (% of population),EG.ELC.ACCS.ZS,100,100,100,100,100,100,100,100,100,100,100,100,100,100,..
Iceland,ISL,Individuals using the Internet (% of population),IT.NET.USER.ZS,93.39,94.8197,96.2098,96.5468,98.158,98.2,98.24,98.2552,99.011,99.5049,99.5328,99.687,99.8082,99.8301,..
Iceland,ISL,"Life expectancy at birth, total (years)",SP.DYN.LE00.IN,81.8975609756097,82.3585365853659,82.9170731707317,82.0609756097561,82.8609756097561,82.4682926829268,82.2048780487805,82.6609756097561,82.8609756097561,83.1634146341463,83.0634146341463,83.1658536585366,82.119512195122,82.6073170731707,..
Iceland,ISL,"School enrollment, primary (% gross)",SE.PRM.ENRR,98.8301391601562,98.7551574707031,98.8329925537109,98.7876205444336,98.7708206176758,98.6862182617188,98.9531784057617,98.8624114990234,98.88671875,98.8134307861328,98.5561218261719,98.5672912597656,98.5116424560547,98.2218322753906,..
Iceland,ISL,"School enrollment, secondary (% gross)",SE.SEC.ENRR,108.819038391113,109.70686340332,113.517669677734,122.033569335938,120.632568359375,119.807357788086,117.122772216797,115.741142272949,114.649406433105,112.034339904785,110.487319946289,115.156303405762,112.589393615723,108.911361694336,..
Iceland,ISL,Urban population (% of total population),SP.URB.TOTL.IN.ZS,93.574,93.587,93.6,93.633,93.667,93.7,93.735,93.773,93.813,93.855,93.898,93.944,93.992,94.042,94.094
Iceland,ISL,Trade (% of GDP),NE.TRD.GNFS.ZS,93.6463981817789,101.408701748757,104.085475471704,98.7895236023721,96.6655918887019,95.8182079086458,88.3330236353413,86.9789469759093,88.6369069643521,82.8627457813882,67.9750756256744,76.6527676301274,92.0771911313757,86.7298838954652,84.3218712788482
Iceland,ISL,Gross fixed capital formation (% of GDP),NE.GDI.FTOT.ZS,14.0825462124095,15.3675300643141,15.9829182811949,15.6019913704607,17.158264022527,19.3330248107769,20.9356602022466,21.7725010047987,21.8372912981632,20.8505632047847,21.2182908692427,22.855087968653,24.2741606365147,24.8242573221483,26.4124192200029
Iceland,ISL,"Unemployment, total (% of total labor force) (modeled ILO estimate)",SL.UEM.TOTL.ZS,7.564,7.028,6,5.376,4.897,3.979,2.978,2.742,2.704,3.507,5.478,6.029,3.789,3.518,3.107
India,IND,GDP growth (annual %),NY.GDP.MKTP.KD.ZG,8.49758470221235,5.24131619937695,5.45638755166587,6.38610640094825,7.41022760508854,7.99625378571471,8.25630550179086,6.79538341897911,6.45385134497769,3.87143694070356,-5.77772470686801,9.68959249192875,7.60936497768895,9.19075493028345,6.48422363033757
India,IND,GDP per capita (current US$),NY.GDP.PCAP.CD,1347.51939071367,1445.46127486037,1429.32199520032,1432.84397512195,1553.88396075118,1583.99815907985,1707.50892912243,1950.10468280866,1966.25455171679,2041.42863698585,1907.04251637669,2239.61384367482,2347.44829434623,2530.12031278204,2696.66389984463
India,IND,"Population, total",SP.POP.TOTL,1243481564,1261224954,1278674502,1295829511,1312277191,1328024498,1343944296,1359657400,1374659064,1389030312,1402617695,1414203896,1425423212,1438069596,1450935791
India,IND,"Government expenditure on education, total (% of GDP)",SE.XPD.TOTL.GD.ZS,3.377690076828,3.79618000984192,3.8675000667572,3.84467005729675,3.89878023242693,4.11457014083862,4.25407981872559,4.30544996261597,4.36373996734619,3.89732003211975,4.29335021972656,4.62949991226196,4.09865814174589,..,..
India,IND,Current health expenditure (% of GDP),SH.XPD.CHEX.GD.ZS,3.33625913,3.24634218,3.32935286,3.74944186,3.61956549,3.59565973,3.50430417,2.93597651,2.8584938,2.95299792,3.34146094,3.34680939,3.3058846,..,..
India,IND,Access to electricity (% of population),EG.ELC.ACCS.ZS,76.3,79.5,79.9,83.1,85.1,88,89.6,91.8,95.7,95.9,96.5,99.6,99.2,99.5,..
India,IND,Individuals using the Internet (% of population),IT.NET.USER.ZS,7.5,10.07,11.1,12.3,13.5,14.9,16.5,18.2,20.0813,29.5235,43.4054,..,55.9,..,..
India,IND,"Life expectancy at birth, total (years)",SP.DYN.LE00.IN,67.162,67.623,68.076,68.499,68.932,69.326,69.709,70.068,70.415,70.746,70.156,67.282,71.698,72.003,..
India,IND,"School enrollment, primary (% gross)",SE.PRM.ENRR,112.218696594238,110.07893371582,112.384407043457,114.29369354248,112.359672546387,113.541786193848,119.987350463867,118.321411132812,101.438321198289,99.9135279872897,102.041421630559,103.202010704334,112.073964742492,113.164575709104,120.520368565055
India,IND,"School enrollment, secondary (% gross)",SE.SEC.ENRR,64.9475936889648,67.1251678466797,69.8089599609375,69.4771270751953,74.8887023925781,74.6113662719727,75.9372863769531,74.6743774414062,76.0025787353516,75.8716506958008,77.9766433254166,80.8355715539317,81.6558464317379,79.3250397483992,78.1058073224606
India,IND,Urban population (% of total population),SP.URB.TOTL.IN.ZS,30.93,31.276,31.634,32.003,32.384,32.777,33.182,33.6,34.03,34.472,34.926,35.393,35.872,36.364,36.867
India,IND,Trade (% of GDP),NE.TRD.GNFS.ZS,49.2552064974161,55.6238800135298,55.7937217287511,53.8441319466777,48.9221857470669,41.9229138658647,40.082485713276,40.7424969545225,43.6169693323889,39.9054035306442,37.7581053292768,45.4230887840446,50.0752701498882,44.9928422877561,44.6710926352422
India,IND,Gross fixed capital formation (% of GDP),NE.GDI.FTOT.ZS,33.2300146665612,34.3134166469557,33.4369343256634,31.2958008477695,30.0802370588503,28.7331441287317,28.1884378846659,28.1778136155632,29.4630681512508,28.4545443348195,27.3243213738562,29.5780345158487,31.2230944361164,30.4260455714275,29.6074727737266
India,IND,"Unemployment, total (% of total labor force) (modeled ILO estimate)",SL.UEM.TOTL.ZS,7.652,7.616,7.666,7.711,7.674,7.631,7.601,7.618,7.652,6.51,7.859,6.38,4.822,4.172,4.202
Indonesia,IDN,GDP growth (annual %),NY.GDP.MKTP.KD.ZG,6.22385418062366,6.16978420771008,6.03005065305615,5.5572636889101,5.006668425755,4.87632230022123,5.03306918280177,5.06978590134916,5.17429153955024,5.01928768046282,-2.06551182934165,3.70288562827751,5.30719722664799,5.04902331835997,5.03034469419038
Indonesia,IDN,GDP per capita (current US$),NY.GDP.PCAP.CD,3065.68348377765,3579.46442466152,3632.27254030331,3566.60284506078,3441.06808464008,3288.22269725538,3521.46943457574,3798.88326174526,3860.95353090726,4106.94856160358,3853.70288774146,4287.17313995098,4730.83484836107,4876.30774512252,4925.43048751861
Indonesia,IDN,"Population, total",SP.POP.TOTL,246305322,249470032,252698525,255852467,258877399,261799249,264627418,267346658,269951846,272489381,274814866,276758053,278830529,281190067,283487931
Indonesia,IDN,"Government expenditure on education, total (% of GDP)",SE.XPD.TOTL.GD.ZS,2.81227993965149,3.18944001197815,3.40748000144958,3.35904002189636,3.28800988197327,3.58360004425049,1.21023452496964,1.05324382490056,0.994436460846179,0.964399077622927,1.01593221347809,1.03221750658374,0.863943349575907,1.27517088245674,..
Indonesia,IDN,Current health expenditure (% of GDP),SH.XPD.CHEX.GD.ZS,2.7908783,2.98942471,2.91427088,2.86934805,2.96433568,2.92428517,3.02147198,2.90417194,2.86757827,2.87862897,3.42067289,3.70634937,2.69394851,..,..
Indonesia,IDN,Access to electricity (% of population),EG.ELC.ACCS.ZS,94.2,94.8,96,96.5,97,97.5,97.6,98.1,98.5,98.9,97,99.2,100,99.4,..
Indonesia,IDN,Individuals using the Internet (% of population),IT.NET.USER.ZS,10.92,12.28,14.52,14.94,17.1432,22.0627,25.4474,32.3358,39.9046,47.6906,53.7265,62.1045,66.4846,69.2084,72.7808
Indonesia,IDN,"Life expectancy at birth, total (years)",SP.DYN.LE00.IN,68.364,68.629,68.862,69.064,69.292,69.52,69.733,69.953,70.08,70.349,68.817,67.452,70.925,71.146,..
Indonesia,IDN,"School enrollment, primary (% gross)",SE.PRM.ENRR,113.010775075983,114.684137554242,115.201069565404,111.656675108204,109.659608599994,107.983525766989,105.922391949136,104.382521256166,103.299542869882,101.264685825869,100.951933675872,100.309665446849,98.7008730463611,98.1566275726904,100.036318150714
Indonesia,IDN,"School enrollment, secondary (% gross)",SE.SEC.ENRR,75.6519088745117,78.1330718994141,80.0926818847656,81.8896974781343,83.5559949258569,87.8423207929976,87.8191791728036,90.9455391241064,92.8120739600443,94.9467044891028,96.9345779132931,97.8441479813619,97.8167602714893,96.0002120295081,98.836444459078
Indonesia,IDN,Urban population (% of total population),SP.URB.TOTL.IN.ZS,49.914,50.595,51.276,51.955,52.635,53.313,53.989,54.659,55.325,55.985,56.641,57.29,57.934,58.572,59.204
Indonesia,IDN,Trade (% of GDP),NE.TRD.GNFS.ZS,46.7012738758737,50.1800131841104,49.5828982992627,48.6373726752893,48.0801755855227,41.9376402415294,37.4213418023318,39.3554970704606,43.0743089552002,37.6277775357108,32.9721754002427,40.2047582749671,45.4646701959453,41.3362868707652,42.572647301834
Indonesia,IDN,Gross fixed capital formation (% of GDP),NE.GDI.FTOT.ZS,30.999408825566,31.3074540365725,32.7196280650271,31.9657795676889,32.5167414405102,32.8119265823923,32.5777314966023,32.1606388642645,32.2884970895694,32.3468845518546,31.7097564518015,30.7941950585175,29.0848755291885,29.152666728683,29.1455857193679
Indonesia,IDN,"Unemployment, total (% of total labor force) (modeled ILO estimate)",SL.UEM.TOTL.ZS,5.614,5.153,4.468,4.336,4.049,4.514,4.301,3.783,4.387,3.59,4.255,3.827,3.462,3.308,3.3
"Iran, Islamic Rep.",IRN,GDP growth (annual %),NY.GDP.MKTP.KD.ZG,5.79793829590261,2.64571792008958,-3.7471713986414,-1.52197920494163,4.98477506709494,-1.42488493937491,8.8150866425182,2.75850524578875,-1.83800757093036,-3.0705879849703,3.33028845926594,4.71977773157164,3.77663140152906,5.04489019512138,3.0400003094751
"Iran, Islamic Rep.",IRN,GDP per capita (current US$),NY.GDP.PCAP.CD,6291.19443652344,8025.68743364356,8114.08099831877,6222.74194840326,5672.06372896319,4952.73355532178,5477.03712389913,5753.11544659399,4631.78709016514,3831.27894763337,2988.78122414716,4334.79268631354,4405.09291519791,4465.63766853306,4771.40029026226
"Iran, Islamic Rep.",IRN,"Population, total",SP.POP.TOTL,77420842,78383598,79370580,80414686,81502045,82619362,83812228,85026754,86117998,87051648,87723443,88455488,89524246,90608707,91567738
"Iran, Islamic Rep.",IRN,"Government expenditure on education, total (% of GDP)",SE.XPD.TOTL.GD.ZS,3.70918011665344,3.48497009277344,2.93899989128113,2.85279011726379,2.61668992042542,2.62911009788513,3.17396998405456,3.45956993103027,3.61979007720947,3.24005007743835,3.20495009422302,..,2.6699800491333,2.82443290958712,..
"Iran, Islamic Rep.",IRN,Current health expenditure (% of GDP),SH.XPD.CHEX.GD.ZS,6.29153061,6.09787989,6.12235117,5.54722023,6.35239553,7.53311825,7.99202633,7.83454609,7.73915195,6.27398872,5.40149546,5.77013779,5.34889174,..,..
"Iran, Islamic Rep.",IRN,Access to electricity (% of population),EG.ELC.ACCS.ZS,99.4,99.5,99.5,99.8,100,100,100,99.9,100,100,100,100,100,100,..
"Iran, Islamic Rep.",IRN,Individuals using the Internet (% of population),IT.NET.USER.ZS,15.9,19,22.73,29.95,39.3536,45.335,53.2268,64.044,70.2006,72.4509,75.5699,78.5957,79.061,79.6309,..
"Iran, Islamic Rep.",IRN,"Life expectancy at birth, total (years)",SP.DYN.LE00.IN,74.39,74.721,75.039,75.349,75.635,75.907,76.155,76.396,76.621,76.855,74.141,73.752,76.799,77.654,..
"Iran, Islamic Rep.",IRN,"School enrollment, primary (% gross)",SE.PRM.ENRR,98.408576965332,99.0494384765625,99.128791809082,111.42115020752,103.500160217285,104.115409851074,105.821022033691,105.369766235352,..,105.451843261719,104.680130004883,..,..,..,..
"Iran, Islamic Rep.",IRN,"School enrollment, secondary (% gross)",SE.SEC.ENRR,79.0264663696289,81.2944793701172,82.7059326171875,81.5845565795898,82.5869369506836,82.7305221557617,83.3275680541992,82.7564392089844,..,..,85.1913986206055,..,..,..,..
"Iran, Islamic Rep.",IRN,Urban population (% of total population),SP.URB.TOTL.IN.ZS,70.626,71.2,71.755,72.295,72.83,73.358,73.88,74.394,74.898,75.391,75.874,76.345,76.807,77.257,77.698
"Iran, Islamic Rep.",IRN,Trade (% of GDP),NE.TRD.GNFS.ZS,43.7706437373524,41.2194147918578,44.0893466807452,47.0867179194755,45.3514201413161,39.42258866118,40.3878469208426,44.7448707659087,58.5650897152156,50.7543343501077,43.8101646870977,44.3738340508665,51.597506811024,52.180175847114,49.7148940108761
"Iran, Islamic Rep.",IRN,Gross fixed capital formation (% of GDP),NE.GDI.FTOT.ZS,27.3528333196377,29.0537287312461,30.0539654282953,27.4456063692711,28.5708133962533,25.3650139045346,22.120708542501,22.005800717429,22.629170670252,23.2147277204415,28.4738995735689,26.8429111389692,24.7222492238663,26.8155528969156,26.7326304523919
"Iran, Islamic Rep.",IRN,"Unemployment, total (% of total labor force) (modeled ILO estimate)",SL.UEM.TOTL.ZS,13.679,12.491,12.275,10.595,10.68,11.166,12.618,12.232,12.195,10.74,9.687,9.282,9.085,9.041,9.192
Iraq,IRQ,GDP growth (annual %),NY.GDP.MKTP.KD.ZG,6.40256484471193,7.546471200426,13.9364301737537,7.62828592298754,2.26368817563613,2.60676642939541,13.7873730187089,-1.81975035118309,2.63385099105624,5.51379057542323,-12.0367930931152,1.50218070952037,7.95904804992662,0.517705525131191,-1.54525198318304
Iraq,IRQ,GDP per capita (current US$),NY.GDP.PCAP.CD,4461.75196161555,5775.54229080293,6477.59618450955,6650.35282247395,6249.39226978969,4440.14189252367,4334.42096404188,4759.2846435467,5646.68932074742,5671.8568632942,4295.18945121228,4868.49431080783,6520.73154560584,5965.31835077761,6073.61032342708
Iraq,IRQ,"Population, total",SP.POP.TOTL,31045366,32161424,33654842,35281989,36550059,37560535,38469627,39337353,40265624,41192171,42116605,43071211,44070551,45074049,46042015
Iraq,IRQ,"Government expenditure on education, total (% of GDP)",SE.XPD.TOTL.GD.ZS,..,..,..,..,..,..,..,..,..,..,..,..,..,..,..
Iraq,IRQ,Current health expenditure (% of GDP),SH.XPD.CHEX.GD.ZS,3.23955345,2.80316377,2.69365859,2.80868459,2.78786659,3.15587044,4.58949184,4.04064989,4.12989378,4.28182745,5.76473284,5.25095701,4.29332495,..,..
Iraq,IRQ,Access to electricity (% of population),EG.ELC.ACCS.ZS,98.4,98,99.3,99,99.2,99.4,99.7,99.9,99.9,100,100,100,100,100,..
Iraq,IRQ,Individuals using the Internet (% of population),IT.NET.USER.ZS,2.5,5,7.1,9.2,11.6453,15.2,19.9,49.36,33.9,44.3263,53.6778,65.0022,78.7156,81.7291,..
Iraq,IRQ,"Life expectancy at birth, total (years)",SP.DYN.LE00.IN,68.092,68.435,68.827,69.047,69.679,69.977,68.683,69.788,71.116,71.245,69.651,70.704,72.037,72.324,..
Iraq,IRQ,"School enrollment, primary (% gross)",SE.PRM.ENRR,..,..,..,..,..,..,..,..,..,..,..,..,..,..,..
Iraq,IRQ,"School enrollment, secondary (% gross)",SE.SEC.ENRR,..,..,..,..,..,..,..,..,..,..,..,..,..,..,..
Iraq,IRQ,Urban population (% of total population),SP.URB.TOTL.IN.ZS,69.103,69.268,69.432,69.595,69.758,69.921,70.094,70.278,70.473,70.678,70.893,71.119,71.354,71.599,71.853
Iraq,IRQ,Trade (% of GDP),NE.TRD.GNFS.ZS,73.4974796202443,72.1713282233655,73.6086845912812,67.4100184095672,68.9824868569036,69.5917685983115,54.588320188677,59.7809123923157,65.8017917701083,68.9899384202806,57.742316395146,61.5032683117218,68.75879409409,69.4613207990167,74.736423307526
Iraq,IRQ,Gross fixed capital formation (% of GDP),NE.GDI.FTOT.ZS,16.1989616416181,17.1424862023448,15.0023787524152,20.1166611507963,20.9652860176063,26.0172179292563,14.5757696096639,14.5851497612895,14.1705139669743,19.7640612140938,7.76907557357365,10.1215292995451,9.68705150488221,15.2798397204564,20.5815305960841
Iraq,IRQ,"Unemployment, total (% of total labor force) (modeled ILO estimate)",SL.UEM.TOTL.ZS,8.267,8.191,7.965,9.205,10.59,10.842,10.82,13.02,13.49,14.109,15.778,16.173,15.511,15.447,15.524
Ireland,IRL,GDP growth (annual %),NY.GDP.MKTP.KD.ZG,1.68297227062031,1.64877400406158,-0.398960481731095,2.19217619489058,9.33603375045837,24.6155698980205,1.2226384923421,10.0496284821662,7.5443421414267,5.04054996161159,7.1578988000836,16.2556135233358,8.61950345618772,-5.5300073886596,1.22133429898928
Ireland,IRL,GDP per capita (current US$),NY.GDP.PCAP.CD,48679.4026820361,52692.7813135606,49411.7387476787,52619.2123745817,57278.2590911107,64311.8234684057,64192.9418053178,72198.1076995377,80738.9628834696,81810.1926481407,86622.5067251295,103961.976350649,105234.511567597,103887.800388081,107316.337306921
Ireland,IRL,"Population, total",SP.POP.TOTL,4560155,4580084,4599533,4623816,4657740,4701957,4762722,4827445,4898022,4976456,5039747,5110585,5212836,5307600,5380257
Ireland,IRL,"Government expenditure on education, total (% of GDP)",SE.XPD.TOTL.GD.ZS,6.04836988449097,5.77199983596802,5.70777988433838,5.23177003860474,4.73554992675781,3.62438011169434,3.65882992744446,3.37737989425659,3.30347990989685,3.22984004020691,3.19163990020752,2.904629945755,..,..,..
Ireland,IRL,Current health expenditure (% of GDP),SH.XPD.CHEX.GD.ZS,10.52404499,10.5987215,10.6218853,10.28716469,9.49471951,7.32119417,7.4818964,7.10795546,6.47943211,6.71554708,7.06342745,6.59614468,6.11978531,..,..
Ireland,IRL,Access to electricity (% of population),EG.ELC.ACCS.ZS,100,100,100,100,100,100,100,100,100,100,100,100,100,100,..
Ireland,IRL,Individuals using the Internet (% of population),IT.NET.USER.ZS,69.85,74.89,76.92,78.2477,83.4917,83.4948,83.5,84.114,87.0001,87.0001,91.9999,96.4235,96.6206,96.4974,..
Ireland,IRL,"Life expectancy at birth, total (years)",SP.DYN.LE00.IN,80.7439024390244,80.7463414634146,80.8463414634146,80.9487804878049,81.3487804878049,81.4536585365854,81.6536585365854,82.1560975609756,82.2048780487805,82.7024390243903,82.4560975609756,82.2536585365854,82.509756097561,82.8609756097561,..
Ireland,IRL,"School enrollment, primary (% gross)",SE.PRM.ENRR,103.235488891602,103.378677368164,102.118339538574,101.958343505859,101.542236328125,101.184638977051,101.341491699219,100.852783203125,101.03288269043,100.980857849121,101.368812561035,99.9838485717773,99.6199417114258,..,..
Ireland,IRL,"School enrollment, secondary (% gross)",SE.SEC.ENRR,118.096908569336,115.83373260498,117.75218963623,..,116.739097595215,116.989868164062,117.028717041016,125.307121276855,154.908294677734,138.091217041016,135.224670410156,135.252197265625,133.150497436523,..,..
Ireland,IRL,Urban population (% of total population),SP.URB.TOTL.IN.ZS,61.542,61.742,61.942,62.141,62.34,62.538,62.737,62.947,63.17,63.405,63.653,63.912,64.183,64.466,64.76
Ireland,IRL,Trade (% of GDP),NE.TRD.GNFS.ZS,189.863837690715,186.025845166548,190.063317884557,189.817861757825,201.6549599218,216.205677349797,229.764433064961,225.953602553095,216.423647734722,249.745765682248,250.10845231469,224.418835854724,232.129490581307,237.215881337618,252.96292526246
Ireland,IRL,Gross fixed capital formation (% of GDP),NE.GDI.FTOT.ZS,17.5713525126795,16.5402587656577,19.4732158320936,18.247225108072,20.1692503317315,24.2582952006047,34.0772519935121,32.4589409998052,27.9214088867596,53.2220296873412,41.3354481760361,22.0399101238804,21.1746116130267,23.1847642480945,17.1919419485566
Ireland,IRL,"Unemployment, total (% of total labor force) (modeled ILO estimate)",SL.UEM.TOTL.ZS,14.534,15.354,15.451,13.735,11.858,9.908,8.374,6.713,5.741,4.95,5.623,6.364,4.501,4.288,4.369
Isle of Man,IMN,GDP growth (annual %),NY.GDP.MKTP.KD.ZG,3.39999842395957,1.99999938207415,7.30389108511717,4.14186158753493,5.15509983748599,-0.385866882198087,6.95230284899407,2.83775807093689,2.2133975392251,0.254877847398262,-8.83681697473475,3.83783632334639,-4.16539345213232,..,..
Isle of Man,IMN,GDP per capita (current US$),NY.GDP.PCAP.CD,70587.3140283741,77808.8579649376,79329.2034347434,83207.6588430451,91885.4528718026,84753.5187422732,82025.9454509241,83481.3038489014,89393.8244248812,87127.5517977404,79513.5330346598,94299.969348965,88328.548125887,..,..
Isle of Man,IMN,"Population, total",SP.POP.TOTL,83873,84382,84335,84141,83892,83593,83466,83609,83805,83957,84064,84106,84132,84165,84160
Isle of Man,IMN,"Government expenditure on education, total (% of GDP)",SE.XPD.TOTL.GD.ZS,..,..,..,..,..,..,..,..,..,..,..,..,..,..,..
Isle of Man,IMN,Current health expenditure (% of GDP),SH.XPD.CHEX.GD.ZS,..,..,..,..,..,..,..,..,..,..,..,..,..,..,..
Isle of Man,IMN,Access to electricity (% of population),EG.ELC.ACCS.ZS,100,100,100,100,100,100,100,100,100,100,100,100,100,100,..
Isle of Man,IMN,Individuals using the Internet (% of population),IT.NET.USER.ZS,..,..,..,..,..,..,..,..,..,..,..,..,..,..,..
Isle of Man,IMN,"Life expectancy at birth, total (years)",SP.DYN.LE00.IN,79.613,79.836,80.007,80.12,80.199,80.267,80.391,80.506,80.614,80.74,80.591,80.42,80.956,80.999,..
Isle of Man,IMN,"School enrollment, primary (% gross)",SE.PRM.ENRR,..,..,..,..,..,..,..,..,..,..,..,..,..,..,..
Isle of Man,IMN,"School enrollment, secondary (% gross)",SE.SEC.ENRR,..,..,..,..,..,..,..,..,..,..,..,..,..,..,..
Isle of Man,IMN,Urban population (% of total population),SP.URB.TOTL.IN.ZS,51.994,52.012,52.046,52.096,52.162,52.245,52.343,52.458,52.588,52.735,52.898,53.076,53.271,53.482,53.708
Isle of Man,IMN,Trade (% of GDP),NE.TRD.GNFS.ZS,..,..,..,..,..,..,..,..,..,..,..,..,..,..,..
Isle of Man,IMN,Gross fixed capital formation (% of GDP),NE.GDI.FTOT.ZS,..,..,..,..,..,..,..,..,..,..,..,..,..,..,..
Isle of Man,IMN,"Unemployment, total (% of total labor force) (modeled ILO estimate)",SL.UEM.TOTL.ZS,..,..,..,..,..,..,..,..,..,..,..,..,..,..,..
Israel,ISR,GDP growth (annual %),NY.GDP.MKTP.KD.ZG,5.53434033902194,5.51879621371651,2.44716836741318,4.08570918638205,3.77582843213109,2.23760317482488,4.45978271860821,4.3469311670646,4.00389862187025,3.71049632750405,-2.02161548237589,9.38837403354628,6.26326343841286,1.82652049482384,0.871968424377442
Israel,ISR,GDP per capita (current US$),NY.GDP.PCAP.CD,31439.0887027614,34522.5215979073,33321.4300881602,37034.3161080785,38343.3046626235,36213.1041481958,37671.5389138798,41138.470964272,42362.6652754196,44250.6313628073,44575.5719045492,52270.9040241956,54949.621556429,52003.7200729997,54176.6844383302
Israel,ISR,"Population, total",SP.POP.TOTL,7623600,7765800,7910500,8059500,8215700,8380100,8546000,8713300,8882800,9054000,9215100,9371400,9557500,9849000,9974400
Israel,ISR,"Government expenditure on education, total (% of GDP)",SE.XPD.TOTL.GD.ZS,5.4214301109314,5.44327020645142,5.57541990280151,5.78606986999512,5.70907020568848,5.81091022491455,5.82047986984253,6.0248498916626,6.08776998519897,6.08409023284912,6.50303983688354,6.16908979415894,5.93496990203857,..,..
Israel,ISR,Current health expenditure (% of GDP),SH.XPD.CHEX.GD.ZS,6.88817596,6.83919144,6.97648525,6.95815229,7.04530668,7.02217817,7.09562969,7.17605686,7.22799444,7.17438793,7.70120192,7.67129993,7.34161806,..,..
Israel,ISR,Access to electricity (% of population),EG.ELC.ACCS.ZS,100,100,100,100,100,100,100,100,100,100,100,100,100,100,..
Israel,ISR,Individuals using the Internet (% of population),IT.NET.USER.ZS,67.5,68.8739,70.8,70.2503,75.0178,77.3521,79.6531,81.5812,83.7332,86.7879,90.1273,90.2969,91.8508,87.0384,88.1824
Israel,ISR,"Life expectancy at birth, total (years)",SP.DYN.LE00.IN,81.6024390243903,81.6560975609756,81.7048780487805,82.0560975609756,82.1536585365854,82.0512195121951,82.4073170731707,82.5512195121951,82.8024390243903,82.8048780487805,82.6487804878049,82.5,82.7,83.1951219512195,..
Israel,ISR,"School enrollment, primary (% gross)",SE.PRM.ENRR,97.6586303710938,97.6346130371094,98.5221862792969,97.6897811889648,97.2882995605469,97.7587738037109,97.1344833374023,96.9318695068359,96.4932327270508,96.2709274291992,96.3747634887695,96.2489776611328,96.3125686645508,96.4853820800781,..
Israel,ISR,"School enrollment, secondary (% gross)",SE.SEC.ENRR,96.5111923217773,96.3081588745117,96.2935409545898,96.4981536865234,96.3290405273438,96.3389511108398,96.7928085327148,96.2929916381836,96.6557464599609,96.2954177856445,96.1416931152344,96.9270782470703,96.5853729248047,96.4655990600586,..
Israel,ISR,Urban population (% of total population),SP.URB.TOTL.IN.ZS,91.826,91.892,91.96,92.031,92.104,92.179,92.256,92.336,92.418,92.501,92.587,92.674,92.763,92.854,92.946
Israel,ISR,Trade (% of GDP),NE.TRD.GNFS.ZS,65.6330798689153,68.9094378497374,69.9650250827043,64.1340511293501,61.7133541160002,58.897971915566,57.7990316850783,56.2801142540924,58.7437542387448,56.325348642584,51.2366737920366,54.9016842006986,60.6448526742952,57.9903207136983,54.4520002969727
Israel,ISR,Gross fixed capital formation (% of GDP),NE.GDI.FTOT.ZS,21.4972128571582,22.799180846915,23.5166996385456,22.6365566790104,22.019859037139,21.2527575864143,22.5311383826973,22.2172081449299,23.4276848032062,23.1147756228415,22.7316271985904,23.7759771441089,24.9072115602203,24.3607256502322,22.690494387869
Israel,ISR,"Unemployment, total (% of total labor force) (modeled ILO estimate)",SL.UEM.TOTL.ZS,8.48,7.139,6.762,6.137,5.789,5.176,4.723,4.14,3.917,3.731,4.169,4.812,3.695,3.596,3.15
Italy,ITA,GDP growth (annual %),NY.GDP.MKTP.KD.ZG,1.52910573247101,0.695463154440176,-3.12523877282996,-1.81802510749792,-0.00138761730454462,0.885667635240807,1.23622108511661,1.60369995294101,0.826646712344115,0.429162533780342,-8.86822122185345,8.93106210800055,4.82117669913565,0.715372500867531,0.725792380234424
Italy,ITA,GDP per capita (current US$),NY.GDP.PCAP.CD,35856.8625485539,38432.3742820019,34854.3949441965,35701.6746002376,36028.3494022349,30639.8829751432,31391.5692898108,32844.115660604,34904.1081923834,33812.788724868,32091.4866621366,36852.5425414951,35653.9042103495,39065.4244365633,40226.0472416173
Italy,ITA,"Population, total",SP.POP.TOTL,59819407,60026841,60191247,60311613,60320707,60229605,60115223,60002252,60148658,59729081,59438851,59133173,59013667,58993475,58986023
Italy,ITA,"Government expenditure on education, total (% of GDP)",SE.XPD.TOTL.GD.ZS,4.31625986099243,4.09430980682373,4.03481006622315,4.12192010879517,4.04026985168457,4.05422019958496,3.795490026474,4.02662992477417,4.24093008041382,4.07843017578125,4.41802978515625,4.17118978500366,4.0698299407959,..,..
Italy,ITA,Current health expenditure (% of GDP),SH.XPD.CHEX.GD.ZS,8.91602039,8.77407074,8.78352833,8.77543831,8.86791801,8.85689163,8.72533035,8.67773914,8.68187714,8.65633965,9.62485981,9.34389782,9.02753067,8.51808929,..
Italy,ITA,Access to electricity (% of population),EG.ELC.ACCS.ZS,100,100,100,100,100,100,100,100,100,100,100,100,100,100,..
Italy,ITA,Individuals using the Internet (% of population),IT.NET.USER.ZS,53.68,54.39,55.83,58.4593,55.6385,58.1417,61.3243,63.0773,74.3872,67.8507,70.4834,74.8623,85.0607,87.0278,89.2207
Italy,ITA,"Life expectancy at birth, total (years)",SP.DYN.LE00.IN,82.0365853658537,82.1878048780488,82.2390243902439,82.690243902439,83.090243902439,82.5439024390244,83.2439024390244,82.9463414634147,83.3463414634146,83.4975609756098,82.1951219512195,82.6463414634146,82.7,83.7,..
Italy,ITA,"School enrollment, primary (% gross)",SE.PRM.ENRR,100.804321289062,100.302833557129,100.028991699219,101.111892700195,100.752258300781,100.37190246582,99.8127670288086,102.803092956543,102.894989013672,102.959373474121,102.636672973633,101.089881896973,101.56453704834,103.566017150879,..
Italy,ITA,"School enrollment, secondary (% gross)",SE.SEC.ENRR,101.401161193848,101.59642791748,100.449836730957,100.973121643066,101.121726989746,101.228088378906,100.742958068848,101.01001739502,101.526412963867,101.74178314209,101.836128234863,101.834869384766,101.353858947754,100.678756713867,..
Italy,ITA,Urban population (% of total population),SP.URB.TOTL.IN.ZS,68.327,68.444,68.684,68.979,69.272,69.565,69.855,70.144,70.438,70.736,71.039,71.346,71.657,71.973,72.292
Italy,ITA,Trade (% of GDP),NE.TRD.GNFS.ZS,51.6621118138339,54.4722149449288,54.8844952702204,54.0341846317499,54.4545299332032,55.4356858148221,54.4321467018313,57.5829940274911,59.2749835128154,58.6941902594738,53.9394839042764,60.3019776202798,72.0165023032697,65.6408634740709,63.1760890612347
Italy,ITA,Gross fixed capital formation (% of GDP),NE.GDI.FTOT.ZS,20.2386645229593,19.9088467204091,18.4823918939236,17.3118980803026,16.8397294480548,17.0809179970368,17.2934651927051,17.5794629155864,17.9722011780771,18.1291790303995,18.2018164062184,20.7705217357607,21.7757352760856,22.5173619093643,21.9639285358476
Italy,ITA,"Unemployment, total (% of total labor force) (modeled ILO estimate)",SL.UEM.TOTL.ZS,8.363,8.359,10.655,12.149,12.683,11.896,11.688,11.211,10.61,9.951,9.164,9.497,8.069,7.627,6.778
Jamaica,JAM,GDP growth (annual %),NY.GDP.MKTP.KD.ZG,-1.45714720947502,1.73037626746921,-0.613636039869121,0.5176860128024,0.689822357374339,0.92148712538031,1.37522306445538,0.997123062335191,1.88992368121086,0.892291653822227,-9.92032245054413,4.60142450033383,5.22151985159613,2.60466305532201,-0.718806911772319
Jamaica,JAM,GDP per capita (current US$),NY.GDP.PCAP.CD,4809.977380312,5232.63644918132,5340.83333232158,5124.21301411137,4975.11325459872,5062.8955502426,5009.79448724295,5259.31332766957,5578.10347525832,5607.24299266608,4879.44025773374,5165.33782130331,6022.15339791763,6839.72502408181,7019.74634780454
Jamaica,JAM,"Population, total",SP.POP.TOTL,2748568,2760494,2772430,2783687,2793749,2802534,2809915,2815764,2820097,2823271,2830739,2837682,2839144,2839786,2839175
Jamaica,JAM,"Government expenditure on education, total (% of GDP)",SE.XPD.TOTL.GD.ZS,6.37060022354126,6.26664018630981,6.11246013641357,6.25108003616333,6.01586008071899,5.45522022247315,5.31461000442505,5.26016998291016,5.41380977630615,5.16364002227783,5.38065828197341,5.63123989105225,5.35435009002685,5.65453693979426,5.51383018493652
Jamaica,JAM,Current health expenditure (% of GDP),SH.XPD.CHEX.GD.ZS,5.2951932,5.23845339,4.88512897,4.95443439,5.16564465,5.62470436,5.70102215,6.14859295,5.96798849,6.09761,6.62580395,7.18521214,7.77706337,..,..
Jamaica,JAM,Access to electricity (% of population),EG.ELC.ACCS.ZS,92.2,91.1,93.1,93.9,93.3,94.9,96.6,97.4,98.2,98.9,99.7,100,100,97.7,..
Jamaica,JAM,Individuals using the Internet (% of population),IT.NET.USER.ZS,27.67,37.4386,33.79,37.1,40.4027,42.2212,44.3669,55.0721,68.2145,70.841,76.384,82.3607,82.4453,89.473,..
Jamaica,JAM,"Life expectancy at birth, total (years)",SP.DYN.LE00.IN,71.979,72.245,72.405,72.435,72.357,72.214,72.052,71.879,71.606,71.532,71.452,69.085,71.481,71.479,..
Jamaica,JAM,"School enrollment, primary (% gross)",SE.PRM.ENRR,97.1699421507251,97.673273504187,97.340224725271,95.0332335110657,93.9670022450334,92.1031527692369,93.1394980981879,91.3626103171547,94.9112697345669,93.2289962768555,90.9494400024414,92.3761226287061,93.2681834287689,87.7375451717876,..
Jamaica,JAM,"School enrollment, secondary (% gross)",SE.SEC.ENRR,89.4939454246108,91.5373916625977,..,85.4017870483818,86.3705618020868,85.3548254033729,87.9398248609799,84.2369432325225,83.7616154022844,85.7618499653089,81.5337816615681,85.8093525179856,82.8584671020508,85.4353132628153,..
Jamaica,JAM,Urban population (% of total population),SP.URB.TOTL.IN.ZS,53.743,53.93,54.132,54.35,54.584,54.833,55.098,55.378,55.674,55.985,56.311,56.652,57.008,57.378,57.762
Jamaica,JAM,Trade (% of GDP),NE.TRD.GNFS.ZS,80.920400318881,83.8218202275808,82.0400783486515,83.2595719840011,84.74099862313,76.1175216623476,76.455202373685,83.523172517513,89.9779060412351,90.1106076335994,..,..,..,..,..
Jamaica,JAM,Gross fixed capital formation (% of GDP),NE.GDI.FTOT.ZS,19.900397386841,20.9424986821977,19.6398975440711,20.98700087145,22.0183759938206,21.2146700833957,21.19206689476,22.13348108864,23.2808862839382,24.0933021801687,..,..,..,..,..
Jamaica,JAM,"Unemployment, total (% of total labor force) (modeled ILO estimate)",SL.UEM.TOTL.ZS,7.63,8.034,8.695,9.698,9.046,8.825,8.634,7.399,5.47,4.987,6.501,5.188,4.083,4.4,4.885
Japan,JPN,GDP growth (annual %),NY.GDP.MKTP.KD.ZG,4.09791791943181,0.0238095237995424,1.37475099905274,2.00510017681211,0.296205514141889,1.56062669680782,0.753826745789127,1.67533175173359,0.643391023533141,-0.402169200894946,-4.16876457146743,2.69657404187188,0.941998775483285,1.47503481053384,0.0836985643852159
Japan,JPN,GDP per capita (current US$),NY.GDP.PCAP.CD,44968.1562349739,48760.0789494211,49145.2804308193,40898.6478964744,38475.3952461838,34960.6393843385,39375.4731620781,38834.0529341227,39751.1330982711,40415.9567649547,40028.7341726762,40094.5599795288,34065.6438962526,33836.1756271617,32475.8924992191
Japan,JPN,"Population, total",SP.POP.TOTL,128070000,127833000,127629000,127445000,127276000,127141000,127076000,126972000,126811000,126633000,126261000,125681593,125124989,124516650,123975371
Japan,JPN,"Government expenditure on education, total (% of GDP)",SE.XPD.TOTL.GD.ZS,3.59951996803284,3.60527992248535,3.41945004463196,3.40875005722046,3.41529989242554,3.31221008300781,3.14643001556396,3.13057994842529,3.07782006263733,3.15533995628357,3.30628991127014,3.33563995361328,..,..,..
Japan,JPN,Current health expenditure (% of GDP),SH.XPD.CHEX.GD.ZS,9.0630064,10.48780155,10.67169094,10.67438698,10.7290144,10.74969959,10.65891552,10.65627098,10.73988247,10.96998405,11.20903683,11.18996906,11.42183685,..,..
Japan,JPN,Access to electricity (% of population),EG.ELC.ACCS.ZS,100,100,100,100,100,100,100,100,100,100,100,100,100,100,..
Japan,JPN,Individuals using the Internet (% of population),IT.NET.USER.ZS,78.21,79.0541,79.4964,88.2194,89.1068,91.058,93.1827,91.7265,88.7464,92.7304,90.2195,82.9141,84.9234,86.9815,..
Japan,JPN,"Life expectancy at birth, total (years)",SP.DYN.LE00.IN,82.8426829268293,82.5912195121951,83.0960975609756,83.3319512195122,83.5878048780488,83.7939024390244,83.9848780487805,84.099756097561,84.2109756097561,84.3563414634146,84.56,84.4456097560976,83.9963414634146,84.0412195121951,..
Japan,JPN,"School enrollment, primary (% gross)",SE.PRM.ENRR,..,..,..,102.255889892578,102.415283203125,102.41911315918,102.216911315918,102.254829406738,102.099906921387,102.652282714844,102.736831665039,102.218322753906,102.158706665039,102.496421813965,..
Japan,JPN,"School enrollment, secondary (% gross)",SE.SEC.ENRR,..,..,..,101.781173706055,101.813980102539,102.200416564941,101.167999267578,101.882888793945,102.425148010254,102.670066833496,102.844802856445,102.155380249023,102.337966918945,102.344436645508,..
Japan,JPN,Urban population (% of total population),SP.URB.TOTL.IN.ZS,90.812,91.069,91.148,91.226,91.304,91.381,91.457,91.535,91.616,91.698,91.782,91.867,91.955,92.043,92.134
Japan,JPN,Trade (% of GDP),NE.TRD.GNFS.ZS,28.4984726938389,30.1949607286296,30.4709109171752,33.9787686509511,37.4314345686579,35.4274083544798,31.3102468455884,34.4232135721686,36.609931802107,35.2164181084145,31.335208636773,36.7384462280698,46.8129868368938,45.1508795641248,..
Japan,JPN,Gross fixed capital formation (% of GDP),NE.GDI.FTOT.ZS,22.6196594231882,23.3511623002885,23.7736492973571,24.5565269630113,25.0845490939861,24.9714561746572,24.7606842913738,25.0073498435107,25.2677675892842,25.5475785734924,25.4716981132075,25.5546376460195,26.2617706144091,26.0120879352945,..
Japan,JPN,"Unemployment, total (% of total labor force) (modeled ILO estimate)",SL.UEM.TOTL.ZS,5.102,4.55,4.358,4.038,3.589,3.385,3.132,2.822,2.467,2.351,2.809,2.828,2.6,2.6,2.563
Jordan,JOR,GDP growth (annual %),NY.GDP.MKTP.KD.ZG,2.31483422063046,2.73717988632104,2.42935800100238,2.60994737548631,3.38407809933472,2.49652879315188,1.9941808493012,2.47359815449045,1.91907091341564,1.75124077866225,-1.10275188309046,3.65564358999147,2.64743514912058,2.88408339281683,2.48889409603647
Jordan,JOR,GDP per capita (current US$),NY.GDP.PCAP.CD,3718.46571622945,3946.85503855525,4169.50470054618,4311.21916713038,4191.18050084986,4042.75678097555,3986.71677010853,4065.61628749384,4145.43989673265,4170.1144003465,4022.0401356135,4183.49998326866,4332.25159897931,4466.08314208575,4618.09592498567
Jordan,JOR,"Population, total",SP.POP.TOTL,7297043,7480424,7587127,7991809,8791710,9544729,10006367,10234226,10462306,10671891,10865228,11066356,11256263,11439213,11552876
Jordan,JOR,"Government expenditure on education, total (% of GDP)",SE.XPD.TOTL.GD.ZS,3.16850989003323,3.59900580598478,3.63716008451231,3.78372228032099,3.76692408663556,3.71272133351629,3.45282006263733,3.21305990219116,2.95461988449097,2.98846006393433,3.55303483980158,3.13837003707886,3.15300011634827,3.51486315596325,..
Jordan,JOR,Current health expenditure (% of GDP),SH.XPD.CHEX.GD.ZS,8.17025661,8.14807701,7.81799555,7.16592407,7.20892906,7.4609561,6.97644138,7.10953665,6.98295021,7.07244635,7.11578226,7.20182657,6.82820034,..,..
Jordan,JOR,Access to electricity (% of population),EG.ELC.ACCS.ZS,100,99.6,99.5,99.7,99.8,99.9,100,100,99.9,99.9,99.9,99.9,100,100,..
Jordan,JOR,Individuals using the Internet (% of population),IT.NET.USER.ZS,27.2,34.9,37,41.4,46.2,54.22,56.15,64.5,65.2,70.0847,78.4178,86,90.5,92.5344,..
Jordan,JOR,"Life expectancy at birth, total (years)",SP.DYN.LE00.IN,73.797,73.929,74.087,74.282,74.606,75.06,75.55,76.071,76.491,76.865,75.583,74.204,77.088,77.814,..
Jordan,JOR,"School enrollment, primary (% gross)",SE.PRM.ENRR,89.6905264770576,90.3732005628315,90.9311831042006,93.7163727553549,97.6110112655065,..,98.4272996476146,98.5589481924953,98.8939228109343,98.8603333083425,98.960533668868,98.0017496363734,98.541267066326,98.2994873290949,98.5516247069238
Jordan,JOR,"School enrollment, secondary (% gross)",SE.SEC.ENRR,87.3644409179688,87.5930404663086,87.2317581176758,87.3027919681245,88.8703034099213,..,..,88.8758288897009,89.7929068080636,89.5104774843719,90.1992992911958,90.0636022467584,90.9912658899133,91.9696843781763,91.7518621587381
Jordan,JOR,Urban population (% of total population),SP.URB.TOTL.IN.ZS,86.088,87.172,88.185,89.125,90,90.256,90.506,90.747,90.979,91.203,91.418,91.626,91.827,92.02,92.206
Jordan,JOR,Trade (% of GDP),NE.TRD.GNFS.ZS,114.222677694125,118.699679501801,117.855587685189,111.451527997628,109.938805535022,95.3579122266791,88.7207178954687,89.7316005071358,87.6359151906857,85.6878334964204,66.0599488089059,80.3328699444404,104.095459439189,100.347868752034,99.6794477365724
Jordan,JOR,Gross fixed capital formation (% of GDP),NE.GDI.FTOT.ZS,30.8538784918828,28.4465151060703,24.3226578340142,22.3524411345008,22.2308633958586,21.8310305465174,20.0397466980254,20.1475936480175,20.3907919470212,18.3687542932097,18.8898334342768,22.1629108047251,..,..,..
Jordan,JOR,"Unemployment, total (% of total labor force) (modeled ILO estimate)",SL.UEM.TOTL.ZS,12.5,12.9,12.2,12.6,11.9,13.075,15.275,18.12,18.257,16.801,19.213,19.837,18.2,17.969,17.996
Kazakhstan,KAZ,GDP growth (annual %),NY.GDP.MKTP.KD.ZG,7.30000000329814,7.40000000144188,4.79999999528297,5.99999999671084,4.20000000566705,1.20000000053288,1.09999999910173,4.10000000257358,4.09999999309841,4.50000000091883,-2.49999999628,4.29999999729456,3.19999999970734,5.09999999999999,4.80000000000022
Kazakhstan,KAZ,GDP per capita (current US$),NY.GDP.PCAP.CD,8793.07589980782,11287.1464926039,12018.7966527993,13478.459627612,12427.7094576939,10196.1226255982,7475.56688689424,8943.08416791984,9472.48527327758,9457.12614657136,8781.50797787648,9983.60103576902,11255.3396437881,12879.4275257974,14005.3487362345
Kazakhstan,KAZ,"Population, total",SP.POP.TOTL,16836810,17066002,17306106,17556502,17816285,18084169,18363600,18651931,18932727,19209555,19482117,19743603,20034609,20330104,20592571
Kazakhstan,KAZ,"Government expenditure on education, total (% of GDP)",SE.XPD.TOTL.GD.ZS,3.58735481721566,3.6143401736456,3.90163701288194,3.44564886564109,3.42903954512824,2.7885799407959,2.97810006141663,2.75081992149353,2.61595010757446,2.8569700717926,4.44620380169618,4.38569397571466,4.36185360851405,4.84984016418457,..
Kazakhstan,KAZ,Current health expenditure (% of GDP),SH.XPD.CHEX.GD.ZS,2.73641348,2.60236716,3.03725958,2.66286707,2.97468472,3.04051137,3.42235589,3.05244446,2.8178606,2.78745699,3.75300956,3.92458963,3.74026752,..,..
Kazakhstan,KAZ,Access to electricity (% of population),EG.ELC.ACCS.ZS,100,99.8,100,100,100,100,100,100,100,100,100,100,100,100,..
Kazakhstan,KAZ,Individuals using the Internet (% of population),IT.NET.USER.ZS,31.6,50.6,61.9066,63.3042,66,70.8299,74.5877,76.4267,78.9039,81.8776,85.9426,90.924,92.2969,92.8785,93.3917
Kazakhstan,KAZ,"Life expectancy at birth, total (years)",SP.DYN.LE00.IN,68.257,69.108,69.939,70.719,71.415,72.024,72.549,72.996,73.369,73.658,71.195,70.131,73.503,74.402,..
Kazakhstan,KAZ,"School enrollment, primary (% gross)",SE.PRM.ENRR,98.6651271682671,98.200290536057,95.6735941529056,94.8001054814475,94.6582153565871,95.0759557064159,95.5584446566675,97.3418813354746,97.418791535514,99.0552309326299,98.9588592775913,98.2733886173645,99.223902183157,98.9804493873135,97.5368516005886
Kazakhstan,KAZ,"School enrollment, secondary (% gross)",SE.SEC.ENRR,98.5237492649908,98.8350532967319,99.0180187395814,97.6500312583517,98.522388891969,98.2120601574997,97.0463003338151,96.5061709309357,96.1156212742477,96.5371355057456,91.9490206290752,94.310522086739,94.0433413378673,95.2393054334066,97.198884231219
Kazakhstan,KAZ,Urban population (% of total population),SP.URB.TOTL.IN.ZS,56.827,56.9,56.973,57.046,57.118,57.191,57.264,57.336,57.428,57.54,57.671,57.821,57.99,58.179,58.387
Kazakhstan,KAZ,Trade (% of GDP),NE.TRD.GNFS.ZS,74.1382658957842,73.1178570509129,73.7237324891671,65.4076093299538,64.9720346513507,53.0497288072652,60.3115965864153,56.825387935971,63.5279565118188,64.8586165517565,57.0264423660931,58.6686085779207,68.3343147415612,61.9623843329588,..
Kazakhstan,KAZ,Gross fixed capital formation (% of GDP),NE.GDI.FTOT.ZS,24.3273473647221,21.4647023620078,22.8031563737231,21.8821878595818,21.5559106762948,22.8815209624498,22.7192642717924,21.6975410616293,21.1768265541377,23.4674329467477,24.7185824193274,23.0389712497624,22.1256625498161,26.5183747561731,..
Kazakhstan,KAZ,"Unemployment, total (% of total labor force) (modeled ILO estimate)",SL.UEM.TOTL.ZS,5.77,5.39,5.29,5.2,5.06,4.93,4.96,4.9,4.85,4.8,4.89,5.546,4.86,4.821,4.794
Kenya,KEN,GDP growth (annual %),NY.GDP.MKTP.KD.ZG,8.05847360290906,5.1211061197056,4.56867961444982,3.7978483925754,5.02011100232484,4.96772112759767,4.21351706814744,3.83795817364721,5.64794640709219,5.11415885767801,-0.272766327438816,7.59048947333467,4.85998104287999,5.55587301319866,4.49649828461209
Kenya,KEN,GDP per capita (current US$),NY.GDP.PCAP.CD,1091.51873101194,1096.14499807675,1285.00536171512,1370.87885214659,1482.81566253497,1489.11959777284,1554.12610314423,1667.48447230835,1836.45275528993,1960.40808854893,1927.66459027849,2061.35622089594,2109.56288513137,1952.30457929636,2206.1349785176
Kenya,KEN,"Population, total",SP.POP.TOTL,41598567,42758461,43888303,44986791,46051440,47088526,48139687,49197766,50207107,51202827,52217334,53219166,54252461,55339003,56432944
Kenya,KEN,"Government expenditure on education, total (% of GDP)",SE.XPD.TOTL.GD.ZS,4.81548976898193,4.70012998580933,4.93121004104614,4.83721017837524,4.7172999382019,4.74350023269653,4.89518022537231,4.96308994293213,5.10761976242065,5.37359210998097,5.04574892454155,4.89040202257195,4.51101801829815,3.96229304413263,4.02242346098974
Kenya,KEN,Current health expenditure (% of GDP),SH.XPD.CHEX.GD.ZS,5.38849831,5.20212841,5.0180583,4.93100405,4.91267347,4.76439571,4.75429106,3.98597503,4.09903383,4.36874676,4.49248838,4.56525421,4.32603645,..,..
Kenya,KEN,Access to electricity (% of population),EG.ELC.ACCS.ZS,19.2,36.2,38.1,40.1,36,41.6,53.1,55.8,61.2,69.7,71.5,76.5,76,76.2,..
Kenya,KEN,Individuals using the Internet (% of population),IT.NET.USER.ZS,7.2,8.8,10.5,13,16.5,16.5879,16.6,17.8271,19.5,22.6688,..,..,..,35,34.9762
Kenya,KEN,"Life expectancy at birth, total (years)",SP.DYN.LE00.IN,60.915,61.283,61.537,61.729,61.99,62.279,62.526,62.725,62.825,62.939,61.596,61.225,63.549,63.646,..
Kenya,KEN,"School enrollment, primary (% gross)",SE.PRM.ENRR,..,..,111.422226680456,..,107.141220092773,104.780090332031,104.114852905273,101.957891317521,99.770420205161,77.5132254988803,91.9542486020668,93.7669067632864,98.551967362001,98.2483475806861,..
Kenya,KEN,"School enrollment, secondary (% gross)",SE.SEC.ENRR,..,..,..,..,..,72.5750860661828,74.4698594945796,..,..,..,..,80.3774269704216,83.7738192286218,84.3083880306996,..
Kenya,KEN,Urban population (% of total population),SP.URB.TOTL.IN.ZS,23.571,23.969,24.376,24.794,25.221,25.658,26.105,26.562,27.03,27.507,27.995,28.493,29.002,29.52,30.049
Kenya,KEN,Trade (% of GDP),NE.TRD.GNFS.ZS,50.3942873502834,58.4022059745625,51.6236920232481,47.4646425127304,46.170489362216,40.3273846919019,34.8650195731824,35.9950578754074,34.4147531767425,31.759461841481,27.2378155252369,30.8243031771262,33.6911387270322,32.0920792814469,30.2932981264267
Kenya,KEN,Gross fixed capital formation (% of GDP),NE.GDI.FTOT.ZS,20.8470576462838,20.7086390580308,21.5850382332069,20.7857855351267,23.8847336743931,22.0910367724206,19.3917380733162,19.895722184842,19.0979953870895,18.961572231805,19.3215816602225,19.686261552744,18.6052528302827,17.2309247997492,17.662400247378
Kenya,KEN,"Unemployment, total (% of total labor force) (modeled ILO estimate)",SL.UEM.TOTL.ZS,2.796,2.704,2.682,2.764,2.768,2.762,2.757,3.541,4.284,5.014,5.619,5.693,5.707,5.567,5.434
Kiribati,KIR,GDP growth (annual %),NY.GDP.MKTP.KD.ZG,1.2259519892488,3.26372719532225,5.80365974645258,7.73092188699647,1.26366268044595,11.2653209431294,7.08803465778669,3.74911782642376,3.47943972105872,3.26428756458257,-1.46806718078108,8.47973787138213,4.56632593100372,2.65201087489879,5.26689926385046
Kiribati,KIR,GDP per capita (current US$),NY.GDP.PCAP.CD,1522.10068744154,1771.12926848792,1843.55336349889,1772.08718317132,1736.70535682101,1639.85274740652,1742.66799324117,1853.05122713319,1912.73809378187,1750.9977188915,1751.7823197053,2222.04829512346,2069.76720110559,2177.70114080416,2288.63458265531
Kiribati,KIR,"Population, total",SP.POP.TOTL,108704,110647,112284,113838,115326,116815,118478,120275,122084,123921,126099,128377,130469,132530,134518
Kiribati,KIR,"Government expenditure on education, total (% of GDP)",SE.XPD.TOTL.GD.ZS,..,..,12.499488,12.0902942583732,11.513136036036,10.7683901960784,11.646473381295,11.4761649484536,12.9204194888179,14.5197413461539,16.2303756141975,13.9871516883117,14.7860312820513,16.39053,..
Kiribati,KIR,Current health expenditure (% of GDP),SH.XPD.CHEX.GD.ZS,8.76666641,7.98947382,7.94999981,8.7081337,8.9549551,7.21568632,9.04265118,9.68424225,10.89694214,10.16600227,13.53000164,11.65399933,10.49855042,..,..
Kiribati,KIR,Access to electricity (% of population),EG.ELC.ACCS.ZS,63.2,74.9,76.7,78.8,83.4,90.6,92.6,85.7,87.5,89.3,91,92.8,94.4,95.9,..
Kiribati,KIR,Individuals using the Internet (% of population),IT.NET.USER.ZS,9.07,10,10.7468,11.5,12.25,14.9,19.4194,25.3096,32.9864,39.5737,..,..,..,88,..
Kiribati,KIR,"Life expectancy at birth, total (years)",SP.DYN.LE00.IN,65.859,65.896,65.908,65.898,65.869,65.831,65.799,65.787,65.807,65.866,65.205,64.148,66.269,66.473,..
Kiribati,KIR,"School enrollment, primary (% gross)",SE.PRM.ENRR,..,..,..,..,109.117865085248,105.430103966625,108.727858293076,103.304250974568,..,..,105.717202654416,103.688433251616,102.156527494347,97.3655383941286,95.2685003274394
Kiribati,KIR,"School enrollment, secondary (% gross)",SE.SEC.ENRR,..,..,..,..,..,..,..,..,..,..,..,87.142166928373,88.6853008111105,94.7441990494828,90.2786712646484
Kiribati,KIR,Urban population (% of total population),SP.URB.TOTL.IN.ZS,47.39,48.235,49.082,49.927,50.773,51.619,52.45,53.262,54.057,54.835,55.594,56.335,57.058,57.762,58.448
Kiribati,KIR,Trade (% of GDP),NE.TRD.GNFS.ZS,85.6972657116246,93.4314038207066,96.1286959983954,96.7814166724492,104.187967755713,109.889098401931,111.269790749303,100.561246964827,81.1175388701484,96.5903107369709,76.7089561131334,74.5182495780663,108.143660536647,107.586938803791,101.150870820527
Kiribati,KIR,Gross fixed capital formation (% of GDP),NE.GDI.FTOT.ZS,15.655519581319,19.4424004320323,25.233553235432,29.9063224565291,28.1119017711315,38.5563261521954,30.5525171795261,25.4576272468706,18.319607575249,15.7551700386051,14.6026789535543,17.415273894638,19.1294233602602,..,..
Kiribati,KIR,"Unemployment, total (% of total labor force) (modeled ILO estimate)",SL.UEM.TOTL.ZS,..,..,..,..,..,..,..,..,..,..,..,..,..,..,..
"Korea, Dem. People's Rep.",PRK,GDP growth (annual %),NY.GDP.MKTP.KD.ZG,..,..,..,..,..,..,..,..,..,..,..,..,..,..,..
"Korea, Dem. People's Rep.",PRK,GDP per capita (current US$),NY.GDP.PCAP.CD,..,..,..,..,..,..,..,..,..,..,..,..,..,..,..
"Korea, Dem. People's Rep.",PRK,"Population, total",SP.POP.TOTL,24987258,25097874,25211728,25329451,25451262,25575350,25698326,25817709,25931147,26037632,26136312,26232534,26328845,26418204,26498823
"Korea, Dem. People's Rep.",PRK,"Government expenditure on education, total (% of GDP)",SE.XPD.TOTL.GD.ZS,..,..,..,..,..,..,..,..,..,..,..,..,..,..,..
"Korea, Dem. People's Rep.",PRK,Current health expenditure (% of GDP),SH.XPD.CHEX.GD.ZS,..,..,..,..,..,..,..,..,..,..,..,..,..,..,..
"Korea, Dem. People's Rep.",PRK,Access to electricity (% of population),EG.ELC.ACCS.ZS,29.3,31.4,33.6,35.7,37.8,40,42.1,44.2,46.3,48.4,50.5,52.6,54.7,57.5,..
"Korea, Dem. People's Rep.",PRK,Individuals using the Internet (% of population),IT.NET.USER.ZS,0,0,0,..,..,..,..,..,..,..,..,..,..,..,..
"Korea, Dem. People's Rep.",PRK,"Life expectancy at birth, total (years)",SP.DYN.LE00.IN,70.246,70.772,71.317,71.867,72.451,72.825,72.971,73.034,73.02,72.928,72.783,73.437,73.641,73.642,..
"Korea, Dem. People's Rep.",PRK,"School enrollment, primary (% gross)",SE.PRM.ENRR,..,..,..,..,..,..,..,..,92.0648422241211,..,..,..,..,..,..
"Korea, Dem. People's Rep.",PRK,"School enrollment, secondary (% gross)",SE.SEC.ENRR,..,..,..,..,..,94.2515411376953,..,..,..,..,..,..,..,..,..
"Korea, Dem. People's Rep.",PRK,Urban population (% of total population),SP.URB.TOTL.IN.ZS,60.377,60.557,60.738,60.918,61.098,61.277,61.471,61.678,61.899,62.134,62.381,62.642,62.916,63.203,63.503
"Korea, Dem. People's Rep.",PRK,Trade (% of GDP),NE.TRD.GNFS.ZS,..,..,..,..,..,..,..,..,..,..,..,..,..,..,..
"Korea, Dem. People's Rep.",PRK,Gross fixed capital formation (% of GDP),NE.GDI.FTOT.ZS,..,..,..,..,..,..,..,..,..,..,..,..,..,..,..
"Korea, Dem. People's Rep.",PRK,"Unemployment, total (% of total labor force) (modeled ILO estimate)",SL.UEM.TOTL.ZS,2.81,2.894,2.916,2.928,2.883,2.896,2.931,2.846,2.757,2.782,2.948,3,2.805,2.831,2.859
"Korea, Rep.",KOR,GDP growth (annual %),NY.GDP.MKTP.KD.ZG,6.80482491783671,3.68566778212526,2.40253099246186,3.16470863647184,3.2024537945736,2.80910326824133,2.94688171508626,3.15963574012777,2.90740377377135,2.24397786011012,-0.709415359397681,4.30473481906969,2.61267219187226,1.35673324311098,..
"Korea, Rep.",KOR,GDP per capita (current US$),NY.GDP.PCAP.CD,23079.2601257735,25097.595426845,25459.1689000965,27179.5170146052,29252.9312377352,28737.4391706499,29280.4403170048,31600.7358741365,33447.1562836166,31902.4169048194,31721.2989141857,35125.5224984723,32394.6833725203,33121.3712885508,..
"Korea, Rep.",KOR,"Population, total",SP.POP.TOTL,49554112,49936638,50199853,50428893,50746659,51014947,51217803,51361911,51585058,51764822,51836239,51769539,51672569,51712619,51751065
"Korea, Rep.",KOR,"Government expenditure on education, total (% of GDP)",SE.XPD.TOTL.GD.ZS,..,..,..,..,..,4.45423984527588,4.33309984207153,4.32823991775513,4.45807981491089,4.68465995788574,4.8017201423645,4.86627006530762,5.81446981430054,..,..
"Korea, Rep.",KOR,Current health expenditure (% of GDP),SH.XPD.CHEX.GD.ZS,6.02606916,6.12371254,6.17752457,6.31104422,6.50225973,6.72447348,6.89293242,7.04771852,7.46262026,8.1267519,8.3554945,8.95732689,9.43414211,9.88014412,..
"Korea, Rep.",KOR,Access to electricity (% of population),EG.ELC.ACCS.ZS,100,100,100,100,100,100,100,100,100,100,100,100,100,100,..
"Korea, Rep.",KOR,Individuals using the Internet (% of population),IT.NET.USER.ZS,83.7,83.7591,84.07,84.77,87.5568,89.8963,92.843,95.0694,96.0229,96.1576,96.5051,97.5713,97.1686,97.416,97.8956
"Korea, Rep.",KOR,"Life expectancy at birth, total (years)",SP.DYN.LE00.IN,80.1170731707317,80.5682926829269,80.819512195122,81.2707317073171,81.7219512195122,82.0243902439024,82.2756097560976,82.6268292682927,82.6268292682927,83.2268292682927,83.4268292682927,83.5268292682927,82.6804878048781,83.4292682926829,..
"Korea, Rep.",KOR,"School enrollment, primary (% gross)",SE.PRM.ENRR,100.80436706543,100.998878479004,101.147590637207,100.268768310547,99.4568099975586,100.062088012695,99.7160110473633,98.6247100830078,98.6656723022461,99.6388168334961,99.217903137207,98.6079330444336,99.0050201416016,100.301467895508,..
"Korea, Rep.",KOR,"School enrollment, secondary (% gross)",SE.SEC.ENRR,97.2930603027344,97.5294189453125,97.3674163818359,97.8287506103516,98.5806732177734,98.5931930541992,98.7179565429688,99.105583190918,99.3186569213867,98.3813018798828,97.0888214111328,98.0692291259766,97.8181304931641,96.2983932495117,..
"Korea, Rep.",KOR,Urban population (% of total population),SP.URB.TOTL.IN.ZS,81.936,81.923,81.851,81.779,81.707,81.634,81.562,81.503,81.459,81.43,81.414,81.414,81.427,81.456,81.498
"Korea, Rep.",KOR,Trade (% of GDP),NE.TRD.GNFS.ZS,91.3995964951756,105.566313581348,105.458327737701,97.9521049538882,90.6144418981567,79.132494389092,73.6038094655981,77.1209178066416,78.9888655134363,75.757138965219,69.0340450909562,80.1994569268269,96.5364092886865,87.9396791903733,..
"Korea, Rep.",KOR,Gross fixed capital formation (% of GDP),NE.GDI.FTOT.ZS,30.2270160724482,30.1543367115518,29.5542275410083,29.092646808666,28.9578175949015,29.0106020408434,29.719437199287,31.5115469416487,30.3755899164289,30.0858753770658,31.3003864223609,31.6485470016443,32.1693401886293,32.1603785202663,..
"Korea, Rep.",KOR,"Unemployment, total (% of total labor force) (modeled ILO estimate)",SL.UEM.TOTL.ZS,3.324,2.992,2.812,2.747,3.082,3.546,3.65,3.653,3.824,3.746,3.931,3.639,2.857,2.675,2.604
Kosovo,XKX,GDP growth (annual %),NY.GDP.MKTP.KD.ZG,4.93995095961395,6.31981022896761,1.71219595890548,5.34079911900278,3.34880478431623,5.91623128345211,5.57177504731632,4.82565565298054,3.40663227056285,4.75680057007834,-5.34027547826166,10.7456560819583,4.27849895827543,4.06762701436438,4.41273828755084
Kosovo,XKX,GDP per capita (current US$),NY.GDP.PCAP.CD,2987.54519574464,3538.94759838576,3410.65550749316,3704.55872781672,3902.49424360946,3520.62850699375,3759.44959067104,4009.31799347588,4384.18624084947,4415.99716107514,4310.89065548799,5270.42965289833,5290.94747224687,6221.20365212094,7299.43498083118
Kosovo,XKX,"Population, total",SP.POP.TOTL,1788743,1791949,1807126,1818119,1812788,1788274,1777568,1791019,1797086,1788891,1790151,1786079,1768096,1682668,1527324
Kosovo,XKX,"Government expenditure on education, total (% of GDP)",SE.XPD.TOTL.GD.ZS,..,..,..,..,..,..,..,..,..,..,..,..,..,..,..
Kosovo,XKX,Current health expenditure (% of GDP),SH.XPD.CHEX.GD.ZS,..,..,..,..,..,..,..,..,..,..,..,..,..,..,..
Kosovo,XKX,Access to electricity (% of population),EG.ELC.ACCS.ZS,..,..,..,..,..,..,..,..,..,..,..,..,..,..,..
Kosovo,XKX,Individuals using the Internet (% of population),IT.NET.USER.ZS,..,..,..,..,..,..,..,83.8936,89.443,..,..,..,..,..,..
Kosovo,XKX,"Life expectancy at birth, total (years)",SP.DYN.LE00.IN,74.609,75.323,75.75,76.336,76.179,76.024,76.748,77.105,77.117,77.249,74.212,74.981,77.623,78.033,..
Kosovo,XKX,"School enrollment, primary (% gross)",SE.PRM.ENRR,..,..,..,..,..,..,..,..,..,..,..,..,..,..,..
Kosovo,XKX,"School enrollment, secondary (% gross)",SE.SEC.ENRR,..,..,..,..,..,..,..,..,..,..,..,..,..,..,..
Kosovo,XKX,Urban population (% of total population),SP.URB.TOTL.IN.ZS,..,..,..,..,..,..,..,..,..,..,..,..,..,..,..
Kosovo,XKX,Trade (% of GDP),NE.TRD.GNFS.ZS,82.1774799739022,86.1517494661872,81.3639162574412,75.1034836607029,77.0760521643276,74.0204422546574,75.0188123077463,80.4101373469745,86.3150846710967,85.7534085053482,75.6080171280001,98.6384304855253,110.012031619226,109.951851577902,114.2603926097
Kosovo,XKX,Gross fixed capital formation (% of GDP),NE.GDI.FTOT.ZS,31.0111907992826,31.1581631219622,30.695891041454,29.1611552941121,27.5048050785948,28.2670854816428,28.0115966303318,29.9595246156034,31.7112694391579,31.0426389832901,29.7061906473535,32.8807250679358,32.5048082073562,31.4805123269795,..
Kosovo,XKX,"Unemployment, total (% of total labor force) (modeled ILO estimate)",SL.UEM.TOTL.ZS,..,..,..,..,..,..,..,..,..,..,..,..,..,..,..
Kuwait,KWT,GDP growth (annual %),NY.GDP.MKTP.KD.ZG,-2.37054804702014,9.6286341294699,6.62587503701585,1.14946534308449,0.500914739235171,0.592770733341254,2.92607587738732,-4.71222270116762,2.74333053861294,2.26381690553512,-4.81778982257279,1.67263689630211,6.75866704650672,-1.66720589738431,-2.56011113294544
Kuwait,KWT,GDP per capita (current US$),NY.GDP.PCAP.CD,39212.2522190461,49169.6063983139,52155.2225460479,49651.0439709448,44368.781373043,29882.2126867068,27323.6890643847,29047.6535822842,32067.9623689512,31707.8737464917,25236.0755520534,34018.6342879647,39981.7690981957,34075.8490439847,32213.8622292316
Kuwait,KWT,"Population, total",SP.POP.TOTL,2943372,3132814,3337109,3507844,3665876,3834574,4004096,4154812,4323515,4442316,4400267,4360865,4589643,4853420,4973861
Kuwait,KWT,"Government expenditure on education, total (% of GDP)",SE.XPD.TOTL.GD.ZS,..,..,..,..,..,..,5.95593958839578,6.35444222156987,6.39165256830382,6.72789551402991,6.24513034913966,7.76246706467929,6.58236499988891,5.0262608311279,6.43592667889685
Kuwait,KWT,Current health expenditure (% of GDP),SH.XPD.CHEX.GD.ZS,2.67879915,2.33303547,2.33311439,2.48789287,2.9159987,4.21497965,4.73096323,4.65326786,5.18862629,5.2627306,6.23488235,5.50187826,4.26875782,..,..
Kuwait,KWT,Access to electricity (% of population),EG.ELC.ACCS.ZS,100,100,100,100,100,100,100,100,100,100,100,100,100,100,..
Kuwait,KWT,Individuals using the Internet (% of population),IT.NET.USER.ZS,61.4,65.7691,70.45,75.46,78.7,82,85.6,98,99.5988,99.5427,99.1059,99.7,99.7237,99.7473,..
Kuwait,KWT,"Life expectancy at birth, total (years)",SP.DYN.LE00.IN,77.7262195121951,78.052243902439,78.3950243902439,78.7418048780488,79.0803414634146,79.3765609756098,79.6775853658537,79.9160731707317,80.1063658536585,81.969756097561,78.7609756097561,78.7365853658537,80.5878048780488,83.1878048780488,..
Kuwait,KWT,"School enrollment, primary (% gross)",SE.PRM.ENRR,103.456070631628,104.034639765968,101.201070548063,100.76174143249,100.81140841023,101.798934825921,95.082504528762,91.091846001843,88.3663601926408,83.058405539644,81.3867938642424,82.3634126791806,..,..,..
Kuwait,KWT,"School enrollment, secondary (% gross)",SE.SEC.ENRR,99.4166345928894,98.1417694091797,98.6952312050305,95.5615386962891,93.0660018920898,95.3934020996094,..,..,..,..,..,..,..,..,..
Kuwait,KWT,Urban population (% of total population),SP.URB.TOTL.IN.ZS,100,100,100,100,100,100,100,100,100,100,100,100,100,100,100
Kuwait,KWT,Trade (% of GDP),NE.TRD.GNFS.ZS,97.0280216627504,99.1164927304135,101.011435176358,97.6054912474252,100.037189780363,98.6999883228859,96.1576724081222,97.8400465627886,102.785630676596,91.6857123834172,82.01074583049,82.0003751084726,90.9188102145939,..,..
Kuwait,KWT,Gross fixed capital formation (% of GDP),NE.GDI.FTOT.ZS,16.6863060545071,12.8022570175571,12.1283300341316,13.7130457947447,16.3519929578246,25.4802279439977,29.2730708211702,27.0085390832752,24.7377612697621,22.7492715388928,20.0006433871007,15.6185284929936,16.0915597874825,..,..
Kuwait,KWT,"Unemployment, total (% of total labor force) (modeled ILO estimate)",SL.UEM.TOTL.ZS,1.82,2.053,2.231,2.471,2.9,2.2,2.16,2.227,2.204,2.251,3.557,3.002,2.174,2.127,2.144
Kyrgyz Republic,KGZ,GDP growth (annual %),NY.GDP.MKTP.KD.ZG,-0.471566596791618,5.95627429693504,-0.0881501998439376,10.9154694528045,4.02403863083252,3.87582544512439,4.33585592190116,4.73993722377884,3.75791013557165,4.60062565707598,-7.14897757727955,5.50700762671923,8.96750520041391,9.0132928339342,9.04013556120012
Kyrgyz Republic,KGZ,GDP per capita (current US$),NY.GDP.PCAP.CD,876.954476440354,1117.40174350185,1168.62244675446,1269.66303464348,1264.52668823891,1105.65193844261,1103.27489428412,1221.39046807082,1283.5203037417,1421.99927504102,1229.51766602907,1349.99730650542,1739.72018344174,2138.22210211478,2419.26553574523
Kyrgyz Republic,KGZ,"Population, total",SP.POP.TOTL,5467059,5546587,5652076,5777150,5905848,6040036,6175338,6306696,6444079,6590211,6726596,6851224,6975220,7099750,7224614
Kyrgyz Republic,KGZ,"Government expenditure on education, total (% of GDP)",SE.XPD.TOTL.GD.ZS,5.81883001327515,6.79061985015869,7.38423013687134,6.78020000457764,5.53159999847412,5.98550987243652,6.58615016937256,6.02618980407715,5.55267000198364,5.08025979995728,5.7331600189209,5.16667985916138,7.16884382244099,6.82694680798777,..
Kyrgyz Republic,KGZ,Current health expenditure (% of GDP),SH.XPD.CHEX.GD.ZS,6.95027161,7.1072917,8.50966358,8.18745136,7.35766459,7.14930916,6.41248226,6.18586349,5.01030922,4.25461817,4.94803715,5.35275412,4.92258883,..,..
Kyrgyz Republic,KGZ,Access to electricity (% of population),EG.ELC.ACCS.ZS,99,98.3,99.8,98.9,99.8,98.7,99.7,100,100,99.9,99.9,99.7,99.7,100,..
Kyrgyz Republic,KGZ,Individuals using the Internet (% of population),IT.NET.USER.ZS,16.3,17.5,19.8,23,28.3,30.247,40.5,50.8,62.8,64.1,72,77.1177,82.5991,88.4701,..
Kyrgyz Republic,KGZ,"Life expectancy at birth, total (years)",SP.DYN.LE00.IN,69.3,69.6024390243903,70.0024390243902,70.2024390243902,70.4024390243902,70.6512195121951,70.9512195121951,71.2,71.4,71.6,71.8,71.9,72.0487804878049,72.2487804878049,..
Kyrgyz Republic,KGZ,"School enrollment, primary (% gross)",SE.PRM.ENRR,98.1180547707839,97.7979618076575,98.702532107947,98.5657231831631,98.8074237078529,98.0889255070076,99.7782949950732,100.800957688671,99.826455114381,98.9384768920384,96.2103354796137,96.3743766346118,96.7442875061351,98.0963360523919,98.5949565397186
Kyrgyz Republic,KGZ,"School enrollment, secondary (% gross)",SE.SEC.ENRR,87.7688035961973,87.5220892813577,87.2870662875623,87.7240351123141,89.4164090538588,88.9591724149373,90.4864998184447,89.9187538995131,91.1445853879787,91.6686153595535,92.1655305586517,92.5062000270634,..,91.2655243671618,91.339996215143
Kyrgyz Republic,KGZ,Urban population (% of total population),SP.URB.TOTL.IN.ZS,35.306,35.352,35.423,35.517,35.635,35.777,35.944,36.135,36.351,36.591,36.856,37.146,37.461,37.801,38.166
Kyrgyz Republic,KGZ,Trade (% of GDP),NE.TRD.GNFS.ZS,133.232850492333,136.179840420492,139.675937840309,134.026785643922,125.126181075833,110.961570714633,105.823574017406,100.617445813258,98.8755599017608,94.4302823542939,78.9922784304738,100.261376861569,133.786718048766,132.373403912336,..
Kyrgyz Republic,KGZ,Gross fixed capital formation (% of GDP),NE.GDI.FTOT.ZS,27.7647113277575,23.6912525687168,31.3914039719613,29.5595094552467,32.491028066305,32.5880033283049,31.7947260225658,31.4657391469581,31.6504491859295,30.008048742598,25.9374483146956,24.1394982437984,21.4761655364133,22.0324728393303,..
Kyrgyz Republic,KGZ,"Unemployment, total (% of total labor force) (modeled ILO estimate)",SL.UEM.TOTL.ZS,2.887,2.999,3.114,3.153,3.262,3.338,3.474,3.57,3.67,4.295,4.63,4.096,4.043,3.991,3.289
Lao PDR,LAO,GDP growth (annual %),NY.GDP.MKTP.KD.ZG,8.52690551739717,8.03865268023725,8.02609843461283,8.02630022699017,7.61196343979319,7.27006584373785,7.02283625501138,6.8925308726989,6.24796000755872,5.4577350924848,0.503031829018681,2.52835100486102,2.70742652643155,3.74568140158232,4.25825724651581
Lao PDR,LAO,GDP per capita (current US$),NY.GDP.PCAP.CD,1125.91610151261,1361.54704394913,1563.5650771337,1812.51774424651,1981.03910900473,2121.01339097363,2303.22156035363,2432.43059478511,2545.1075420815,2589.32081035237,2583.77730696131,2526.05105018529,2046.40440255621,2066.94979776957,2123.97909411797
Lao PDR,LAO,"Population, total",SP.POP.TOTL,6334194,6426590,6518978,6611385,6703172,6801645,6908802,7018147,7128045,7237636,7346533,7453194,7559007,7664993,7769819
Lao PDR,LAO,"Government expenditure on education, total (% of GDP)",SE.XPD.TOTL.GD.ZS,1.70978999137878,1.70801997184753,1.82147002220154,3.23380994796753,2.93780994415283,2.73689787884215,2.77442976110388,2.49797261414021,2.33501229018316,2.12201393748998,1.91597273223857,1.85949176876536,1.46083440434069,1.23375160355741,..
Lao PDR,LAO,Current health expenditure (% of GDP),SH.XPD.CHEX.GD.ZS,2.91154933,1.94457507,2.07637572,2.39984965,2.29845548,2.45366454,2.36087489,2.52606821,2.24630046,2.60312223,2.05965185,2.74392009,2.01825476,..,..
Lao PDR,LAO,Access to electricity (% of population),EG.ELC.ACCS.ZS,70.2,70,76.4,79.3,82.5,89.7,89,93.6,92.9,98.4,99.3,100,100,96.5,..
Lao PDR,LAO,Individuals using the Internet (% of population),IT.NET.USER.ZS,7,9,10.7477,12.5,14.26,18.2,21.87,25.5104,36.3,47.0323,54,62,62.7001,63.6255,..
Lao PDR,LAO,"Life expectancy at birth, total (years)",SP.DYN.LE00.IN,63.69,64.505,65.126,65.723,66.35,66.688,67.014,67.345,67.594,67.911,68.339,67.807,68.715,68.964,..
Lao PDR,LAO,"School enrollment, primary (% gross)",SE.PRM.ENRR,119.705680847168,119.074599302583,118.414315740965,118.408152699995,117.425464096562,114.302879123065,110.502812681423,107.444972491228,104.275413158198,101.978544594664,100.27766790602,99.1101994809825,95.6988495024876,95.0382534939216,93.8514019047136
Lao PDR,LAO,"School enrollment, secondary (% gross)",SE.SEC.ENRR,47.3594398498535,46.3030907447649,49.0350189208984,52.6759359354755,58.0247383117676,62.2967936554274,64.7630026961054,66.0411073482017,66.1528570578416,64.986385458831,62.4493058083911,59.8530595325837,56.8782044614964,54.4330611689851,51.8523602531839
Lao PDR,LAO,Urban population (% of total population),SP.URB.TOTL.IN.ZS,30.064,30.66,31.264,31.872,32.487,33.108,33.736,34.368,35.004,35.645,36.29,36.939,37.592,38.247,38.906
Lao PDR,LAO,Trade (% of GDP),NE.TRD.GNFS.ZS,84.7203378916677,91.6986958680216,98.1851264313662,98.1791466159604,99.0597382933399,85.798321703681,75.0918909204124,..,..,..,..,..,..,..,..
Lao PDR,LAO,Gross fixed capital formation (% of GDP),NE.GDI.FTOT.ZS,27.4624877401915,28.0678025249814,32.504255276611,30.6473220372757,29.8013514004447,31.556651604237,29.0076540961796,..,..,..,..,..,..,..,..
Lao PDR,LAO,"Unemployment, total (% of total labor force) (modeled ILO estimate)",SL.UEM.TOTL.ZS,0.708,1.055,1.399,1.757,2.119,2.494,2.881,3.268,2.9,2.537,2.361,2.066,1.209,1.188,1.218
Latvia,LVA,GDP growth (annual %),NY.GDP.MKTP.KD.ZG,-3.66125859554762,3.03634482668815,7.30524057200897,2.09609028156248,2.0949597710559,3.78336712084972,2.55168601974034,3.39894872623931,4.30971286294503,0.675372771884227,-3.46922750780554,6.94254173062592,1.80677198008065,2.85421800106587,-0.44249112634327
Latvia,LVA,GDP per capita (current US$),NY.GDP.PCAP.CD,11188.4191700977,12902.574053337,13329.3499931271,14484.4715282132,15185.814581236,13321.9753140616,13838.5266823272,15132.4958333982,17252.1710428626,17294.9751600969,17564.2321549354,20261.8887788916,20227.2307431581,22675.5786295407,23367.5986788961
Latvia,LVA,"Population, total",SP.POP.TOTL,2097555,2059709,2034319,2012647,1993782,1977527,1959537,1942248,1927174,1913822,1900449,1884490,1879383,1877445,1862441
Latvia,LVA,"Government expenditure on education, total (% of GDP)",SE.XPD.TOTL.GD.ZS,5.14355993270874,5.24315977096558,6.83852005004883,7.24962997436523,5.47479009628296,5.46670007705688,4.82350015640259,4.52905988693237,4.39430999755859,4.58675003051758,4.99749994277954,4.76752996444702,4.31920003890991,..,..
Latvia,LVA,Current health expenditure (% of GDP),SH.XPD.CHEX.GD.ZS,6.097435,5.72401047,5.41047668,5.40874767,5.46339607,5.65211773,6.1332593,5.96542788,6.18867874,6.63697243,7.28520584,9.10995388,7.62168407,..,..
Latvia,LVA,Access to electricity (% of population),EG.ELC.ACCS.ZS,99.8,99.8,100,100,100,100,100,100,100,100,100,100,100,100,..
Latvia,LVA,Individuals using the Internet (% of population),IT.NET.USER.ZS,68.42,69.75,73.1199,75.2344,75.8261,79.2006,79.8421,80.1141,83.5772,86.1355,88.898,91.1796,91.0301,92.1879,92.7076
Latvia,LVA,"Life expectancy at birth, total (years)",SP.DYN.LE00.IN,73.4829268292683,73.5756097560976,73.7780487804878,73.9829268292683,74.1243902439024,74.4804878048781,74.580487804878,74.6292682926829,74.7829268292683,75.3878048780488,75.1853658536585,72.9804878048781,74.2780487804878,75.6780487804878,..
Latvia,LVA,"School enrollment, primary (% gross)",SE.PRM.ENRR,102.958602905273,102.285652160645,101.048713684082,100.386268615723,99.8528213500977,99.3933181762695,99.1985473632812,99.3678436279297,99.614387512207,99.9834365844727,99.8328475952148,99.7407684326172,99.41796875,98.4666366577148,..
Latvia,LVA,"School enrollment, secondary (% gross)",SE.SEC.ENRR,102.822158813477,105.565788269043,106.344802856445,114.776809692383,113.706932067871,112.356651306152,111.296806335449,110.723251342773,109.155700683594,107.602462768555,105.956283569336,105.814010620117,104.764526367188,102.126243591309,..
Latvia,LVA,Urban population (% of total population),SP.URB.TOTL.IN.ZS,67.841,67.869,67.897,67.925,67.952,67.98,68.021,68.075,68.142,68.222,68.315,68.421,68.54,68.671,68.815
Latvia,LVA,Trade (% of GDP),NE.TRD.GNFS.ZS,110.86235386272,129.734758014485,133.211503650958,129.677184929099,130.042252244959,126.380014406006,123.330518429659,128.714003328884,128.234095559822,125.29163170793,123.88319804656,136.796615414819,159.84434485906,136.632034970681,131.803776863673
Latvia,LVA,Gross fixed capital formation (% of GDP),NE.GDI.FTOT.ZS,19.5198322313546,23.7249741856312,27.0115757309662,24.9648880386504,23.6442193799567,22.3075948914481,20.1698787836187,21.5265612714824,22.9037634935095,22.7240395466554,23.0296116182607,22.9289576043746,23.0177695505569,24.6810520361847,23.1014434102655
Latvia,LVA,"Unemployment, total (% of total labor force) (modeled ILO estimate)",SL.UEM.TOTL.ZS,19.482,16.206,15.047,11.867,10.846,9.873,9.643,8.715,7.412,6.312,8.098,7.513,6.815,6.465,6.72
Lebanon,LBN,GDP growth (annual %),NY.GDP.MKTP.KD.ZG,7.97513555844932,0.86733987855277,2.56479133680038,3.8278734986016,2.48406010500743,0.462320792597581,1.55454940856943,0.903028464073813,-1.88470575631651,-6.91492472851026,-21.3998996914321,-7.00123862514116,-0.621678970663112,-0.760584470257314,..
Lebanon,LBN,GDP per capita (current US$),NY.GDP.PCAP.CD,7625.81051551165,7834.96257108993,8406.98405608118,8162.37929361396,7577.6413302369,7714.1099998804,8089.012088155,8608.21084982387,9174.53666204759,8905.88005497437,5561.19166950397,4045.37391066234,3654.35845534878,3477.72489842684,..
Lebanon,LBN,"Population, total",SP.POP.TOTL,5041288,5096020,5235742,5743436,6346990,6472469,6323060,6160128,5984119,5794594,5702398,5718122,5744489,5773493,5805962
Lebanon,LBN,"Government expenditure on education, total (% of GDP)",SE.XPD.TOTL.GD.ZS,1.61330997943878,1.65251994132996,2.14902997016907,2.43396997451782,..,..,2.17820270841405,2.21606844423238,2.6165251225734,2.51957250612723,2.4354185601396,..,1.33151427628711,1.50416361108086,1.22490869993085
Lebanon,LBN,Current health expenditure (% of GDP),SH.XPD.CHEX.GD.ZS,7.43864489,8.17744446,7.00420094,7.06742191,7.52181005,7.41596651,7.92386055,7.80396605,8.07092381,8.6936779,7.57650805,4.85634661,5.73500204,..,..
Lebanon,LBN,Access to electricity (% of population),EG.ELC.ACCS.ZS,99.5,99.7,99.5,99.6,99.7,99.7,99.8,99.9,99.7,100,100,100,100,100,..
Lebanon,LBN,Individuals using the Internet (% of population),IT.NET.USER.ZS,43.68,52,61.2498,70.5,73,74,76.11,78.1808,80.9,81.4812,82.0665,82.656,82.798,83.4933,..
Lebanon,LBN,"Life expectancy at birth, total (years)",SP.DYN.LE00.IN,77.529,77.768,77.941,78.037,78.148,78.275,78.306,78.192,78.263,78.208,76.299,73.65,78.003,77.817,..
Lebanon,LBN,"School enrollment, primary (% gross)",SE.PRM.ENRR,84.7973450726083,84.8372167281463,85.2793225598415,86.8028638212504,78.51893817562,77.1609396441008,76.5474649245479,78.1223765134602,77.5757280340719,77.0927924297378,76.1016961624784,74.7292217654682,76.4541233193651,78.2026874196176,81.7691124093498
Lebanon,LBN,"School enrollment, secondary (% gross)",SE.SEC.ENRR,70.562435785543,73.8286148513332,72.2122774625477,71.2231189680025,59.2622758017054,58.1075064918095,59.4640916311345,63.1400703776303,64.2435656996928,65.2767643910733,65.89697761206,67.5143617766569,64.5017084327233,62.8279212477627,63.7923011779785
Lebanon,LBN,Urban population (% of total population),SP.URB.TOTL.IN.ZS,87.334,87.484,87.636,87.79,87.947,88.106,88.266,88.429,88.593,88.758,88.925,89.093,89.262,89.432,89.603
Lebanon,LBN,Trade (% of GDP),NE.TRD.GNFS.ZS,95.0966529416243,102.139882412503,88.5455019230591,86.1743285920565,79.8171565925627,71.8390426347811,67.7236177908116,68.4554292593276,68.2573073043718,62.98091601016,50.1298042879627,78.8286204025241,114.888278265666,104.206410069182,..
Lebanon,LBN,Gross fixed capital formation (% of GDP),NE.GDI.FTOT.ZS,25.0361909614275,25.6354269787084,25.2971280567125,27.0125680401887,24.3754243589915,21.7192020290613,22.5922228825615,21.3940568907692,21.7816276481155,13.5591549936245,8.09817614190237,5.35948446103238,1.22517074932807,1.89754409912655,..
Lebanon,LBN,"Unemployment, total (% of total labor force) (modeled ILO estimate)",SL.UEM.TOTL.ZS,6.775,7.349,7.937,8.458,8.833,9.306,9.786,10.251,10.745,11.301,13.284,12.669,11.6,11.543,..
Lesotho,LSO,GDP growth (annual %),NY.GDP.MKTP.KD.ZG,5.26967078056286,4.61641394528752,6.33408374679448,1.79252555575545,1.71054990545476,3.12406678044546,3.60890731687714,-3.13817493733471,-1.48063315848241,-1.41799383085205,-8.15595879914267,2.26671067006538,2.38778020186284,1.82662525852363,2.76223818532688
Lesotho,LSO,GDP per capita (current US$),NY.GDP.PCAP.CD,1119.47557793042,1280.73390931581,1217.93071228944,1151.03735837227,1173.5377928819,1121.19851342518,992.491840678465,1069.36673247542,1170.65569702819,1082.05706777516,918.582577421982,1066.58643600093,1030.12579628833,916.282970463888,971.814620468788
Lesotho,LSO,"Population, total",SP.POP.TOTL,1996251,2014009,2034354,2056504,2080089,2104611,2130422,2157110,2183603,2209405,2235727,2261542,2286110,2311472,2337423
Lesotho,LSO,"Government expenditure on education, total (% of GDP)",SE.XPD.TOTL.GD.ZS,..,..,..,..,..,7.64272055728181,7.55247411216023,8.1553201675415,7.28360986709595,..,..,..,..,7.29011355590957,6.62253066096596
Lesotho,LSO,Current health expenditure (% of GDP),SH.XPD.CHEX.GD.ZS,7.64083624,9.07554626,10.04389477,10.99586868,9.99925232,9.29659843,9.24263859,10.57478237,11.1686039,21.96986771,10.45941448,10.81370068,12.65127754,..,..
Lesotho,LSO,Access to electricity (% of population),EG.ELC.ACCS.ZS,17,22.5,20.6,26.9,27.8,31.8,35.1,33.7,47,44.6,47.5,50.4,50,57.3,..
Lesotho,LSO,Individuals using the Internet (% of population),IT.NET.USER.ZS,3.86,7,10,15,22,25,32.4539,39,40.8,42.3017,43.6575,45.0567,46.5007,47.991,..
Lesotho,LSO,"Life expectancy at birth, total (years)",SP.DYN.LE00.IN,46.045,46.93,48.235,49.547,50.786,51.83,52.908,53.874,54.638,55.249,55.133,54.209,56.812,57.375,..
Lesotho,LSO,"School enrollment, primary (% gross)",SE.PRM.ENRR,118.573860412332,117.181528807654,115.307928873959,110.493088742815,107.843876685208,105.217264805575,104.249373647237,105.559253372505,96.0052004309251,91.2787382569656,87.7447358699667,85.0366186011239,83.6343022439557,81.6412239707352,80.1830208282055
Lesotho,LSO,"School enrollment, secondary (% gross)",SE.SEC.ENRR,54.2426986694336,56.9506416320801,59.0772018432617,57.7590713500977,58.2575629391492,59.3985096286536,56.8386993408203,59.3586515505342,..,..,..,..,..,..,..
Lesotho,LSO,Urban population (% of total population),SP.URB.TOTL.IN.ZS,24.798,25.31,25.704,26.101,26.502,26.908,27.317,27.73,28.153,28.585,29.028,29.48,29.943,30.415,30.897
Lesotho,LSO,Trade (% of GDP),NE.TRD.GNFS.ZS,150.102435487333,149.796606699153,150.208575358438,133.36548975517,126.292475360578,129.722773082867,136.31524774176,146.366771329494,144.434955465602,140.51663349168,141.096604645578,139.186479465407,142.373981443861,141.513755535108,..
Lesotho,LSO,Gross fixed capital formation (% of GDP),NE.GDI.FTOT.ZS,29.3520153599159,28.0318080027946,35.9474149824151,30.9926999276088,29.3894837213154,28.3396147074389,26.6310792843043,27.3872272220396,25.9784566212239,25.8514905247969,24.3115948033679,25.6700455121676,27.0714898944063,28.346005688677,..
Lesotho,LSO,"Unemployment, total (% of total labor force) (modeled ILO estimate)",SL.UEM.TOTL.ZS,16.113,16.157,15.813,15.97,16.104,16.254,16.17,16.401,16.625,16.876,18.399,18.23,16.688,16.457,16.147
Liberia,LBR,GDP growth (annual %),NY.GDP.MKTP.KD.ZG,6.09982524004147,8.20076822497064,7.99381444555367,8.68728781639683,0.701393100287518,-0.0185649695590939,-1.5549586174878,2.45515592012239,1.15757512207355,-2.46729763532686,-2.98249127649473,4.98671283481617,4.80810517290655,4.68375688761311,4.79291482156812
Liberia,LBR,GDP per capita (current US$),NY.GDP.PCAP.CD,492.252808033724,568.087865520004,638.368751462083,710.744570927863,706.714490064507,692.590082351257,714.613063145659,699.269095727404,692.203127129794,658.164180770507,616.787867006715,667.96610514319,744.617175237387,799.194470229642,846.277368387389
Liberia,LBR,"Population, total",SP.POP.TOTL,4058890,4221178,4373043,4470239,4564293,4659431,4755608,4848925,4944726,5043721,5149463,5259323,5373294,5493031,5612817
Liberia,LBR,"Government expenditure on education, total (% of GDP)",SE.XPD.TOTL.GD.ZS,..,..,1.77711999416351,1.69078004360199,2.20005011558533,2.11587468207978,2.11479684223088,2.66330003738403,2.50391006469727,2.16508193926132,2.13601415111746,2.4235999584198,2.2760960068702,2.2665256232687,..
Liberia,LBR,Current health expenditure (% of GDP),SH.XPD.CHEX.GD.ZS,10.35444641,9.71052551,8.15444565,7.08145809,8.76283932,10.4594965,9.88514519,10.44921875,10.78197193,8.38325977,12.90504265,13.8384428,13.47386169,..,..
Liberia,LBR,Access to electricity (% of population),EG.ELC.ACCS.ZS,5.3,4.1,9.3,9.8,9.4,15.2,17.7,24.2,22.8,23.1,27.6,29.8,31.8,32.5,..
Liberia,LBR,Individuals using the Internet (% of population),IT.NET.USER.ZS,2.3,2.5,2.6,3.2,5.41,10,15.7,16.3,17.2777,18.3141,19.4126,20.5771,21.8966,23.4979,..
Liberia,LBR,"Life expectancy at birth, total (years)",SP.DYN.LE00.IN,59.358,59.486,59.785,59.992,59.21,59.248,60.483,60.777,60.999,61.232,61.267,61.166,61.934,62.163,..
Liberia,LBR,"School enrollment, primary (% gross)",SE.PRM.ENRR,..,100.745734764563,..,52.1977055032725,92.5530201850852,89.990046454263,83.8891158492465,79.5952338903314,..,..,72.4228278801865,67.4627150781073,66.5939255094706,..,..
Liberia,LBR,"School enrollment, secondary (% gross)",SE.SEC.ENRR,..,43.64794921875,..,..,36.7695617675781,36.3728485107422,..,..,..,..,37.7416801452637,..,..,..,..
Liberia,LBR,Urban population (% of total population),SP.URB.TOTL.IN.ZS,47.813,48.193,48.583,48.985,49.397,49.82,50.254,50.697,51.151,51.615,52.089,52.573,53.065,53.567,54.077
Liberia,LBR,Trade (% of GDP),NE.TRD.GNFS.ZS,..,..,..,..,..,..,..,..,..,..,..,..,..,..,..
Liberia,LBR,Gross fixed capital formation (% of GDP),NE.GDI.FTOT.ZS,..,..,..,..,..,..,..,..,..,..,..,..,..,..,..
Liberia,LBR,"Unemployment, total (% of total labor force) (modeled ILO estimate)",SL.UEM.TOTL.ZS,2.266,2.211,2.146,2.08,2.079,2.557,3.081,3.066,3.056,3.068,4.109,3.845,2.977,2.933,2.882
Libya,LBY,GDP growth (annual %),NY.GDP.MKTP.KD.ZG,5.0272476723775,-50.3385151384986,86.8267484395784,-17.9979615745681,-23.0428058282215,-0.842656252118843,-1.4909411172622,32.4918021862688,7.9413678529104,-11.1960828853386,-29.4552967282824,28.3334624622298,-8.25163004105288,10.1558181770326,-0.605832526910618
Libya,LBY,GDP per capita (current US$),NY.GDP.PCAP.CD,11600.9068649472,7593.8391525702,14975.8902795144,11951.7134126011,8926.42074591474,7458.48917756374,7525.80299308216,9965.83236729757,11196.5854810844,9963.19489084483,6650.33810585348,4935.82787349801,5986.63694851258,6172.81246940233,6318.40314031017
Libya,LBY,"Population, total",SP.POP.TOTL,6497839,6343203,6179328,6304628,6427252,6531819,6632126,6738770,6849055,6951033,7045399,7135175,7223805,7305659,7381023
Libya,LBY,"Government expenditure on education, total (% of GDP)",SE.XPD.TOTL.GD.ZS,..,..,..,..,..,..,..,..,..,..,..,..,..,..,..
Libya,LBY,Current health expenditure (% of GDP),SH.XPD.CHEX.GD.ZS,3.28064442,4.01902008,3.95612097,4.97548628,5.17777824,5.80638647,6.17178679,4.67685318,4.86648417,5.54773426,7.10674047,6.21384287,4.65005827,..,..
Libya,LBY,Access to electricity (% of population),EG.ELC.ACCS.ZS,81.9,80.3,78.7,77.1,75.5,73.8,72.2,70.6,67,68.5,69.4,70.2,70,73.2,..
Libya,LBY,Individuals using the Internet (% of population),IT.NET.USER.ZS,14,14,15.2,16.5,17.76,..,..,..,..,..,87.5754,88.5598,88.6412,88.4989,..
Libya,LBY,"Life expectancy at birth, total (years)",SP.DYN.LE00.IN,72.196,69.95,72.188,72.339,71.3,71.644,71.799,72.721,73.151,72.941,72.388,72.062,74.462,69.339,..
Libya,LBY,"School enrollment, primary (% gross)",SE.PRM.ENRR,..,..,..,..,..,..,..,..,..,..,..,..,..,..,..
Libya,LBY,"School enrollment, secondary (% gross)",SE.SEC.ENRR,..,..,..,..,..,..,..,..,..,..,..,..,..,..,..
Libya,LBY,Urban population (% of total population),SP.URB.TOTL.IN.ZS,78.052,78.277,78.512,78.756,79.009,79.27,79.54,79.817,80.102,80.393,80.691,80.994,81.302,81.606,81.907
Libya,LBY,Trade (% of GDP),NE.TRD.GNFS.ZS,98.077213074239,63.0054352895288,98.2243189168448,106.334360918106,76.5248826381117,56.9049073326883,41.1101760615135,47.5489661921214,63.7811335968183,78.9939691850138,50.9757934373319,164.284069967105,156.321684682347,155.655201664179,133.928553995852
Libya,LBY,Gross fixed capital formation (% of GDP),NE.GDI.FTOT.ZS,21.7988807392483,17.3944527825121,15.9361638710738,16.7594762865855,23.2025172361361,17.0944476891502,19.4334848305815,16.1831475534531,16.0743031452922,13.7570741253253,9.44982817182817,12.160907106781,10.5201967792767,16.4803548589226,14.8373108882738
Libya,LBY,"Unemployment, total (% of total labor force) (modeled ILO estimate)",SL.UEM.TOTL.ZS,19.276,19.478,19.03,19.327,19.308,19.676,19.522,19.02,18.836,19.05,19.613,19.641,19.282,18.753,18.615
Liechtenstein,LIE,GDP growth (annual %),NY.GDP.MKTP.KD.ZG,..,..,..,..,..,..,..,..,..,..,..,..,..,..,..
Liechtenstein,LIE,GDP per capita (current US$),NY.GDP.PCAP.CD,141089.812849014,158066.369379163,148842.035144342,172823.607794648,178735.153020908,167187.15730982,165375.491396259,170547.092298954,174988.775083446,166907.839305016,164671.093553454,201944.830335076,186821.881757157,207973.617746758,..
Liechtenstein,LIE,"Population, total",SP.POP.TOTL,36022,36312,36657,36984,37248,37494,37716,37962,38246,38563,38901,39182,39493,39850,40197
Liechtenstein,LIE,"Government expenditure on education, total (% of GDP)",SE.XPD.TOTL.GD.ZS,..,2.55604004859924,..,..,..,..,..,..,..,..,..,..,..,..,..
Liechtenstein,LIE,Current health expenditure (% of GDP),SH.XPD.CHEX.GD.ZS,..,..,..,..,..,..,..,..,..,..,..,..,..,..,..
Liechtenstein,LIE,Access to electricity (% of population),EG.ELC.ACCS.ZS,100,100,100,100,100,100,100,100,100,100,100,100,100,100,..
Liechtenstein,LIE,Individuals using the Internet (% of population),IT.NET.USER.ZS,80,85,89.4077,93.8,95.21,96.6412,98.0939,99.5466,..,93.1461,94.3499,95.5694,96.4528,97.3444,..
Liechtenstein,LIE,"Life expectancy at birth, total (years)",SP.DYN.LE00.IN,81.8414634146342,81.7926829268293,82.3829268292683,82.2609756097561,82.0731707317073,82.6560975609756,82.2585365853659,83.7463414634147,83.0414634146342,84.1609756097561,81.6585365853659,84.4024390243902,84.1219512195122,84.8414634146342,..
Liechtenstein,LIE,"School enrollment, primary (% gross)",SE.PRM.ENRR,105.459182739258,104.950500488281,103.828002929688,..,102.660987854004,105.665420532227,105.491020202637,104.699737548828,106.329788208008,103.830009460449,102.913627624512,102.110137939453,..,..,..
Liechtenstein,LIE,"School enrollment, secondary (% gross)",SE.SEC.ENRR,108.879280090332,111.456573486328,110.373863220215,..,115.557830810547,116.123443603516,116.028373718262,117.094329833984,112.010162353516,119.209663391113,120.228446960449,118.726867675781,..,..,..
Liechtenstein,LIE,Urban population (% of total population),SP.URB.TOTL.IN.ZS,14.464,14.41,14.367,14.334,14.313,14.303,14.303,14.315,14.338,14.371,14.416,14.471,14.538,14.617,14.707
Liechtenstein,LIE,Trade (% of GDP),NE.TRD.GNFS.ZS,..,..,..,..,..,..,..,..,..,..,..,..,..,..,..
Liechtenstein,LIE,Gross fixed capital formation (% of GDP),NE.GDI.FTOT.ZS,..,..,..,..,..,..,..,..,..,..,..,..,..,..,..
Liechtenstein,LIE,"Unemployment, total (% of total labor force) (modeled ILO estimate)",SL.UEM.TOTL.ZS,..,..,..,..,..,..,..,..,..,..,..,..,..,..,..
Lithuania,LTU,GDP growth (annual %),NY.GDP.MKTP.KD.ZG,0.427199566550769,6.32363664821298,4.38290584355157,4.04691318575325,3.7725437958099,2.83280643343234,2.67192215053329,4.61224310312809,4.91836780106811,4.67735183530451,0.0428158336981426,6.38001606179873,2.53752574011534,0.342262716277261,2.77263124530285
Lithuania,LTU,GDP per capita (current US$),NY.GDP.PCAP.CD,11829.122609457,14261.8433787325,14288.1853493139,15636.5252586048,16446.1647181663,14269.8039878287,14934.2702840428,16800.1510246099,19247.2315367967,19608.7943945553,20428.6478157394,23870.4594851722,25085.784063499,27786.0057829276,29386.2878350187
Lithuania,LTU,"Population, total",SP.POP.TOTL,3097282,3028115,2989139,2961250,2937253,2911109,2877325,2842639,2819200,2811089,2810369,2808380,2831639,2871585,2888055
Lithuania,LTU,"Government expenditure on education, total (% of GDP)",SE.XPD.TOTL.GD.ZS,5.36880016326904,5.15469980239868,4.78232002258301,4.62416982650757,4.5076699256897,4.21646022796631,4.01143980026245,3.81236004829407,3.85628008842468,3.9415500164032,4.47348022460938,4.23977994918823,4.25285005569458,..,..
Lithuania,LTU,Current health expenditure (% of GDP),SH.XPD.CHEX.GD.ZS,6.81462288,6.48781538,6.2759347,6.12593651,6.19332647,6.49043989,6.63746262,6.4444623,6.53038597,6.98445415,7.47439718,7.75970221,7.24335003,7.29381466,..
Lithuania,LTU,Access to electricity (% of population),EG.ELC.ACCS.ZS,99.7,99.7,100,100,100,100,100,100,100,100,100,100,100,100,..
Lithuania,LTU,Individuals using the Internet (% of population),IT.NET.USER.ZS,62.12,63.64,67.23,68.4529,72.1335,71.3781,74.3766,77.6153,79.7226,81.5819,83.0555,86.9305,87.7242,88.5029,..
Lithuania,LTU,"Life expectancy at birth, total (years)",SP.DYN.LE00.IN,73.2682926829268,73.5634146341464,73.8634146341464,73.9146341463415,74.5170731707317,74.3219512195122,74.6707317073171,75.4804878048781,75.6804878048781,76.2829268292683,75.0292682926829,74.0365853658537,75.6439024390244,76.9878048780488,..
Lithuania,LTU,"School enrollment, primary (% gross)",SE.PRM.ENRR,100.421501159668,101.251838684082,101.85440826416,101.754577636719,100.977882385254,101.542343139648,104.223098754883,106.410949707031,106.05738067627,104.706062316895,103.468246459961,101.152992248535,101.905830383301,102.679946899414,..
Lithuania,LTU,"School enrollment, secondary (% gross)",SE.SEC.ENRR,105.068267822266,106.008163452148,106.17350769043,108.994407653809,102.44751739502,102.153343200684,101.81990814209,102.791778564453,103.014022827148,103.88060760498,105.987487792969,108.505813598633,106.918357849121,105.428817749023,..
Lithuania,LTU,Urban population (% of total population),SP.URB.TOTL.IN.ZS,66.757,66.741,66.864,66.986,67.108,67.23,67.366,67.516,67.679,67.855,68.046,68.249,68.465,68.694,68.936
Lithuania,LTU,Trade (% of GDP),NE.TRD.GNFS.ZS,131.626507396009,149.645306927215,156.638925650513,156.626637927418,143.290115780694,138.195575009601,134.690449650877,144.918393101325,147.202132525221,148.374996011818,135.796565563519,154.80672767597,175.651612151093,149.041909014608,143.04839086338
Lithuania,LTU,Gross fixed capital formation (% of GDP),NE.GDI.FTOT.ZS,17.0850047033206,18.7988664422637,17.5779128736327,18.6706513704311,19.107534609394,19.5972464627678,19.9190169078885,20.1373563967598,20.6920891397458,21.2003099235928,21.4337157753964,22.485926256935,22.4798438863307,23.6831218098614,22.5009606900955
Lithuania,LTU,"Unemployment, total (% of total labor force) (modeled ILO estimate)",SL.UEM.TOTL.ZS,17.814,15.39,13.365,11.77,10.698,9.12,7.862,7.073,6.147,6.255,8.487,7.112,5.955,6.841,7.504
Luxembourg,LUX,GDP growth (annual %),NY.GDP.MKTP.KD.ZG,3.76041454320028,1.04429855323325,1.64990212764553,3.17178989968683,2.62308679154881,2.26978423302835,4.97819011520116,1.31718713754285,1.61129561338169,2.74931929072659,-0.510051634039826,6.9297342584233,-1.09505351160836,-0.693632727692318,1.03161671348924
Luxembourg,LUX,GDP per capita (current US$),NY.GDP.PCAP.CD,110885.991378721,119025.057203467,112584.676270958,120000.140729859,123678.702143275,105462.012584423,106899.293549552,110193.213797228,116926.759593905,112696.649059674,116860.02817236,134965.815442152,123719.658915996,131407.681364513,137516.587324367
Luxembourg,LUX,"Population, total",SP.POP.TOTL,506953,518347,530946,543360,556319,569604,582014,596336,607950,620001,630419,640064,653103,666430,677717
Luxembourg,LUX,"Government expenditure on education, total (% of GDP)",SE.XPD.TOTL.GD.ZS,..,..,3.87815999984741,..,3.85569000244141,3.76792001724243,..,3.48645997047424,3.66211009025574,3.73606991767883,3.85349988937378,3.71989011764526,3.70599007606506,..,..
Luxembourg,LUX,Current health expenditure (% of GDP),SH.XPD.CHEX.GD.ZS,6.66263008,5.95225334,5.29404306,5.23557377,5.23040915,5.08113575,5.07103872,5.13535357,5.27988529,5.46495819,5.76488066,5.66065645,5.55154753,5.78284121,..
Luxembourg,LUX,Access to electricity (% of population),EG.ELC.ACCS.ZS,100,100,100,100,100,100,100,100,100,100,100,100,100,100,..
Luxembourg,LUX,Individuals using the Internet (% of population),IT.NET.USER.ZS,90.62,90.0299,91.9499,93.7765,94.6702,96.3767,98.1367,97.363,97.0613,97.1206,98.4596,98.6609,98.242,99.3479,98.7606
Luxembourg,LUX,"Life expectancy at birth, total (years)",SP.DYN.LE00.IN,80.6317073170732,80.9878048780488,81.3926829268293,81.8,82.2292682926829,82.2926829268293,82.6853658536585,82.0951219512195,82.2951219512195,82.6390243902439,82.1439024390244,82.5975609756098,82.9463414634147,83.3585365853659,..
Luxembourg,LUX,"School enrollment, primary (% gross)",SE.PRM.ENRR,98.0030136108398,96.2988433837891,98.7363967895508,97.7293472290039,97.3061294555664,97.4022521972656,97.4095687866211,96.7351989746094,97.3428497314453,98.3345489501953,98.6442489624023,98.4758377075195,99.484260559082,99.0644607543945,..
Luxembourg,LUX,"School enrollment, secondary (% gross)",SE.SEC.ENRR,100.080001831055,100.420967102051,100.609519958496,103.469413757324,104.596977233887,104.379188537598,106.08519744873,106.78434753418,106.983123779297,106.946510314941,107.078948974609,106.482757568359,107.83975982666,107.744010925293,..
Luxembourg,LUX,Urban population (% of total population),SP.URB.TOTL.IN.ZS,88.547,88.906,89.249,89.574,89.884,90.179,90.46,90.727,90.981,91.223,91.453,91.672,91.881,92.078,92.266
Luxembourg,LUX,Trade (% of GDP),NE.TRD.GNFS.ZS,293.671876906939,308.714453874162,311.786835204686,320.533506316768,333.42885319668,351.13197436149,348.437409376889,353.793991980303,361.865445198667,382.66078058442,375.581396376432,397.506180867971,412.177169924175,404.458334911166,398.227930959521
Luxembourg,LUX,Gross fixed capital formation (% of GDP),NE.GDI.FTOT.ZS,16.8240877972083,19.213253764947,19.1775316113029,18.4542729429366,19.1517354973098,17.3094554675767,17.28483889537,17.8113229941338,16.151624557013,18.0483819362099,17.1751509447995,18.1452709581154,16.6013614150021,16.0946624810804,14.3366714113919
Luxembourg,LUX,"Unemployment, total (% of total labor force) (modeled ILO estimate)",SL.UEM.TOTL.ZS,4.423,5.122,5.03,6.045,6.044,6.796,6.669,5.523,5.589,5.592,6.766,5.571,4.588,5.184,5.935
"Macao SAR, China",MAC,GDP growth (annual %),NY.GDP.MKTP.KD.ZG,25.1227881779164,21.6164694814501,9.242144595536,10.7528929949045,-2.04837814141044,-21.5142932394829,-0.679183617886864,9.86005151357863,6.40527915704645,-2.5634151500998,-54.3361062745857,23.5358913163209,-19.6093449325728,75.0618571360857,8.80815968461638
"Macao SAR, China",MAC,GDP per capita (current US$),NY.GDP.PCAP.CD,52591.8035225196,67041.2823092952,76051.6312325843,87069.767003344,88310.8119567344,70070.2918001631,69074.0363049212,77704.9215312666,83761.8171798142,81967.699172769,36976.2561071429,45376.314586156,36909.9564090312,67476.5290813306,73046.8890267079
"Macao SAR, China",MAC,"Population, total",SP.POP.TOTL,537000,549600,567900,591900,621700,642900,652500,648400,658900,672000,685400,682500,677300,678800,687000
"Macao SAR, China",MAC,"Government expenditure on education, total (% of GDP)",SE.XPD.TOTL.GD.ZS,2.61848998069763,2.67528009414673,3.32516002655029,2.05048990249634,2.04853010177612,3.00247001647949,3.09952998161316,2.70949006080627,2.7334098815918,3.0654399394989,6.38948011398315,5.10697984695435,6.05706977844238,3.50183010101318,..
"Macao SAR, China",MAC,Current health expenditure (% of GDP),SH.XPD.CHEX.GD.ZS,..,..,..,..,..,..,..,..,..,..,..,..,..,..,..
"Macao SAR, China",MAC,Access to electricity (% of population),EG.ELC.ACCS.ZS,100,100,100,100,100,100,100,100,100,100,100,100,100,100,..
"Macao SAR, China",MAC,Individuals using the Internet (% of population),IT.NET.USER.ZS,55.198,60.2037,61.31,65.8,69.7809,77.6001,81.643,83.1741,83.7941,86.4679,87.4623,88.4681,87.9696,89.1806,..
"Macao SAR, China",MAC,"Life expectancy at birth, total (years)",SP.DYN.LE00.IN,82.2731707317073,82.4707317073171,82.4707317073171,82.7219512195122,83.0219512195122,83.2243902439024,83.2756097560976,83.5268292682927,83.6780487804878,83.9292682926829,84.1292682926829,83.7292682926829,83.0804878048781,83.1804878048781,..
"Macao SAR, China",MAC,"School enrollment, primary (% gross)",SE.PRM.ENRR,101.166413677399,102.676451543276,99.3245614035088,99.6905829596413,100.713656387665,99.8024691358025,101.287356321839,105.325925925926,101.238255033557,96.2426035502959,92.7896174863388,89.070351758794,84.9676674364896,86.4246575342466,89.8103044496487
"Macao SAR, China",MAC,"School enrollment, secondary (% gross)",SE.SEC.ENRR,91.1610379698531,94.9301234316026,97.4283454689247,98.6075581395349,101.75873015873,100.96644295302,99.4636678200692,97.4219858156028,92.7108013937282,90.6689895470383,88.5771812080537,88.5480769230769,90.2211838006231,92.5810397553517,94.6616766467066
"Macao SAR, China",MAC,Urban population (% of total population),SP.URB.TOTL.IN.ZS,100,100,100,100,100,100,100,100,100,100,100,100,100,100,100
"Macao SAR, China",MAC,Trade (% of GDP),NE.TRD.GNFS.ZS,119.940087700279,122.888389442116,123.713341833778,121.422551665011,118.635351959792,118.498337540449,112.184468174855,114.925775444445,115.865480655493,114.703063841274,121.50036301495,167.688745835451,168.081022502393,142.010083178096,135.121270275765
"Macao SAR, China",MAC,Gross fixed capital formation (% of GDP),NE.GDI.FTOT.ZS,12.478041743917,12.323736283078,13.5177350179668,13.3485047566541,18.9723978144469,24.8012276624373,21.8899163022001,19.8246208402472,16.757009115048,13.8435236424169,26.4995974732184,22.2655147100344,22.3407051774847,14.598947277217,13.7570230639155
"Macao SAR, China",MAC,"Unemployment, total (% of total labor force) (modeled ILO estimate)",SL.UEM.TOTL.ZS,2.84,2.56,1.97,1.82,1.67,1.81,1.939,1.987,1.834,1.749,2.566,2.229,2.482,2.235,2.437
Madagascar,MDG,GDP growth (annual %),NY.GDP.MKTP.KD.ZG,0.619239744622121,1.57842705366555,3.01114811621208,2.30037622800727,3.33920311195367,3.13229807490305,3.99314606199499,3.93330759462793,3.19435651744398,4.41123212909589,-7.13767162064489,4.65068343193992,4.15609778380812,4.20304615803977,4.19999999998224
Madagascar,MDG,GDP per capita (current US$),NY.GDP.PCAP.CD,450.009391645726,506.163691559309,493.511162904211,515.301589361832,505.684922503435,445.320069480568,453.970714522463,491.866848718929,500.45718552916,499.818837622534,450.771615201509,483.469463351371,503.514533472879,508.718427705736,544.997302693127
Madagascar,MDG,"Population, total",SP.POP.TOTL,22183340,22822300,23462438,24109290,24764348,25426702,26099952,26788375,27494926,28219554,28953556,29691083,30437261,31195932,31964956
Madagascar,MDG,"Government expenditure on education, total (% of GDP)",SE.XPD.TOTL.GD.ZS,2.28856151148168,2.38168001174927,2.34067010879517,1.77693998813629,2.3812301158905,2.21011996269226,2.68719005584717,2.70137416707567,2.84409999847412,3.01338389897728,3.25443385103636,3.19807542117225,3.06772823003204,3.04770386693564,..
Madagascar,MDG,Current health expenditure (% of GDP),SH.XPD.CHEX.GD.ZS,4.69762659,4.521595,3.91105914,3.75156307,4.46240282,5.0062542,5.33248854,4.80225945,4.22160387,3.10129309,3.72316122,3.5045228,3.25023246,..,..
Madagascar,MDG,Access to electricity (% of population),EG.ELC.ACCS.ZS,12.3,14.3,18.7,12.9,23,23.8,22.9,24.1,36.5,31,32,35.1,36.1,39.4,..
Madagascar,MDG,Individuals using the Internet (% of population),IT.NET.USER.ZS,1.7,1.9,2.3,3,3.7,4.17397,4.71366,6.4,7.7478,9.37944,11.3547,13.7459,18.5532,20.3671,..
Madagascar,MDG,"Life expectancy at birth, total (years)",SP.DYN.LE00.IN,62.597,62.86,63.007,63.161,63.261,63.362,63.431,63.433,63.491,63.504,62.706,62.516,63.068,63.632,..
Madagascar,MDG,"School enrollment, primary (% gross)",SE.PRM.ENRR,135.673193203157,135.663024043331,136.435592632075,136.436484265628,137.445786724101,138.833200771878,134.676592456536,139.186670285989,132.689298160896,124.946579330031,126.585803806645,140.2656625108,132.887817840118,130.599039642521,132.73958355273
Madagascar,MDG,"School enrollment, secondary (% gross)",SE.SEC.ENRR,..,34.1198081970215,35.3920151133501,..,35.8148702330413,36.1207695007324,36.0765113830566,34.7709486382629,34.6266095687665,32.8161749019587,..,34.1320359801924,..,..,..
Madagascar,MDG,Urban population (% of total population),SP.URB.TOTL.IN.ZS,31.938,32.58,33.227,33.878,34.534,35.193,35.856,36.522,37.191,37.861,38.534,39.207,39.882,40.556,41.231
Madagascar,MDG,Trade (% of GDP),NE.TRD.GNFS.ZS,57.8748945101807,56.4830925951893,52.6517140811255,56.3675817900932,61.9694322111234,61.2203788365078,60.8346984831423,65.3434015072915,67.8415046683582,62.6013230457128,49.0107073664371,55.2158585926918,70.5471344131153,61.1330416885787,54.9714486819683
Madagascar,MDG,Gross fixed capital formation (% of GDP),NE.GDI.FTOT.ZS,25.8858941194877,24.686024811429,23.3657281371549,19.7548103563009,18.2781506923967,18.959472537268,18.9772554208421,18.1394239939119,21.0320223196991,21.2478039154103,19.5281573240945,23.2321902184957,21.8390496203999,19.8531858511876,22.606055733883
Madagascar,MDG,"Unemployment, total (% of total labor force) (modeled ILO estimate)",SL.UEM.TOTL.ZS,4.28,2.512,0.599,0.996,1.386,1.785,1.947,2.119,2.297,2.469,3.284,3.487,3.186,3.069,3.012
Malawi,MWI,GDP growth (annual %),NY.GDP.MKTP.KD.ZG,6.87406585416142,4.93266999813729,1.90000000072909,5.41034999817167,5.62527000105139,2.80000000003355,2.49999999914311,4.00000000089172,4.35356471619211,5.71682519194337,0.793596429787286,4.55829212016083,0.921115069005936,1.89245798756383,1.82685000010194
Malawi,MWI,GDP per capita (current US$),NY.GDP.PCAP.CD,683.124694716799,763.061000394572,558.46208832772,496.947368267313,529.5133440206,539.605363240686,450.506105510719,495.769683367165,533.203173686705,580.889816066776,602.507478176106,617.447520802454,604.269751184515,602.343619809252,508.371273531708
Malawi,MWI,"Population, total",SP.POP.TOTL,14826463,15265022,15709577,16161816,16621538,17085587,17557739,18039715,18528081,19025752,19533888,20047258,20568728,21104482,21655286
Malawi,MWI,"Government expenditure on education, total (% of GDP)",SE.XPD.TOTL.GD.ZS,2.43236994743347,2.85346007347107,2.52861185625253,3.72170996665955,3.32569003105164,3.85398006439209,3.28257989883423,2.76899003982544,3.32295989990234,..,..,..,2.74888371105811,..,..
Malawi,MWI,Current health expenditure (% of GDP),SH.XPD.CHEX.GD.ZS,5.14304781,5.32226658,6.02199793,8.22379494,6.89776182,6.62879086,7.72703791,7.58438921,6.88249922,6.37021732,7.17979383,7.62815809,6.50023508,..,..
Malawi,MWI,Access to electricity (% of population),EG.ELC.ACCS.ZS,8.7,7.6,7.4,9,11.9,10.8,11,12.7,18,11.2,11.5,14.2,14,15.6,..
Malawi,MWI,Individuals using the Internet (% of population),IT.NET.USER.ZS,2.26,3.33,4.3506,5.05,5.83,6,6.3,7,8.79829,11.0586,13.8995,17.4703,17.0457,17.9881,..
Malawi,MWI,"Life expectancy at birth, total (years)",SP.DYN.LE00.IN,57.787,58.859,59.87,60.816,61.651,62.324,63.163,63.914,64.464,64.995,65.216,64.782,66.037,67.353,..
Malawi,MWI,"School enrollment, primary (% gross)",SE.PRM.ENRR,135.953379497131,136.570114875395,136.603950137451,140.88915082399,140.734554498983,139.547593190997,137.823026920131,139.233233518644,136.723876953125,139.274520404398,136.43618677975,127.042360318779,126.587758962955,135.974440781822,139.016258677384
Malawi,MWI,"School enrollment, secondary (% gross)",SE.SEC.ENRR,33.6619814891638,34.7371599213107,34.8210140987042,37.847295845447,39.5435659506335,39.7291461793841,38.1843681335449,39.6154222954854,38.8324397802949,35.5212672502146,41.4565075090498,35.8885917563293,35.5084899925617,36.644092994481,..
Malawi,MWI,Urban population (% of total population),SP.URB.TOTL.IN.ZS,15.544,15.672,15.812,15.966,16.132,16.313,16.506,16.714,16.937,17.174,17.427,17.695,17.98,18.28,18.598
Malawi,MWI,Trade (% of GDP),NE.TRD.GNFS.ZS,..,..,..,..,..,..,..,..,..,..,..,..,..,..,..
Malawi,MWI,Gross fixed capital formation (% of GDP),NE.GDI.FTOT.ZS,..,..,..,..,..,..,..,..,..,..,..,..,..,..,..
Malawi,MWI,"Unemployment, total (% of total labor force) (modeled ILO estimate)",SL.UEM.TOTL.ZS,4.798,4.842,4.952,4.978,4.967,4.954,5.007,5.039,5.014,4.966,5.728,5.662,5.037,5.033,5.045
Malaysia,MYS,GDP growth (annual %),NY.GDP.MKTP.KD.ZG,7.42484738326097,5.29391283414003,5.47345419253853,4.69372252557893,6.00672194558203,5.09153242155011,4.44978139761541,5.81272240983328,4.84308697634881,4.41318742129586,-5.45684658426701,3.31534954399166,8.86182187578046,3.55548715410509,5.11415547829091
Malaysia,MYS,GDP per capita (current US$),NY.GDP.PCAP.CD,8899.34505544675,10217.1068585031,10600.5744240026,10713.6407638899,11013.3107334403,9648.6797937523,9476.53409809923,9862.54806612235,10901.8019954421,10920.191763972,9957.52626697613,10903.1116425938,11748.0919307944,11379.0851923557,11867.2586435443
Malaysia,MYS,"Population, total",SP.POP.TOTL,28655776,29162039,29662831,30174265,30696137,31232798,31789685,32355644,32910967,33440596,33889558,34282399,34695493,35126298,35557673
Malaysia,MYS,"Government expenditure on education, total (% of GDP)",SE.XPD.TOTL.GD.ZS,4.96645021438599,5.76293992996216,5.73902988433838,5.48120021820068,5.21263980865479,4.89486980438232,4.75192022323608,4.6753101348877,4.47865009307861,4.15776014328003,3.91176009178162,4.26109393398867,3.49933781956284,3.51480007171631,..
Malaysia,MYS,Current health expenditure (% of GDP),SH.XPD.CHEX.GD.ZS,3.16474271,3.31451917,3.45786357,3.51276922,3.71036959,3.82201481,3.70085335,3.71472311,3.75944281,3.83991051,4.08254337,4.37382412,3.90591931,..,..
Malaysia,MYS,Access to electricity (% of population),EG.ELC.ACCS.ZS,99.5,99.5,99.8,99.6,99.7,99.9,99.9,100,100,100,100,100,100,100,..
Malaysia,MYS,Individuals using the Internet (% of population),IT.NET.USER.ZS,56.3,61,65.8,57.0575,63.6654,71.0641,78.7883,80.1405,81.201,84.1871,89.555,96.7514,97.3986,97.6927,98.0206
Malaysia,MYS,"Life expectancy at birth, total (years)",SP.DYN.LE00.IN,75.376,75.488,75.552,75.464,75.345,75.288,75.371,75.542,75.734,75.9,76.057,73.917,75.444,76.657,..
Malaysia,MYS,"School enrollment, primary (% gross)",SE.PRM.ENRR,98.8697814941406,98.855643801119,98.7042528833624,98.9066848845224,97.15563448844,95.6311535513474,96.2219697129545,96.2574604579347,95.7761544783431,94.3275054202176,93.1800129351047,92.5769881927004,89.7872630978958,91.5021106685076,90.3595586965317
Malaysia,MYS,"School enrollment, secondary (% gross)",SE.SEC.ENRR,77.2140274047852,77.5925369262695,81.2371978759766,80.938362121582,83.2836303710938,81.5115814208984,79.8283920288086,78.8863677978516,74.4872817993164,75.3229827880859,73.2459411621094,74.9618181140898,78.8341986282999,79.4472788704033,80.2757406864183
Malaysia,MYS,Urban population (% of total population),SP.URB.TOTL.IN.ZS,70.912,71.609,72.275,72.93,73.577,74.213,74.84,75.447,76.036,76.607,77.16,77.696,78.214,78.716,79.201
Malaysia,MYS,Trade (% of GDP),NE.TRD.GNFS.ZS,157.944764886771,154.937684607226,147.841754766013,142.720991464873,138.312231176843,131.37007244526,126.8990100257,133.155173371956,130.402625502126,123.028562027943,116.788182437638,134.035994690727,146.505418280787,132.064307278667,137.366341205831
Malaysia,MYS,Gross fixed capital formation (% of GDP),NE.GDI.FTOT.ZS,22.4353995573594,22.1831391427095,25.3634484150354,26.4770560781611,25.9744966527874,25.8656435310901,25.5177878242928,25.062965299807,24.2004646026756,22.9367865039746,20.9140162759915,19.2873174557577,18.2102820234719,19.2403462149003,20.5563017028479
Malaysia,MYS,"Unemployment, total (% of total labor force) (modeled ILO estimate)",SL.UEM.TOTL.ZS,3.39,3.05,3.1,3.16,2.88,3.1,3.44,3.41,3.3,3.26,4.54,4.64,3.93,3.869,3.826
Maldives,MDV,GDP growth (annual %),NY.GDP.MKTP.KD.ZG,6.78546790940871,8.84342594522782,2.38928812559254,6.97496226830464,7.86068637180522,3.8681353357138,6.37528303066401,7.07442871706306,8.56895559709454,6.92305980832566,-32.9088287284425,37.5078700047075,13.8260895306814,4.72639195043021,5.13396223082093
Maldives,MDV,GDP per capita (current US$),NY.GDP.PCAP.CD,7173.59601844692,7424.520410971,7461.29703686309,8236.08177944126,8939.07416571472,9644.90655028145,9947.80744731739,10509.628805812,11423.2838427029,11740.2724029785,7393.8886543933,10176.143882547,11786.0091545343,12530.3602359683,13215.5353637008
Maldives,MDV,"Population, total",SP.POP.TOTL,360792,373674,386818,400070,413617,428154,443308,458287,473099,487731,502118,516154,524106,525994,527799
Maldives,MDV,"Government expenditure on education, total (% of GDP)",SE.XPD.TOTL.GD.ZS,3.63328003883362,3.08072996139526,3.34085988998413,3.3882999420166,3.0885899066925,3.8685998916626,3.66123008728027,3.82268559882407,3.85681779847259,4.12356944795488,5.84760793108804,4.61379747500137,4.67344315449896,5.16706374664829,..
Maldives,MDV,Current health expenditure (% of GDP),SH.XPD.CHEX.GD.ZS,8.48758984,7.92251587,8.67304802,8.15509319,7.91345072,8.72545815,10.30544567,9.26917839,7.43627834,7.65845585,11.3365984,10.09611702,9.65276241,..,..
Maldives,MDV,Access to electricity (% of population),EG.ELC.ACCS.ZS,99,99.1,99.2,99.4,100,99.8,100,99.8,100,100,100,100,100,100,..
Maldives,MDV,Individuals using the Internet (% of population),IT.NET.USER.ZS,26.53,34,38.9301,44.1,49.28,54.462,59.5,65,70.9,77.4697,79.0978,81.9576,83.9119,84.6851,..
Maldives,MDV,"Life expectancy at birth, total (years)",SP.DYN.LE00.IN,76.756,77.141,77.512,77.847,78.187,78.607,78.913,79.228,79.433,79.707,78.713,78.052,80.76,81.041,..
Maldives,MDV,"School enrollment, primary (% gross)",SE.PRM.ENRR,102.100165482332,100.38204155014,97.4747092509902,95.7687484324053,96.8073394495413,99.0061090225564,98.2565323867083,97.1472662194312,96.6406154097958,96.8629835988386,97.1784452967759,..,96.0147426502285,100.477973568282,99.7145381635289
Maldives,MDV,"School enrollment, secondary (% gross)",SE.SEC.ENRR,70.0468136514648,72.8434927609116,71.9760042609256,68.3872693233485,72.9110894145066,73.441380211737,70.014084045724,69.7419183184781,77.0284881591797,72.6946792602539,69.8982015609094,..,73.5234576648616,79.3565296847573,..
Maldives,MDV,Urban population (% of total population),SP.URB.TOTL.IN.ZS,36.434,36.849,37.267,37.685,38.106,38.529,38.954,39.38,39.808,40.238,40.669,41.102,41.536,41.971,42.407
Maldives,MDV,Trade (% of GDP),NE.TRD.GNFS.ZS,..,..,..,..,165.97925116043,143.720506661302,144.380212278942,141.912110574952,142.491128546618,137.125230875185,114.361902904327,142.607296696261,162.243570519228,150.03236994908,..
Maldives,MDV,Gross fixed capital formation (% of GDP),NE.GDI.FTOT.ZS,..,..,..,..,26.7309120629927,33.3166432238295,39.958303797275,41.1665758323434,47.7821183502268,44.0512013945222,38.8176225499697,28.0353626177626,36.6656113419959,34.9582566076375,..
Maldives,MDV,"Unemployment, total (% of total labor force) (modeled ILO estimate)",SL.UEM.TOTL.ZS,10.881,10.06,9.14,8.3,7.477,6.604,5.771,5.401,4.95,4.562,5.434,5.024,4.419,4.241,4.636
Mali,MLI,GDP growth (annual %),NY.GDP.MKTP.KD.ZG,6.92172188561173,4.01913525456487,-0.570588588901344,2.38212595410261,7.60253468971403,5.97471610121079,6.00506308559498,5.37554769647939,4.86784999935264,4.99999911699705,-1.16907500952713,3.1009412441845,3.5082827896139,4.71716103989503,5.00454593743036
Mali,MLI,GDP per capita (current US$),NY.GDP.PCAP.CD,827.617660082715,941.574944706639,878.217175344858,903.190452512378,940.243260037952,838.11986940103,872.468587171653,924.057531692284,996.379292136901,971.949318638092,953.242943290974,1027.27345365357,969.72220560562,1035.86242628411,1086.1762176779
Mali,MLI,"Population, total",SP.POP.TOTL,15945198,16469049,16957033,17459615,18020267,18593022,19191289,19813011,20442030,21068405,21713836,22388630,23072640,23769127,24478595
Mali,MLI,"Government expenditure on education, total (% of GDP)",SE.XPD.TOTL.GD.ZS,3.34388995170593,3.75423002243042,3.47949004173279,3.28465008735657,3.64819002151489,3.80152010917664,3.09477996826172,3.78976988792419,3.55817008018494,3.55504989624023,3.95445990562439,4.36370992660522,4.04512227529275,4.18465094218116,..
Mali,MLI,Current health expenditure (% of GDP),SH.XPD.CHEX.GD.ZS,4.67865133,4.01483774,3.7521615,3.96750712,4.48158312,4.11143351,3.77377558,3.67425752,3.73249912,3.82943797,3.47597885,3.46649742,3.67284775,..,..
Mali,MLI,Access to electricity (% of population),EG.ELC.ACCS.ZS,27,28.8,25.6,32.4,34.2,37.6,38.8,34.8,50.9,47.9,50.6,53.4,53,54.5,..
Mali,MLI,Individuals using the Internet (% of population),IT.NET.USER.ZS,2,2.2,2.8,3.5,7,10.33,14,18.9,21.4,24.9603,29.113,33.9565,34.3797,35.0921,..
Mali,MLI,"Life expectancy at birth, total (years)",SP.DYN.LE00.IN,55.993,56.367,56.696,57.052,57.482,57.852,58.286,58.562,58.873,59.217,58.858,59.116,60.035,60.439,..
Mali,MLI,"School enrollment, primary (% gross)",SE.PRM.ENRR,78.2843194478002,78.6656430079497,75.3898048541622,70.8734283447266,71.8215759998762,70.5209747052129,71.8693090094813,74.6733759399248,70.3689604909815,..,..,..,..,72.7972336510107,..
Mali,MLI,"School enrollment, secondary (% gross)",SE.SEC.ENRR,36.7189206176726,38.7492137225876,..,39.2758121397099,41.2349114693214,38.9892238642006,40.0999948578594,38.5485805738327,37.9832691019192,..,..,..,..,38.9389470920545,..
Mali,MLI,Urban population (% of total population),SP.URB.TOTL.IN.ZS,35.999,36.799,37.599,38.398,39.196,39.991,40.783,41.572,42.356,43.136,43.909,44.677,45.437,46.189,46.934
Mali,MLI,Trade (% of GDP),NE.TRD.GNFS.ZS,47.0196635730197,43.0309525232702,49.1038212559888,54.5264954580149,51.4954510008387,53.5751760102265,53.6126193604252,49.4919984941972,50.6998462523276,53.9987132798636,56.0415474422019,56.7150525565465,61.6636979670454,57.6543000639914,50.9002828660093
Mali,MLI,Gross fixed capital formation (% of GDP),NE.GDI.FTOT.ZS,23.9790111423268,22.4497903019024,18.5268608788518,24.9167407640943,25.4405038527224,23.7547024794097,25.5592761800794,24.1702422585387,22.8491810819473,24.0416131193112,22.1879463835306,23.5116048276484,22.046553792306,21.6867621830725,21.6101657349813
Mali,MLI,"Unemployment, total (% of total labor force) (modeled ILO estimate)",SL.UEM.TOTL.ZS,1.405,1.422,1.482,1.516,1.474,1.401,1.367,1.494,1.62,3.29,3.528,3.966,2.387,2.956,3.06
Malta,MLT,GDP growth (annual %),NY.GDP.MKTP.KD.ZG,6.1973451691119,0.991963675296375,4.10259030296838,6.29171574401258,7.63112937482686,9.62109756228348,4.07771929481284,12.972119343498,7.18909653691901,4.08470602847339,-3.35834253154739,13.2997893209653,4.26931853012293,6.79631311118804,5.96928196125685
Malta,MLT,GDP per capita (current US$),NY.GDP.PCAP.CD,21946.6070188242,23516.9691282762,22878.3131257656,25415.5566806942,27424.5765369278,25529.6813131565,26459.0772054811,30317.2443357939,33382.2677502638,32421.9179753188,31833.596382464,38065.354346575,36224.2819955817,40182.4313854634,42347.3073860173
Malta,MLT,"Population, total",SP.POP.TOTL,414508,416268,420028,424810,433481,444220,454505,467106,483903,503912,515490,518150,531113,552747,574346
Malta,MLT,"Government expenditure on education, total (% of GDP)",SE.XPD.TOTL.GD.ZS,6.20798015594482,7.57771015167236,6.24788999557495,7.40672016143799,6.84973001480103,4.91352987289429,4.95570993423462,4.34281015396118,..,4.79941987991333,..,4.93089008331299,4.71973991394043,..,..
Malta,MLT,Current health expenditure (% of GDP),SH.XPD.CHEX.GD.ZS,7.95211124,8.4481411,8.37802982,8.49665833,9.08505249,8.89759636,8.96600914,8.73092651,8.5073843,9.07641315,10.60137844,10.36362457,9.52376747,..,..
Malta,MLT,Access to electricity (% of population),EG.ELC.ACCS.ZS,100,100,100,100,100,100,100,100,100,100,100,100,100,100,..
Malta,MLT,Individuals using the Internet (% of population),IT.NET.USER.ZS,63,68.0198,68.1999,68.9138,73.1141,75.96,78.0751,81.0119,81.658,85.7786,86.8588,87.4698,91.5406,92.0727,..
Malta,MLT,"Life expectancy at birth, total (years)",SP.DYN.LE00.IN,81.3975609756098,80.7463414634146,80.7463414634146,81.7463414634146,82.0463414634146,81.8975609756097,82.4536585365854,82.3463414634146,82.2487804878049,82.6585365853659,82.0975609756098,82.2585365853659,82.4487804878049,83.5073170731707,..
Malta,MLT,"School enrollment, primary (% gross)",SE.PRM.ENRR,102.578308105469,100.981498718262,100.937980651855,101.232513427734,100.673332214355,100.305511474609,99.9404602050781,99.609992980957,99.5983276367188,98.1748886108398,96.802490234375,95.4136581420898,93.5346603393555,97.7078399658203,..
Malta,MLT,"School enrollment, secondary (% gross)",SE.SEC.ENRR,105.11385345459,94.1126708984375,95.5169982910156,96.2600631713867,96.2309799194336,95.1571197509766,94.9765701293945,103.138412475586,104.642509460449,104.505729675293,102.924011230469,103.094459533691,102.695037841797,103.027229309082,..
Malta,MLT,Urban population (% of total population),SP.URB.TOTL.IN.ZS,94.072,94.141,94.211,94.279,94.347,94.414,94.48,94.546,94.612,94.678,94.744,94.81,94.875,94.941,95.006
Malta,MLT,Trade (% of GDP),NE.TRD.GNFS.ZS,178.232753529545,192.02838351559,199.21347305101,187.431187125075,181.300566828563,207.19639824364,213.35939190737,213.047878484397,228.098550741999,233.070441902701,256.402967044059,220.738701426547,243.415382342225,232.46676505021,229.548280014917
Malta,MLT,Gross fixed capital formation (% of GDP),NE.GDI.FTOT.ZS,20.8219715168895,17.9885307653145,19.7768182318947,17.2952844456163,16.839778110528,23.6630684297158,21.3155974210244,18.6977591119806,19.1114207464998,20.0768743872959,20.7009956184046,22.9204268749735,24.197908585004,18.9299930502375,17.9276188706093
Malta,MLT,"Unemployment, total (% of total labor force) (modeled ILO estimate)",SL.UEM.TOTL.ZS,6.847,6.378,6.197,6.106,5.725,5.389,4.687,4.002,3.658,3.616,4.347,3.394,2.921,3.11,2.703
Marshall Islands,MHL,GDP growth (annual %),NY.GDP.MKTP.KD.ZG,5.53918680023571,-0.502512562814076,-1.29068462401796,3.80898237635019,-1.25958378970427,1.88574597892401,2.5040827436037,3.55815188528943,5.48717948717949,10.4521147301896,-2.77288732394366,1.22227252150293,-1.11806797853311,-3.93487109905021,2.77096802231969
Marshall Islands,MHL,GDP per capita (current US$),NY.GDP.PCAP.CD,3095.45768964722,3319.39815439151,3514.26515490383,3677.90690791421,3735.23977829545,3764.34426229508,4229.80988911945,4592.83457628576,4858.12079054875,5292.33985502306,5661.96787336674,6258.61193705127,6322.82855503156,6678.34239060448,7466.65186507409
Marshall Islands,MHL,"Population, total",SP.POP.TOTL,52044,51907,51419,50681,49796,48800,47709,46529,45285,44007,42706,41367,40077,38827,37548
Marshall Islands,MHL,"Government expenditure on education, total (% of GDP)",SE.XPD.TOTL.GD.ZS,..,..,..,..,..,..,..,..,..,9.88208961486816,13.8350374540234,15.1824411727819,7.70088005065918,..,..
Marshall Islands,MHL,Current health expenditure (% of GDP),SH.XPD.CHEX.GD.ZS,17.84438324,11.35905361,11.7263298,12.13685322,12.11000061,14.86287594,14.70093918,12.08143997,14.5333004,15.0545578,12.17444134,12.54099083,11.73604298,..,..
Marshall Islands,MHL,Access to electricity (% of population),EG.ELC.ACCS.ZS,89.4,89.9,90.4,90.9,91.5,92.1,92.7,93.8,95.3,96.8,98.3,99.8,100,100,..
Marshall Islands,MHL,Individuals using the Internet (% of population),IT.NET.USER.ZS,7,10,12.5,14,16.8,19.2824,29.7878,38.7012,43.8825,49.7575,56.4191,63.9726,64.8023,65.7177,..
Marshall Islands,MHL,"Life expectancy at birth, total (years)",SP.DYN.LE00.IN,64.498,64.641,64.776,64.954,65.11,65.292,65.477,65.673,65.87,66.047,65.387,65.421,66.725,66.945,..
Marshall Islands,MHL,"School enrollment, primary (% gross)",SE.PRM.ENRR,..,105.389074289953,..,..,..,106.642495754433,104.845524148404,..,..,109.175972668005,108.448888114364,111.781011494743,108.975506359207,107.109965783596,101.801288405129
Marshall Islands,MHL,"School enrollment, secondary (% gross)",SE.SEC.ENRR,..,..,..,..,..,83.1655973995361,84.9683293351352,..,..,92.6458957328589,92.9692493302926,94.7273907236998,83.1106717816097,89.5519894011742,85.7558642960298
Marshall Islands,MHL,Urban population (% of total population),SP.URB.TOTL.IN.ZS,73.568,74.038,74.498,74.946,75.384,75.811,76.228,76.634,77.031,77.417,77.794,78.162,78.52,78.868,79.208
Marshall Islands,MHL,Trade (% of GDP),NE.TRD.GNFS.ZS,144.804965859714,153.240162507255,157.517100166021,161.91974248927,149.853494623656,138.489820359281,116.326362735382,125.145250350959,128.482272727273,153.007728638901,107.825971877585,117.622325222093,118.835319652723,110.172232934825,..
Marshall Islands,MHL,Gross fixed capital formation (% of GDP),NE.GDI.FTOT.ZS,43.6016139044072,19.4262333139872,16.32313226342,24.3041845493562,19.9638172043011,17.9437670114317,20.2841922695738,22.9830603649977,21.0230909090909,50.2256762559038,20.4705541770058,20.2148706064117,23.3818074191002,20.2010412649441,..
Marshall Islands,MHL,"Unemployment, total (% of total labor force) (modeled ILO estimate)",SL.UEM.TOTL.ZS,..,..,..,..,..,..,..,..,..,..,..,..,..,..,..
Mauritania,MRT,GDP growth (annual %),NY.GDP.MKTP.KD.ZG,2.62022948104543,4.17278327815399,4.47001319170479,4.1508131898954,4.27482328814457,5.37633924099251,1.26090923067225,6.27054566937677,4.77217365692621,3.14100489306969,-0.360657384151068,0.742715395138262,6.79600510182286,6.50718719858594,5.2
Mauritania,MRT,GDP per capita (current US$),NY.GDP.PCAP.CD,1659.96369705455,1931.19975525465,1859.11733247641,1934.24103064714,1713.00865264234,1554.94897871782,1565.76575722696,1615.00401327323,1722.93528854073,1767.072710621,1795.76459566714,1947.78918383313,1960.35240077424,2120.82318421747,2082.78374423714
Mauritania,MRT,"Population, total",SP.POP.TOTL,3390965,3502811,3619034,3734318,3848514,3965959,4086657,4210600,4337685,4467708,4600131,4734874,4875637,5022441,5169395
Mauritania,MRT,"Government expenditure on education, total (% of GDP)",SE.XPD.TOTL.GD.ZS,..,2.33102011680603,2.15821003913879,2.29354000091553,2.55796423507035,2.82956598871445,1.94405996799469,..,..,1.82317996025085,1.802649974823,1.891970038414,1.38966000080109,4.71521997451782,..
Mauritania,MRT,Current health expenditure (% of GDP),SH.XPD.CHEX.GD.ZS,2.63618922,2.47383666,2.64919329,2.86799884,3.46724391,3.67363763,3.18699503,3.41947556,2.88362551,3.09176588,3.00147843,3.78022528,4.48389912,..,..
Mauritania,MRT,Access to electricity (% of population),EG.ELC.ACCS.ZS,34.2,35.3,36.4,37.6,38.8,39.5,41.2,42.9,43.6,44.9,45.4,47.7,49,50.3,..
Mauritania,MRT,Individuals using the Internet (% of population),IT.NET.USER.ZS,4,4.5,5,6.2,11.8,17.6,19.2328,21.0172,22.967,25.0978,27.4262,29.9707,34.3001,37.3809,..
Mauritania,MRT,"Life expectancy at birth, total (years)",SP.DYN.LE00.IN,65.661,65.754,65.808,65.89,66.207,66.498,66.823,67.088,67.419,67.64,66.794,66.762,68.281,68.484,..
Mauritania,MRT,"School enrollment, primary (% gross)",SE.PRM.ENRR,97.8571652188966,95.4359624506773,94.9017954032329,93.6377057031555,93.9026961891851,96.699365333097,88.6641926490124,87.8173094861384,90.2193039220816,90.2671941351334,93.8044664780786,..,..,104.015072968957,105.434763333022
Mauritania,MRT,"School enrollment, secondary (% gross)",SE.SEC.ENRR,20.4244003295898,22.7523097991943,27.0638964405956,30.2620419125702,30.6988232872483,31.196307538775,32.187587041888,31.7565696757394,35.5293425627344,37.5793709898761,36.0277030077074,..,..,..,..
Mauritania,MRT,Urban population (% of total population),SP.URB.TOTL.IN.ZS,46.588,47.493,48.4,49.306,50.203,51.089,51.962,52.824,53.672,54.507,55.327,56.133,56.923,57.699,58.458
Mauritania,MRT,Trade (% of GDP),NE.TRD.GNFS.ZS,93.4207451334608,98.485329604158,110.788122743421,102.398824183169,91.610371363604,77.3467864944966,73.1532616736712,78.8149801833884,89.1467294935148,93.4866941351317,86.7761681322741,88.3068737571235,102.025899125696,91.4705715873539,..
Mauritania,MRT,Gross fixed capital formation (% of GDP),NE.GDI.FTOT.ZS,33.2788670078419,29.426133347,33.2347577458968,32.7207739421267,37.9643297727243,34.3024643817869,29.001539872588,30.2739569009753,32.9273140772344,31.2427610467936,24.7092140405357,28.3276016445206,29.7828048274407,23.4609130577968,..
Mauritania,MRT,"Unemployment, total (% of total labor force) (modeled ILO estimate)",SL.UEM.TOTL.ZS,10.075,9.968,9.864,9.929,10.028,10.108,10.283,10.336,10.407,10.416,11.054,11.144,10.531,10.446,10.373
Mauritius,MUS,GDP growth (annual %),NY.GDP.MKTP.KD.ZG,4.37720322344293,4.07753806610333,3.49611836470866,3.36040609974133,3.82696982009337,3.69055690369433,3.8624682634,3.93798380632353,4.00674057198549,2.89128499346516,-14.5465381490166,3.40379866177662,8.69306675264066,5.00781381755621,4.69390318398504
Mauritius,MUS,GDP per capita (current US$),NY.GDP.PCAP.CD,8000.37643182154,9197.04299089459,9291.23627601053,9764.64413060045,10366.3550754936,9507.87133656424,9965.72531085228,10841.6847754844,11643.4605962124,11403.2527870674,9011.04288445023,9068.97300226707,10223.7882316574,11182.186568616,11871.733679438
Mauritius,MUS,"Population, total",SP.POP.TOTL,1250400,1252404,1255882,1258927,1261208,1262879,1263747,1264887,1265577,1265985,1266014,1266334,1262523,1261041,1259509
Mauritius,MUS,"Government expenditure on education, total (% of GDP)",SE.XPD.TOTL.GD.ZS,3.55147004127502,3.33207011222839,3.41820001602173,3.56775999069214,4.81514978408813,4.75847005844116,4.88207006454468,4.87887001037598,4.67447996139526,4.54195022583008,4.35243988037109,4.67151021957397,4.84085988998413,4.56763982772827,4.08979988098145
Mauritius,MUS,Current health expenditure (% of GDP),SH.XPD.CHEX.GD.ZS,4.51898289,4.25059652,4.21993399,4.620821,5.38024664,5.55042362,5.54289532,5.59857273,5.60310221,5.69508171,6.09606028,6.6160841,5.82381678,..,..
Mauritius,MUS,Access to electricity (% of population),EG.ELC.ACCS.ZS,99.4,99.6,99.4,99.4,99.5,99.6,99.7,99.6,99.8,100,99.5,99.6,100,100,..
Mauritius,MUS,Individuals using the Internet (% of population),IT.NET.USER.ZS,28.33,34.95,35.42,40.1168,44.8033,50.1393,52.1913,55.4032,58.5962,61.73,67.7329,71.6,75.5,79.5,..
Mauritius,MUS,"Life expectancy at birth, total (years)",SP.DYN.LE00.IN,72.9673170731707,73.2668292682927,73.8634146341464,74.0170731707317,74.1943902439024,74.3531707317073,74.3948780487805,74.5146341463415,74.4163414634146,74.2358536585366,74.1770731707317,73.680243902439,73.5146341463415,73.4121951219512,..
Mauritius,MUS,"School enrollment, primary (% gross)",SE.PRM.ENRR,100.593631948192,100.025853822488,99.3669004354746,97.8401164880995,97.151872457029,97.1186716587986,96.7216048032764,96.4786321239223,96.4493985496331,95.423076066873,95.0063902545739,99.8860195903829,..,110.911583276217,107.347861424363
Mauritius,MUS,"School enrollment, secondary (% gross)",SE.SEC.ENRR,86.9073104858398,88.7222900390625,92.1094389658945,93.7982864379883,97.075353264043,93.9681984718368,94.4362545563892,92.5403344955972,91.4171358592572,93.1354968676317,89.5019998431496,..,..,..,90.7246586359898
Mauritius,MUS,Urban population (% of total population),SP.URB.TOTL.IN.ZS,41.555,41.444,41.332,41.222,41.111,41,40.91,40.841,40.793,40.766,40.76,40.775,40.81,40.867,40.944
Mauritius,MUS,Trade (% of GDP),NE.TRD.GNFS.ZS,113.457073552476,117.538946368786,119.500119779606,113.308833075877,110.589707531641,107.145979436304,100.016978687279,99.7018151211455,96.6339164118573,95.8457981519523,83.2396173536449,92.2590939564376,112.584757873474,105.103380425553,103.997590840583
Mauritius,MUS,Gross fixed capital formation (% of GDP),NE.GDI.FTOT.ZS,24.1575934302516,23.4591573490762,22.5827334846739,20.5659082538665,18.4812826744532,16.8987684588631,16.750815423797,16.8104368937172,18.0467036098607,19.0867941918502,17.1353208249977,19.5945339145,19.7800810449219,20.2227089149363,20.9552201816091
Mauritius,MUS,"Unemployment, total (% of total labor force) (modeled ILO estimate)",SL.UEM.TOTL.ZS,7.654,7.447,7.472,7.322,7.467,7.41,6.814,6.752,6.426,6.331,8.626,7.719,6.322,5.571,5.476
Mexico,MEX,GDP growth (annual %),NY.GDP.MKTP.KD.ZG,4.97133457799899,3.44404506308874,3.55321075512755,0.852101550164704,2.50376349862891,2.70232344844723,1.77249323400358,1.87172854186539,1.97208207701884,-0.392690505099296,-8.35403456576364,6.04848345704632,3.71098893117183,3.2953909570288,1.4540624784799
Mexico,MEX,GDP per capita (current US$),NY.GDP.PCAP.CD,9728.80078237782,10664.4944046282,10744.1335229686,11216.800851866,11391.3773510244,10021.2386124039,9097.92397674769,9649.27816772402,10084.7937553679,10369.5553585271,8841.2707511328,10314.0506725979,11402.1410374782,13826.1306570122,14157.9445835849
Mexico,MEX,"Population, total",SP.POP.TOTL,113623895,115243504,116818208,118343573,119784261,121072306,122251351,123400057,124573711,125762982,126799054,127648148,128613117,129739759,130861007
Mexico,MEX,"Government expenditure on education, total (% of GDP)",SE.XPD.TOTL.GD.ZS,4.93695020675659,4.90405988693237,4.88348007202148,4.50858020782471,5.06808996200562,5.05087995529175,4.75795984268188,4.39752006530762,4.13945007324219,..,4.49967002868652,4.23823022842407,4.0658597946167,..,..
Mexico,MEX,Current health expenditure (% of GDP),SH.XPD.CHEX.GD.ZS,5.4897337,5.30093002,5.42140484,5.5773263,5.35336781,5.52738619,5.38499022,5.3117938,5.23821402,5.29685831,6.0537405,5.89244318,5.72145176,..,..
Mexico,MEX,Access to electricity (% of population),EG.ELC.ACCS.ZS,99.2,99,99.1,99.1,99.2,99,99.5,100,99.5,99.6,99.4,100,100,99.7,..
Mexico,MEX,Individuals using the Internet (% of population),IT.NET.USER.ZS,31.05,37.1763,39.75,43.46,44.3857,57.431,59.5404,53.0318,56.6596,69.6321,71.4902,75.6265,78.6322,81.1832,..
Mexico,MEX,"Life expectancy at birth, total (years)",SP.DYN.LE00.IN,73.718,73.921,74.128,74.289,74.404,74.431,74.376,74.261,74.301,74.53,70.449,69.75,73.973,75.069,..
Mexico,MEX,"School enrollment, primary (% gross)",SE.PRM.ENRR,110.995216369629,111.058860778809,111.073516845703,110.109268188477,108.573143005371,106.963432312012,106.391220092773,105.797607421875,105.188163757324,105.095039367676,104.517730712891,103.358810424805,102.004783630371,101.420753479004,..
Mexico,MEX,"School enrollment, secondary (% gross)",SE.SEC.ENRR,87.2729263305664,88.3800888061523,90.6936187744141,93.2623062133789,97.3196868896484,100.982269287109,102.871368408203,105.11018371582,105.964653015137,105.515609741211,102.58154296875,98.3202514648438,98.3576583862305,102.055458068848,..
Mexico,MEX,Urban population (% of total population),SP.URB.TOTL.IN.ZS,77.815,78.111,78.405,78.699,78.993,79.285,79.577,79.867,80.156,80.444,80.731,81.016,81.3,81.582,81.862
Mexico,MEX,Trade (% of GDP),NE.TRD.GNFS.ZS,59.2733845378721,62.1623872683072,64.2579318977864,62.6916747661852,64.0984090280535,70.4129746726021,75.6903034088551,76.9521260407254,80.2126616635331,77.4619722571128,76.8545556992201,83.0692976326771,88.8269347828552,73.7695331207325,74.7115956058691
Mexico,MEX,Gross fixed capital formation (% of GDP),NE.GDI.FTOT.ZS,22.5530971589209,23.4720687893106,23.6882073396734,21.9901857822204,21.6713070665433,23.164182996454,23.7277194380681,23.2255397759544,23.0474727961436,21.665974001643,20.1075280610817,21.309732557813,22.4306505413624,23.9310166728338,24.1649369516459
Mexico,MEX,"Unemployment, total (% of total labor force) (modeled ILO estimate)",SL.UEM.TOTL.ZS,5.303,5.175,4.892,4.921,4.819,4.311,3.853,3.419,3.275,3.477,4.44,4.019,3.256,2.765,2.711
"Micronesia, Fed. Sts.",FSM,GDP growth (annual %),NY.GDP.MKTP.KD.ZG,2.25938995585932,3.18857475473928,-1.86681975475544,-3.67976779073483,-2.30577574529325,4.62188400404939,0.484101802387045,0.823045267489704,0,4.08163265306123,-1.67295417145529,3.09970457292135,-2.90586580595669,0.482147762457146,0.719083511742554
"Micronesia, Fed. Sts.",FSM,GDP per capita (current US$),NY.GDP.PCAP.CD,2761.24325832248,2890.50493045368,3033.16989526369,2933.88333441237,2945.41495996162,2911.16211045292,2979.60119184048,3279.10779039285,3566.58690371125,3572.65918282222,3362.02793142215,3508.22356270221,3710.12448453257,3941.37247887414,4166.00476748564
"Micronesia, Fed. Sts.",FSM,"Population, total",SP.POP.TOTL,107540,107698,107890,108121,108396,108716,109075,109481,109909,110282,110916,111624,112114,112630,113160
"Micronesia, Fed. Sts.",FSM,"Government expenditure on education, total (% of GDP)",SE.XPD.TOTL.GD.ZS,..,..,11.7192291367391,12.3438831906748,12.2281680903257,12.407919883728,13.814728,12.6815821727019,9.94274464285714,10.6931682741117,11.5591397849462,..,..,..,..
"Micronesia, Fed. Sts.",FSM,Current health expenditure (% of GDP),SH.XPD.CHEX.GD.ZS,21.48778725,13.31436253,12.42913532,12.25674343,11.9102993,12.70485306,13.4160471,12.46886253,11.96551991,11.89308453,12.01537514,11.41321754,10.34470272,..,..
"Micronesia, Fed. Sts.",FSM,Access to electricity (% of population),EG.ELC.ACCS.ZS,64.5,66.3,67.8,69.4,71.2,73,74.8,76.5,78.3,80.1,81.9,83.6,85.3,86.9,..
"Micronesia, Fed. Sts.",FSM,Individuals using the Internet (% of population),IT.NET.USER.ZS,20,22.8,25.9744,27.8,29.65,31.5011,33.3522,35.3041,36.6,38,39.3833,..,..,..,..
"Micronesia, Fed. Sts.",FSM,"Life expectancy at birth, total (years)",SP.DYN.LE00.IN,64.892,64.969,65.08,65.179,65.294,65.306,65.576,65.761,65.943,66.196,65.878,66.152,66.961,67.198,..
"Micronesia, Fed. Sts.",FSM,"School enrollment, primary (% gross)",SE.PRM.ENRR,..,..,..,95.0318576353091,97.3142040069009,93.5670535707402,94.0772018432617,94.2192600897319,96.2881950207594,94.3598499009745,87.4240454357085,87.3990953957602,87.1063321877434,82.1547657350301,82.1598198983817
"Micronesia, Fed. Sts.",FSM,"School enrollment, secondary (% gross)",SE.SEC.ENRR,..,..,..,..,..,..,..,..,..,..,..,..,..,..,..
"Micronesia, Fed. Sts.",FSM,Urban population (% of total population),SP.URB.TOTL.IN.ZS,22.298,22.305,22.324,22.355,22.399,22.456,22.526,22.608,22.703,22.812,22.933,23.068,23.217,23.379,23.555
"Micronesia, Fed. Sts.",FSM,Trade (% of GDP),NE.TRD.GNFS.ZS,105.813653142123,106.904622398343,111.358914489194,113.261346269274,105.859971084144,105.296472336084,102.884676923077,103.181727019499,103.406785714286,95.8493908629442,85.309816339618,87.2481106515589,87.7013226864624,98.3198016851214,96.6007114372874
"Micronesia, Fed. Sts.",FSM,Gross fixed capital formation (% of GDP),NE.GDI.FTOT.ZS,..,..,..,..,..,..,..,..,..,..,..,..,..,..,..
"Micronesia, Fed. Sts.",FSM,"Unemployment, total (% of total labor force) (modeled ILO estimate)",SL.UEM.TOTL.ZS,..,..,..,..,..,..,..,..,..,..,..,..,..,..,..
Moldova,MDA,GDP growth (annual %),NY.GDP.MKTP.KD.ZG,7.10000010705836,5.81816614684824,-0.589733954762579,9.0438656074181,4.99962585407656,-0.338235622387202,4.64601436259409,4.17561205106279,4.07559546585034,3.5523140853476,-8.27597831976949,13.9299997889786,-4.60000000000001,1.2,0.103059412450989
Moldova,MDA,GDP per capita (current US$),NY.GDP.PCAP.CD,2436.79935102421,2941.36224066021,3044.8084324815,3321.04397795719,3289.95758568777,2749.55137054338,2847.08794770479,3453.26727720294,4156.44981956646,4405.33418162155,4375.7788930524,5274.60582195352,5744.29618434435,6799.58594644576,7617.51613089815
Moldova,MDA,"Population, total",SP.POP.TOTL,2862354,2860699,2860324,2859558,2857815,2835978,2803186,2755189,2707203,2664224,2635130,2595809,2528654,2457783,2389275
Moldova,MDA,"Government expenditure on education, total (% of GDP)",SE.XPD.TOTL.GD.ZS,7.5922999382019,7.13638019561768,6.98338985443115,5.90975516494477,6.33806991577148,5.76665405944246,5.67208003997803,5.71016979217529,5.53887987136841,6.22576999664307,6.6012601852417,5.82405996322632,6.11053991317749,6.62547016143799,..
Moldova,MDA,Current health expenditure (% of GDP),SH.XPD.CHEX.GD.ZS,10.13112831,9.09670353,9.13962078,8.68300343,8.63275623,8.55763531,7.53552246,7.1278038,6.70760345,6.49662447,7.00484037,7.7490406,6.96505404,..,..
Moldova,MDA,Access to electricity (% of population),EG.ELC.ACCS.ZS,99.3,99.4,99.5,99.6,99.8,99.9,99.9,100,100,100,100,100,100,100,..
Moldova,MDA,Individuals using the Internet (% of population),IT.NET.USER.ZS,29.68,32.07,34.65,37.44,67,69,71,49.9,50.3,57.7605,58.2153,74.495,76.7412,80.2126,..
Moldova,MDA,"Life expectancy at birth, total (years)",SP.DYN.LE00.IN,69.876,70.173,70.344,70.291,70.241,70.118,70.179,70.375,70.236,70.181,69.914,68.991,71.546,71.198,..
Moldova,MDA,"School enrollment, primary (% gross)",SE.PRM.ENRR,93.5407792138963,93.6029804526123,93.7979704671729,93.7649180861452,107.431409833521,105.727652234967,104.469976581506,103.685761485913,103.337388931903,105.074923420813,106.519975508955,106.778422255742,106.97324544397,106.673559179739,107.605837807201
Moldova,MDA,"School enrollment, secondary (% gross)",SE.SEC.ENRR,87.9811349895035,87.7193726926085,88.1958686665424,88.3360494330142,104.382597025321,105.06970563726,106.047154912204,94.3536367146469,95.915919225487,95.6507638474012,96.1733374702658,96.5853430388789,97.6136725974109,97.8896863952854,99.3439166347193
Moldova,MDA,Urban population (% of total population),SP.URB.TOTL.IN.ZS,42.62,42.589,42.558,42.527,42.496,42.49,42.511,42.557,42.629,42.726,42.849,42.998,43.173,43.373,43.599
Moldova,MDA,Trade (% of GDP),NE.TRD.GNFS.ZS,87.9378518951573,98.6175965326556,96.3064098336294,95.6872968332383,94.2282919690928,88.9664154565323,89.0046837188671,88.6233902754378,87.4467874275648,87.6322371148906,79.265722119158,88.4708865399267,112.117671579766,93.9946211488052,88.6661154286831
Moldova,MDA,Gross fixed capital formation (% of GDP),NE.GDI.FTOT.ZS,22.5242792157291,23.1620459782063,23.6339113929057,23.0338604258084,25.9895514253881,24.028054718844,22.2296027518614,22.4256047290186,23.3442713297151,23.3938698713556,24.9383609100281,24.0883884467141,22.1144731528817,19.4365139692195,19.9854977022621
Moldova,MDA,"Unemployment, total (% of total labor force) (modeled ILO estimate)",SL.UEM.TOTL.ZS,2.937,2.648,2.151,1.873,1.425,1.742,1.557,1.586,1.196,1.466,1.186,0.785,0.897,1.555,1.434
Monaco,MCO,GDP growth (annual %),NY.GDP.MKTP.KD.ZG,2.06521962654098,7.02235694617619,1.01221841230461,9.57709832354816,7.18702777537968,4.91037176536236,3.00844358752744,-3.20618323813213,5.69790121192926,7.12088951975396,-13.2391048292108,22.2322155851208,11.0469394271752,5.04338259195359,..
Monaco,MCO,GDP per capita (current US$),NY.GDP.PCAP.CD,161853.920622244,179363.984221513,165444.651378771,184940.663804718,195693.570738894,170437.101188261,173604.753555915,170663.375247872,188298.315668437,193746.785647412,176891.886538492,223823.363960226,226052.001905201,256580.515122745,..
Monaco,MCO,"Population, total",SP.POP.TOTL,33163,33946,34711,35447,36128,36757,37276,37678,38154,38109,38050,38527,38931,38956,38631
Monaco,MCO,"Government expenditure on education, total (% of GDP)",SE.XPD.TOTL.GD.ZS,1.31735002994537,1.58989000320435,1.78004002571106,1.33440005779266,1.02186000347137,..,1.37126004695892,1.45816004276276,..,1.15896999835968,..,1.41926002502441,1.17105996608734,1.73223996162415,..
Monaco,MCO,Current health expenditure (% of GDP),SH.XPD.CHEX.GD.ZS,4.95791674,4.63501215,4.7558527,4.57341814,4.44085073,4.31544638,4.12467051,4.15852451,4.04578018,3.87726593,4.27929592,3.67252064,3.39779735,..,..
Monaco,MCO,Access to electricity (% of population),EG.ELC.ACCS.ZS,100,100,100,100,100,100,100,100,100,100,100,100,100,100,..
Monaco,MCO,Individuals using the Internet (% of population),IT.NET.USER.ZS,75,80.3,87,90.7,92.4,93.3633,95.2082,97.053,..,83.3397,98.5709,99.0776,99.1497,99.1497,..
Monaco,MCO,"Life expectancy at birth, total (years)",SP.DYN.LE00.IN,84.644,85.01,85.045,85.056,85.093,85.323,85.63,85.878,86.084,86.151,86.089,85.113,85.746,86.372,..
Monaco,MCO,"School enrollment, primary (% gross)",SE.PRM.ENRR,..,..,..,..,..,..,142.419937133789,..,..,..,..,..,..,..,120.58309173584
Monaco,MCO,"School enrollment, secondary (% gross)",SE.SEC.ENRR,..,..,..,..,..,..,153.586303710938,..,..,..,..,..,..,..,158.546615600586
Monaco,MCO,Urban population (% of total population),SP.URB.TOTL.IN.ZS,100,100,100,100,100,100,100,100,100,100,100,100,100,100,100
Monaco,MCO,Trade (% of GDP),NE.TRD.GNFS.ZS,..,..,..,..,..,..,..,..,..,..,..,..,..,..,..
Monaco,MCO,Gross fixed capital formation (% of GDP),NE.GDI.FTOT.ZS,..,..,..,..,..,..,..,..,..,..,..,..,..,..,..
Monaco,MCO,"Unemployment, total (% of total labor force) (modeled ILO estimate)",SL.UEM.TOTL.ZS,..,..,..,..,..,..,..,..,..,..,..,..,..,..,..
Mongolia,MNG,GDP growth (annual %),NY.GDP.MKTP.KD.ZG,6.3651616786311,17.2907775869555,12.3198198494032,11.6489161878925,7.88522548204762,2.37983580731722,1.48978448679577,5.63687638694772,7.74488062024881,5.60224422064255,-4.55775197583431,1.63676957736662,5.0327096366527,7.4221127615025,4.86400143355705
Mongolia,MNG,GDP per capita (current US$),NY.GDP.PCAP.CD,2625.21881402433,3736.04201455077,4328.89001905655,4340.14310544449,4126.23975800524,3838.92126989984,3619.90026383792,3645.96708669551,4107.64288528468,4347.54610314873,4001.25193077703,4517.61578018785,4993.51487463495,5838.63108083902,6691.48209834228
Mongolia,MNG,"Population, total",SP.POP.TOTL,2738622,2786317,2839705,2899011,2963113,3026864,3088856,3148917,3208189,3267673,3327204,3383741,3433748,3481145,3524788
Mongolia,MNG,"Government expenditure on education, total (% of GDP)",SE.XPD.TOTL.GD.ZS,4.64510011672974,4.60902976989746,5.19520998001099,4.94077014923096,4.71484994888306,4.22361993789673,5.18310022354126,4.06897020339966,..,..,..,..,..,3.65764999389648,..
Mongolia,MNG,Current health expenditure (% of GDP),SH.XPD.CHEX.GD.ZS,3.73945642,3.58612084,3.85800076,4.08932018,4.20989752,4.23154545,4.58008575,4.33954191,4.53449297,4.49497986,4.6662488,7.21042728,8.85170174,..,..
Mongolia,MNG,Access to electricity (% of population),EG.ELC.ACCS.ZS,78.5,72.1,83.7,81.2,86,88,90.8,93.6,98.1,98.9,99.5,100,100,100,..
Mongolia,MNG,Individuals using the Internet (% of population),IT.NET.USER.ZS,10.2,12.5,16.4,17.7,19.9424,22.5,22.2658,23.7143,47.13,51.08,62.5,81.6068,82.1725,83.0162,..
Mongolia,MNG,"Life expectancy at birth, total (years)",SP.DYN.LE00.IN,68.5056097560976,69.109268292683,69.500243902439,70.0980487804878,70.5831707317073,70.810243902439,70.2239024390244,70.5434146341463,70.8270731707317,71.0531707317073,71.3490243902439,71.6451219512195,71.9007317073171,72.1224390243902,..
Mongolia,MNG,"School enrollment, primary (% gross)",SE.PRM.ENRR,121.840103149414,120.545547485352,115.839420097405,107.682179792169,99.8473218349628,97.8139824176106,97.2863818674059,94.4515595966861,95.085682296023,94.1334790567196,92.3464601580662,92.024228960725,93.3473848373298,93.0654411114222,92.3400789423552
Mongolia,MNG,"School enrollment, secondary (% gross)",SE.SEC.ENRR,91.1776885986328,..,..,..,..,..,..,..,91.2949725153641,88.7463471502002,95.3826370696027,98.3276220923038,93.5508272676123,96.8181201904352,..
Mongolia,MNG,Urban population (% of total population),SP.URB.TOTL.IN.ZS,67.567,67.963,68.03,68.097,68.163,68.23,68.297,68.363,68.445,68.543,68.657,68.785,68.93,69.089,69.263
Mongolia,MNG,Trade (% of GDP),NE.TRD.GNFS.ZS,103.350031656557,126.999228633482,109.588564338415,100.311989662943,109.322311877187,89.653663477814,101.055237224997,115.932901867963,126.355873241513,124.396514621165,112.838647629317,119.098078437771,136.327929944516,142.864246599181,138.891463093875
Mongolia,MNG,Gross fixed capital formation (% of GDP),NE.GDI.FTOT.ZS,34.4863190088044,48.4123299193304,45.1162782409515,39.2636451899871,28.5737584489569,18.2769008129924,18.6646598388544,22.3489597718333,26.8454271041154,27.9834550940703,23.5781782369194,26.8353436062842,29.813559943485,25.3256810049806,26.8023167602243
Mongolia,MNG,"Unemployment, total (% of total labor force) (modeled ILO estimate)",SL.UEM.TOTL.ZS,6.549,4.769,3.905,4.231,4.798,4.861,7.235,6.359,5.377,9.269,6.594,7.747,6.211,5.503,5.424
Montenegro,MNE,GDP growth (annual %),NY.GDP.MKTP.KD.ZG,2.73433108233829,3.22845102061061,-2.72379077130623,3.54897991245058,1.78369858106701,3.39038139712073,2.94928032097511,4.71646527572034,5.0778888113381,4.06294499167197,-15.3068937570407,13.0434642521552,6.40668032879275,6.33769754243548,3.04031579750065
Montenegro,MNE,GDP per capita (current US$),NY.GDP.PCAP.CD,6688.40259641346,7325.64689244715,6577.74033229273,7172.92908521143,7364.96590101549,6491.19280618646,6999.1358134109,7758.36921956034,8790.88152116679,8842.48528706869,7612.62845881291,9377.48879714989,9990.20444616996,12077.3747094687,12935.4522712126
Montenegro,MNE,"Population, total",SP.POP.TOTL,619428,620345,621418,622587,623744,624651,625353,625982,626438,626753,626590,625053,623591,623529,623831
Montenegro,MNE,"Government expenditure on education, total (% of GDP)",SE.XPD.TOTL.GD.ZS,..,..,..,..,..,..,..,..,..,..,..,..,..,..,..
Montenegro,MNE,Current health expenditure (% of GDP),SH.XPD.CHEX.GD.ZS,..,7.96692181,8.29550457,8.47144604,8.00086784,9.02188778,8.63302994,7.98255396,8.34355545,8.32983208,11.42177582,10.55253506,10.92241859,..,..
Montenegro,MNE,Access to electricity (% of population),EG.ELC.ACCS.ZS,99.2,99,99.3,99.7,97.7,99.5,99.6,100,100,100,99.9,99.8,100,100,..
Montenegro,MNE,Individuals using the Internet (% of population),IT.NET.USER.ZS,37.5,35.6115,56.8388,60.31,63.8869,68.1198,69.8816,71.2723,71.5171,73.4767,77.6088,82.2197,88.2219,89.8052,88.8826
Montenegro,MNE,"Life expectancy at birth, total (years)",SP.DYN.LE00.IN,75.990243902439,76.0829268292683,76.3,76.490243902439,76.3390243902439,76.6024390243903,76.5414634146342,76.6853658536585,77.8853658536585,76.6829268292683,75.9317073170732,73.8243902439024,76.1878048780488,77.5878048780488,..
Montenegro,MNE,"School enrollment, primary (% gross)",SE.PRM.ENRR,108.25479888916,98.0292282104492,99.0702972412109,..,..,101.203620910645,100.174591064453,100.943252563477,103.264472961426,103.651741027832,103.846572875977,104.399673461914,105.621368408203,106.109619140625,..
Montenegro,MNE,"School enrollment, secondary (% gross)",SE.SEC.ENRR,98.99609375,93.1708908081055,92.6130599975586,..,..,91.863410949707,90.5575180053711,90.6022262573242,91.4442672729492,91.84033203125,92.3578720092773,93.1638412475586,92.1609725952148,93.8724975585938,..
Montenegro,MNE,Urban population (% of total population),SP.URB.TOTL.IN.ZS,64.14,64.472,64.804,65.137,65.471,65.806,66.141,66.477,66.813,67.15,67.488,67.826,68.164,68.502,68.84
Montenegro,MNE,Trade (% of GDP),NE.TRD.GNFS.ZS,99.7803263266018,106.658853993576,111.766044513287,102.770930155442,100.127619998369,102.688977351832,103.672945121037,105.554964991437,109.609296759902,108.844577462214,87.0060180817206,105.029993243347,125.898604629493,118.542754014976,112.422791954363
Montenegro,MNE,Gross fixed capital formation (% of GDP),NE.GDI.FTOT.ZS,21.6422887020854,19.510956477632,19.7503235132613,20.1666567037851,19.0034072486308,20.1470675154439,24.745138790014,26.9220400312531,29.2492381726437,27.3053983897686,27.8598072942811,22.1219240881545,21.5139623140916,19.6277364558494,20.2377103353626
Montenegro,MNE,"Unemployment, total (% of total labor force) (modeled ILO estimate)",SL.UEM.TOTL.ZS,19.649,19.759,19.808,19.585,18.054,17.555,17.732,16.082,15.19,15.128,17.878,16.543,14.851,14.621,14.1
Morocco,MAR,GDP growth (annual %),NY.GDP.MKTP.KD.ZG,3.49955709403216,5.52464523319847,3.06234368502997,4.12221286860944,2.7192440802029,4.34458297635238,0.52118550608968,5.05789816173446,3.06564133025955,2.89097476137077,-7.17820744246774,8.15473889823681,1.52720357976111,3.40334130078834,3.23651373521014
Morocco,MAR,GDP per capita (current US$),NY.GDP.PCAP.CD,3067.9853515625,3301.98876953125,3164.17724609375,3379.7431640625,3435.40698242188,3146.24780273438,3140.85546875,3296.52661132813,3501.69799804688,3508.09765625,3268.0302734375,3785.93627929688,3455.39624023438,3771.4462890625,3993.38745117188
Morocco,MAR,"Population, total",SP.POP.TOTL,32467016,32912588,33355241,33787571,34204780,34607588,35023457,35446392,35839760,36210898,36584208,36954442,37329064,37712505,38081173
Morocco,MAR,"Government expenditure on education, total (% of GDP)",SE.XPD.TOTL.GD.ZS,..,..,5.55294838577208,..,5.48276036642721,5.133369043677,5.08530197423073,4.73564982004448,4.96022713486949,5.0032567210502,6.28428263644307,5.64273401285138,5.91224674061277,6.02096928801329,..
Morocco,MAR,Current health expenditure (% of GDP),SH.XPD.CHEX.GD.ZS,5.41861057,5.37019396,5.39619017,5.25540543,5.41626596,5.10435581,5.09203386,4.98920393,4.94516659,4.9953146,5.59079361,5.522717,5.68049145,..,..
Morocco,MAR,Access to electricity (% of population),EG.ELC.ACCS.ZS,95.7,96.1,96.4,97.2,97.3,97.3,97.8,100,98.1,99.6,100,100,100,100,..
Morocco,MAR,Individuals using the Internet (% of population),IT.NET.USER.ZS,52,46.1075,55.4161,56,56.7746,57.08,58.2712,61.7622,64.8039,84.1204,84.1204,88.1303,89.9,91,..
Morocco,MAR,"Life expectancy at birth, total (years)",SP.DYN.LE00.IN,70.821,71.263,71.674,72.117,72.522,72.894,73.228,73.608,73.946,74.245,73.133,73.385,75.161,75.313,..
Morocco,MAR,"School enrollment, primary (% gross)",SE.PRM.ENRR,107.166739963715,108.872184910968,108.773776884177,108.130874044354,107.319519161584,106.046255203021,105.897808666144,106.856009139924,108.263128143079,110.072941907486,112.354037460932,112.940882286764,116.554648725847,117.598816130003,116.588650279809
Morocco,MAR,"School enrollment, secondary (% gross)",SE.SEC.ENRR,63.0757983249551,66.0255284774218,68.7358726261435,..,..,..,..,78.2157249451868,78.470919593794,79.3440512967066,80.3087996541375,80.740396321068,84.4553724029251,87.7346312462207,89.9834863018408
Morocco,MAR,Urban population (% of total population),SP.URB.TOTL.IN.ZS,58.018,58.581,59.142,59.7,60.256,60.809,61.36,61.908,62.453,62.994,63.532,64.065,64.596,65.121,65.643
Morocco,MAR,Trade (% of GDP),NE.TRD.GNFS.ZS,69.541979610144,76.8258714906247,78.2221018956072,73.8577565315318,71.8935667539398,67.2886759253849,71.1226603816864,74.1733578786573,77.2548875243989,75.9981158798422,68.8438033904364,75.5234171756506,101.132382053244,93.7914030606318,95.757654932711
Morocco,MAR,Gross fixed capital formation (% of GDP),NE.GDI.FTOT.ZS,28.3317038596937,29.0032363847791,29.9543707765302,28.4213229777508,27.0159188539863,25.8697787535513,28.6835994366913,28.135469298761,27.858575328575,27.1927093583345,26.2256860657523,26.2880092874382,26.6759509919898,25.4186603688229,26.145901520977
Morocco,MAR,"Unemployment, total (% of total labor force) (modeled ILO estimate)",SL.UEM.TOTL.ZS,9.09,8.91,8.99,9.23,9.7,9.46,9.3,9.223,9.271,9.194,11.223,10.576,9.494,9.044,8.943
Mozambique,MOZ,GDP growth (annual %),NY.GDP.MKTP.KD.ZG,6.67972935662864,7.13405842300445,7.9945031610722,6.57141389665537,7.70256844839309,7.3930936986377,4.69699024225795,2.63820737310658,3.48493202422782,2.31781394821475,-1.21952250011192,2.37743572761507,4.36445074432608,5.4368591229252,1.85177502474457
Mozambique,MOZ,GDP per capita (current US$),NY.GDP.PCAP.CD,496.185839392659,618.17649286789,685.685748199513,686.505672517351,697.142680444123,610.563774706589,441.489734819071,470.93856305196,517.507260258101,519.09255091362,462.433876479921,509.907829475551,578.251663751351,622.985619320596,647.28579950207
Mozambique,MOZ,"Population, total",SP.POP.TOTL,22999235,23649039,24337846,25051611,25788475,26547572,27337105,28166393,29018644,29884380,30783688,31707800,32656246,33635160,34631766
Mozambique,MOZ,"Government expenditure on education, total (% of GDP)",SE.XPD.TOTL.GD.ZS,5.24539789470058,5.53052494030773,5.5575098991394,6.03576993942261,6.39920843528224,5.91515660575298,5.80086994171143,5.48664999008179,5.38976001739502,5.99969523584354,6.17059556957808,6.34063583505687,5.97607342054314,..,..
Mozambique,MOZ,Current health expenditure (% of GDP),SH.XPD.CHEX.GD.ZS,5.29249668,4.9217639,5.14035702,6.04556036,6.24013042,6.60972881,7.21501875,7.80532169,7.97903347,7.90207434,7.54172373,8.86981869,8.77717781,..,..
Mozambique,MOZ,Access to electricity (% of population),EG.ELC.ACCS.ZS,18.9,20.2,21.2,22.4,24.8,24,26.2,24.3,31.1,29.7,30.6,31.5,33.2,36,..
Mozambique,MOZ,Individuals using the Internet (% of population),IT.NET.USER.ZS,4.17,4.6,5,5.5,6,6.5,7,7.79633,10.9,12.4793,14.2874,16.3576,18.7913,19.8434,..
Mozambique,MOZ,"Life expectancy at birth, total (years)",SP.DYN.LE00.IN,55.04,55.733,56.46,57.189,57.965,58.711,59.455,60.148,60.79,61.306,61.39,60.268,63.011,63.611,..
Mozambique,MOZ,"School enrollment, primary (% gross)",SE.PRM.ENRR,116.867207366317,113.599054478212,113.200785284243,114.118825775581,114.277516463599,114.82837357539,113.687876415561,111.566194762496,115.270990181058,117.86067127577,118.980061431837,..,119.162225223393,..,..
Mozambique,MOZ,"School enrollment, secondary (% gross)",SE.SEC.ENRR,25.1208838457009,26.0157578808472,25.6446165136399,34.4439086914062,33.95458984375,34.5285606384277,..,37.2411918640137,..,..,..,..,..,..,..
Mozambique,MOZ,Urban population (% of total population),SP.URB.TOTL.IN.ZS,31.83,32.336,32.846,33.36,33.878,34.4,34.926,35.455,35.988,36.528,37.074,37.628,38.187,38.753,39.326
Mozambique,MOZ,Trade (% of GDP),NE.TRD.GNFS.ZS,73.8373532681892,84.4062119333019,105.934588060511,109.38537659913,116.356855242217,98.7612036510901,110.394358201481,105.745640702087,124.607457525372,105.591171401921,99.906146051979,112.078964458333,135.279578416991,105.627503637428,95.6718114616269
Mozambique,MOZ,Gross fixed capital formation (% of GDP),NE.GDI.FTOT.ZS,..,..,..,..,..,..,..,..,..,..,..,..,..,..,..
Mozambique,MOZ,"Unemployment, total (% of total labor force) (modeled ILO estimate)",SL.UEM.TOTL.ZS,3.261,3.296,3.305,3.346,3.377,3.426,3.457,3.539,3.604,3.646,3.921,4.053,3.596,3.519,3.527
Myanmar,MMR,GDP growth (annual %),NY.GDP.MKTP.KD.ZG,9.6344394520444,5.59148237823661,7.33267044704149,8.42600102501767,8.16990745558277,6.99284029026121,5.86247291518572,6.13610824360305,6.26886221471075,6.57911006765414,-9.04834717984643,-12.0163724829177,4.0374934360085,0.958446625126115,-0.97204641363362
Myanmar,MMR,GDP per capita (current US$),NY.GDP.PCAP.CD,1010.53417343401,1213.62898703376,1202.6658960055,1199.09561597055,1293.00042298688,1166.73305546337,1229.19713515893,1272.82241830603,1298.21310320785,1425.98954211903,1490.21683548367,1242.72134419599,1158.05005034332,1233.19666209269,1359.25961394135
Myanmar,MMR,"Population, total",SP.POP.TOTL,49024382,49419820,49837446,50262658,50681634,51089056,51495696,51894938,52272247,52640713,53016522,53387102,53756787,54133798,54500091
Myanmar,MMR,"Government expenditure on education, total (% of GDP)",SE.XPD.TOTL.GD.ZS,..,0.787440001964569,..,..,..,..,..,2.16652989387512,1.99249005317688,1.99976003170013,..,..,..,..,..
Myanmar,MMR,Current health expenditure (% of GDP),SH.XPD.CHEX.GD.ZS,2.08368421,2.06551504,2.5793314,3.29410386,4.39346027,5.47780561,5.11349964,5.08065701,4.89992189,4.07903337,4.38807583,5.83599281,5.20476246,..,..
Myanmar,MMR,Access to electricity (% of population),EG.ELC.ACCS.ZS,48.8,54.1,55.3,56.5,52,60.5,55.6,69.8,66.1,68.3,70.4,72.5,73.6,76.8,..
Myanmar,MMR,Individuals using the Internet (% of population),IT.NET.USER.ZS,0.25,0.98,1.4,1.8,7.4,10.9,16,23.6211,29.379,36.5405,45.4477,56.5261,58.0112,58.5357,..
Myanmar,MMR,"Life expectancy at birth, total (years)",SP.DYN.LE00.IN,63.479,63.859,64.251,64.617,64.994,65.288,65.64,65.909,66.232,66.457,66.612,65.553,66.506,66.889,..
Myanmar,MMR,"School enrollment, primary (% gross)",SE.PRM.ENRR,109.490142822266,..,..,..,115.448463439941,..,119.916152954102,121.799392700195,120.214569091797,..,..,..,..,..,..
Myanmar,MMR,"School enrollment, secondary (% gross)",SE.SEC.ENRR,50.8663902282715,..,..,..,57.1178512573242,..,67.7588500976562,72.3457412719727,77.0191497802734,..,..,..,..,..,..
Myanmar,MMR,Urban population (% of total population),SP.URB.TOTL.IN.ZS,28.885,29.075,29.266,29.457,29.65,29.858,30.082,30.322,30.579,30.852,31.141,31.448,31.771,32.112,32.47
Myanmar,MMR,Trade (% of GDP),NE.TRD.GNFS.ZS,..,..,..,..,..,..,..,..,..,..,..,..,..,..,..
Myanmar,MMR,Gross fixed capital formation (% of GDP),NE.GDI.FTOT.ZS,..,..,..,..,..,..,..,..,..,..,..,..,..,..,..
Myanmar,MMR,"Unemployment, total (% of total labor force) (modeled ILO estimate)",SL.UEM.TOTL.ZS,0.727,0.75,0.767,0.775,0.763,0.766,1.058,1.356,0.767,0.407,1.476,4.34,3.057,3.032,3.032
Namibia,NAM,GDP growth (annual %),NY.GDP.MKTP.KD.ZG,6.03924947955858,5.09133813864338,5.0616820696264,5.61471962254485,6.09251915977956,4.26417453763675,0.0337944502063294,-1.02724808856709,1.05993949860752,-0.839152163419357,-8.10140201443319,3.60382919248703,5.39872476224093,4.44280603819576,3.71154497416239
Namibia,NAM,GDP per capita (current US$),NY.GDP.PCAP.CD,5418.21633365814,5834.7917675794,5942.64680978673,5346.62131149967,5378.32326241205,4774.10650865775,4395.68776162376,5143.96072323076,5308.60813408705,4731.9210318831,3878.58982993966,4412.8355693052,4349.79908493314,4187.60500350786,4413.1274418646
Namibia,NAM,"Population, total",SP.POP.TOTL,2109811,2146325,2194654,2252508,2312139,2374300,2439213,2506853,2577327,2650494,2728762,2810548,2889662,2963095,3030131
Namibia,NAM,"Government expenditure on education, total (% of GDP)",SE.XPD.TOTL.GD.ZS,8.24330043792725,8.02137930818109,9.24281237985165,8.59541659523254,3.66711166353218,9.8507685020388,10.5927948535144,1.39524534605831,8.88112249415185,9.32253195522987,9.27799879073429,10.3914477380895,9.3919470845238,..,9.08440819434816
Namibia,NAM,Current health expenditure (% of GDP),SH.XPD.CHEX.GD.ZS,9.72781372,9.83193302,9.26659298,9.06448746,8.4089098,9.98109627,9.3223238,8.72573948,8.28609943,8.39904404,8.88723373,9.33766365,9.29635525,..,..
Namibia,NAM,Access to electricity (% of population),EG.ELC.ACCS.ZS,44.4,42.3,46.4,47.4,48.4,51.6,49.7,52.5,52.3,53.3,52.3,55.2,56.2,56.7,..
Namibia,NAM,Individuals using the Internet (% of population),IT.NET.USER.ZS,11.6,12,12.9414,13.9,14.84,25.6879,31.0333,36.8374,42.8,49.8,57.8608,60.26,61.1485,64.4061,..
Namibia,NAM,"Life expectancy at birth, total (years)",SP.DYN.LE00.IN,56.093,56.647,57.733,58.468,59.311,60.008,60.81,61.661,62.579,63.546,64.071,60.85,64.19,67.385,..
Namibia,NAM,"School enrollment, primary (% gross)",SE.PRM.ENRR,118.109136341535,119.055637083219,121.103692738221,122.732813532372,122.71193654589,124.629282782131,124.182705227995,125.87493234498,124.591680749168,124.155345932542,122.345254349927,121.824196673464,120.341925617623,119.460955801452,120.719328687086
Namibia,NAM,"School enrollment, secondary (% gross)",SE.SEC.ENRR,68.0998401813149,72.4541177178611,74.2465574610051,76.142480002464,76.7595646559311,78.2608012276393,79.2606097203135,79.5334606379175,78.8626899009705,79.0125016773938,82.8872992484077,83.3329528489539,81.8163691171532,81.6173009252032,81.9566828199727
Namibia,NAM,Urban population (% of total population),SP.URB.TOTL.IN.ZS,41.616,42.637,43.693,44.756,45.826,46.9,47.961,49.005,50.032,51.042,52.033,53.005,53.956,54.886,55.795
Namibia,NAM,Trade (% of GDP),NE.TRD.GNFS.ZS,108.072477173606,102.189147754138,100.2134087743,97.7249042303832,103.080137009254,97.2390317873478,93.966187960162,81.2196661011436,81.7138652963804,82.9011507426355,76.9252424036465,83.5443030923624,99.2625547753262,110.770713961698,109.628509798532
Namibia,NAM,Gross fixed capital formation (% of GDP),NE.GDI.FTOT.ZS,24.9229735192104,22.3725520036532,25.747072877261,31.101729044753,35.1384333246714,30.9877338435542,21.8257119918373,17.9309679447275,16.8686752354605,15.7508858678829,13.665387319624,16.0261941700365,16.7108560485884,26.0973765347294,23.6594562440378
Namibia,NAM,"Unemployment, total (% of total labor force) (modeled ILO estimate)",SL.UEM.TOTL.ZS,22.12,19.476,16.771,19.028,18.521,20.808,23.352,21.733,19.877,19.921,21.004,20.922,19.695,19.365,19.148
Nauru,NRU,GDP growth (annual %),NY.GDP.MKTP.KD.ZG,-0.159976911238559,14.3946334157295,25.2793205022189,3.64774041663625,16.4233356386109,2.69801727367511,4.36324053905588,-6.01122998653516,-1.21912201456978,8.48673659193109,1.98181949377276,7.20659466591439,2.9515183463878,0.64641033466782,1.76025162233491
Nauru,NRU,GDP per capita (current US$),NY.GDP.PCAP.CD,4723.91708258679,6480.90451339597,9817.36872216004,8974.51886874433,9193.09784447237,7703.43149943923,8724.30700255019,9613.41209082575,11408.6947593898,10776.8284610316,10695.6993301601,14989.6647450751,12896.4341046481,12754.1867566585,13421.8330584638
Nauru,NRU,"Population, total",SP.POP.TOTL,10043,10098,10267,10517,10742,10954,11150,11324,11477,11587,11643,11709,11801,11875,11947
Nauru,NRU,"Government expenditure on education, total (% of GDP)",SE.XPD.TOTL.GD.ZS,..,..,..,..,4.47278425925926,6.25260294117647,4.82214626865672,6.27397517241379,5.05296627218935,5.71828171428571,5.90502903225807,5.16034,5.91827971698113,5.67543983459473,..
Nauru,NRU,Current health expenditure (% of GDP),SH.XPD.CHEX.GD.ZS,12.69640064,9.97123718,8.84148979,9.85010338,8.3867569,14.00561714,10.99060154,11.4886446,11.10239792,11.56155682,11.55650234,12.00061035,18.17031097,..,..
Nauru,NRU,Access to electricity (% of population),EG.ELC.ACCS.ZS,99.2,99,99.4,99.4,99.5,99,99.7,99.8,99.9,100,100,100,100,100,..
Nauru,NRU,Individuals using the Internet (% of population),IT.NET.USER.ZS,..,54,..,..,..,..,..,62.3851,..,74.7379,81.6554,..,..,..,..
Nauru,NRU,"Life expectancy at birth, total (years)",SP.DYN.LE00.IN,60.074,60.287,60.533,60.701,60.834,60.897,60.996,61.101,61.238,61.393,61.527,61.331,61.93,62.109,..
Nauru,NRU,"School enrollment, primary (% gross)",SE.PRM.ENRR,..,..,98.7878799438477,..,109.659492492676,99.080157695014,112.507781982422,..,..,104.79955291748,102.257713317871,..,101.39037322998,109.898342073993,99.5668650325592
Nauru,NRU,"School enrollment, secondary (% gross)",SE.SEC.ENRR,..,..,83.1134567260742,..,83.9183731079102,..,78.6677169799805,..,..,86.1130981445312,80.2433776855469,..,92.7814636230469,90.1002502441406,91.5133521769495
Nauru,NRU,Urban population (% of total population),SP.URB.TOTL.IN.ZS,100,100,100,100,100,100,100,100,100,100,100,100,100,100,100
Nauru,NRU,Trade (% of GDP),NE.TRD.GNFS.ZS,100.254088338645,129.561772017594,120.719709129344,179.347826086957,198.015062109153,201.137787763804,170.614384611656,142.712817506837,140.702296262368,156.267534496782,135.14880806541,110.718145238213,167.539569662011,143.893230567535,158.191596939232
Nauru,NRU,Gross fixed capital formation (% of GDP),NE.GDI.FTOT.ZS,..,..,..,..,..,..,..,..,..,..,..,..,..,..,..
Nauru,NRU,"Unemployment, total (% of total labor force) (modeled ILO estimate)",SL.UEM.TOTL.ZS,..,..,..,..,..,..,..,..,..,..,..,..,..,..,..
Nepal,NPL,GDP growth (annual %),NY.GDP.MKTP.KD.ZG,4.81641464694573,3.42180870116162,4.67014192446953,3.52515317129149,6.01148284250441,3.97605327162971,0.433113719381524,8.97727935643466,7.62237610397933,6.65705543110468,-2.3696206292072,4.838149614115,5.6313145568451,1.98254843628392,3.66537430744968
Nepal,NPL,GDP per capita (current US$),NY.GDP.PCAP.CD,585.278491984574,785.518656222132,788.202937148377,803.269595420477,821.455224911731,875.543635474862,877.256454696737,1034.28374906846,1179.19843190389,1203.14294706401,1154.21517578318,1252.75076731986,1385.91066274851,1382.33055769304,1447.31004458428
Nepal,NPL,"Population, total",SP.POP.TOTL,27341952,27464494,27534915,27589996,27672370,27823629,27955462,28011258,28079689,28414064,28966574,29475010,29715436,29694614,29651054
Nepal,NPL,"Government expenditure on education, total (% of GDP)",SE.XPD.TOTL.GD.ZS,3.63172006607056,3.84261989593506,3.29736995697021,3.01811003684998,3.47213006019592,3.25902009010315,3.90320992469788,4.76722002029419,4.43445014953613,3.89212886881753,4.24355670934502,4.42801034633091,4.13645081690396,3.95641148036706,3.68849173764595
Nepal,NPL,Current health expenditure (% of GDP),SH.XPD.CHEX.GD.ZS,4.36131525,4.45220184,4.49078751,4.63012981,5.07549381,5.46615553,5.42378998,4.72170973,4.52808428,4.44524717,5.2080965,5.32333136,6.65589333,..,..
Nepal,NPL,Access to electricity (% of population),EG.ELC.ACCS.ZS,68.6,67.3,75.2,77.4,84.9,82,90.7,86.6,93.9,89.9,89.9,89.9,91.3,94,..
Nepal,NPL,Individuals using the Internet (% of population),IT.NET.USER.ZS,7.93,9,11.1493,13.3,15.44,17.5816,20.7,24.3,28.6,33.3366,38.8576,45.293,53.8878,55.7716,..
Nepal,NPL,"Life expectancy at birth, total (years)",SP.DYN.LE00.IN,66.772,67.123,67.364,67.598,67.812,67.374,68.444,68.74,69.036,69.299,69.106,68.385,70.087,70.354,..
Nepal,NPL,"School enrollment, primary (% gross)",SE.PRM.ENRR,147.086534908967,151.550483561125,149.360557184797,145.726105062929,143.002222135589,143.572010949657,139.177686890567,135.346176281377,..,137.43376159668,121.90357208252,119.976329501746,121.234804321367,126.553677663081,124.621898762462
Nepal,NPL,"School enrollment, secondary (% gross)",SE.SEC.ENRR,55.5892906188965,58.9935111999512,63.1414794921875,65.4935302734375,67.5318298339844,68.6131210327148,71.7744979858398,74.4113311767578,..,80.2800521850586,85.3101577758789,83.9220209713597,84.1026475876285,89.8898815141438,90.3878462155916
Nepal,NPL,Urban population (% of total population),SP.URB.TOTL.IN.ZS,16.768,17.108,17.458,17.815,18.182,18.557,18.942,19.336,19.74,20.153,20.576,21.008,21.451,21.903,22.366
Nepal,NPL,Trade (% of GDP),NE.TRD.GNFS.ZS,45.9849057742707,36.296758890097,37.921906058758,41.8653757376722,45.9826416115927,46.6657303895158,42.115486124737,44.6424106224996,48.4473869461067,49.2495265874454,40.9188741243442,43.0538047919129,48.9734014799428,41.5701502933145,40.5298226771909
Nepal,NPL,Gross fixed capital formation (% of GDP),NE.GDI.FTOT.ZS,22.2077275326256,23.9823906217099,23.9904073980284,24.7302314405737,25.2520846904925,27.5538074614607,28.7052216904199,30.5754363978224,32.4328800328675,33.8151256823517,30.4692205221287,29.3358394598283,28.9800749908471,24.5903604521329,24.3288506292299
Nepal,NPL,"Unemployment, total (% of total labor force) (modeled ILO estimate)",SL.UEM.TOTL.ZS,10.554,10.64,10.643,10.687,10.617,10.644,10.742,10.66,10.559,10.389,12.975,12.186,10.844,10.628,10.706
Netherlands,NLD,GDP growth (annual %),NY.GDP.MKTP.KD.ZG,1.31932032302214,1.77334516269423,-0.977876877747732,-0.0302325600539604,1.61261001294011,2.12060523860846,2.42428572955482,2.78154619309936,2.2587403735731,2.30009157916757,-3.86795333823223,6.2768306708326,5.00723455159611,0.0745608349011775,0.979674921515965
Netherlands,NLD,GDP per capita (current US$),NY.GDP.PCAP.CD,51305.7338533973,54701.7728030611,50473.9442002689,52602.2860520766,53457.2234864322,45793.8135434697,46808.5291492503,49513.6817346384,53955.0770024266,53554.9007491475,53467.9277413737,60141.9880911492,59123.318556487,64572.0059558854,68218.7261019406
Netherlands,NLD,"Population, total",SP.POP.TOTL,16615394,16693074,16754962,16804432,16865008,16939923,17030314,17131296,17231624,17344874,17441500,17533044,17700982,17877117,17994237
Netherlands,NLD,"Government expenditure on education, total (% of GDP)",SE.XPD.TOTL.GD.ZS,5.45634984970093,5.41595983505249,5.36694002151489,5.48417997360229,5.40205001831055,5.27802991867065,5.38952016830444,5.08747005462646,5.26723003387451,5.0559401512146,5.29139995574951,5.37661981582642,5.17918014526367,..,..
Netherlands,NLD,Current health expenditure (% of GDP),SH.XPD.CHEX.GD.ZS,10.15508747,10.23357868,10.53898716,10.58363628,10.56703758,10.32393837,10.05679512,10.1082983,10.01993561,10.14039612,11.22355747,11.12490749,10.10068321,..,..
Netherlands,NLD,Access to electricity (% of population),EG.ELC.ACCS.ZS,100,100,100,100,100,100,100,100,100,100,100,100,100,100,..
Netherlands,NLD,Individuals using the Internet (% of population),IT.NET.USER.ZS,90.72,91.42,92.86,93.9564,91.6667,91.7241,90.411,93.1973,91.8919,93.2886,91.3333,92.053,92.5197,97.0068,..
Netherlands,NLD,"Life expectancy at birth, total (years)",SP.DYN.LE00.IN,80.7024390243902,81.2048780487805,81.1048780487805,81.3048780487805,81.7073170731707,81.509756097561,81.5609756097561,81.7609756097561,81.8121951219512,82.1121951219512,81.3585365853659,81.309756097561,81.6146341463415,81.9146341463415,..
Netherlands,NLD,"School enrollment, primary (% gross)",SE.PRM.ENRR,106.750358581543,107.072776794434,107.048240661621,..,..,106.059417724609,105.680366516113,105.039421081543,104.561111450195,104.578910827637,104.338813781738,104.378402709961,104.215446472168,104.15657043457,..
Netherlands,NLD,"School enrollment, secondary (% gross)",SE.SEC.ENRR,124.569526672363,129.868103027344,111.448249816895,..,..,114.137916564941,112.994277954102,115.225227355957,114.50032043457,114.804168701172,136.284164428711,135.962173461914,138.767501831055,137.514724731445,..
Netherlands,NLD,Urban population (% of total population),SP.URB.TOTL.IN.ZS,87.134,87.879,88.588,89.187,89.69,90.173,90.635,91.077,91.49,91.876,92.236,92.572,92.886,93.179,93.453
Netherlands,NLD,Trade (% of GDP),NE.TRD.GNFS.ZS,130.081707935343,141.757099325776,149.393223058131,150.651850226949,151.715891056501,160.325812564809,150.96552921165,159.646059656847,163.559146573044,160.676671884999,152.233230409706,163.154842689698,184.107484252682,165.905457011481,156.173668455139
Netherlands,NLD,Gross fixed capital formation (% of GDP),NE.GDI.FTOT.ZS,19.4400813658009,19.9314647728018,18.5904058143633,18.1992196127512,17.3898179706967,21.8068437801695,19.2941993265526,19.7582508613445,19.9510208021868,20.9075559765573,21.2739585259834,20.6858841343727,20.4686965446459,20.0959348969042,19.7331840245478
Netherlands,NLD,"Unemployment, total (% of total labor force) (modeled ILO estimate)",SL.UEM.TOTL.ZS,4.991,4.977,5.821,7.241,7.419,6.872,6.007,4.837,3.832,3.379,3.82,4.209,3.526,3.537,3.599
New Caledonia,NCL,GDP growth (annual %),NY.GDP.MKTP.KD.ZG,..,..,..,..,..,..,..,..,3.99570728203879,-1.40000000198451,-2.40000000064407,-2.09999999762849,3.49999999631376,..,..
New Caledonia,NCL,GDP per capita (current US$),NY.GDP.PCAP.CD,35798.9084757829,38835.9401851385,35559.5672006157,36671.1566752621,37816.9558599295,30858.7237060533,30782.8544433514,32354.7102832901,34902.8968780031,33411.3358835672,33270.330597637,35311.5543551452,33516.363085906,..,..
New Caledonia,NCL,"Population, total",SP.POP.TOTL,261582,266543,271633,276822,281224,283168,283423,283546,283541,283606,284176,285214,287123,289870,292639
New Caledonia,NCL,"Government expenditure on education, total (% of GDP)",SE.XPD.TOTL.GD.ZS,..,..,..,..,..,..,..,..,..,..,..,..,..,..,..
New Caledonia,NCL,Current health expenditure (% of GDP),SH.XPD.CHEX.GD.ZS,..,..,..,..,..,..,..,..,..,..,..,..,..,..,..
New Caledonia,NCL,Access to electricity (% of population),EG.ELC.ACCS.ZS,100,100,100,100,100,100,100,100,100,100,100,100,100,100,..
New Caledonia,NCL,Individuals using the Internet (% of population),IT.NET.USER.ZS,42,50,58,66,70,74.0018,..,82.0058,..,..,..,..,..,..,..
New Caledonia,NCL,"Life expectancy at birth, total (years)",SP.DYN.LE00.IN,75.992,76.315,76.615,76.867,77.053,77.206,77.359,77.504,77.557,77.262,77.049,77.113,77.698,78.766,..
New Caledonia,NCL,"School enrollment, primary (% gross)",SE.PRM.ENRR,..,..,..,..,..,..,..,..,..,..,..,..,..,..,..
New Caledonia,NCL,"School enrollment, secondary (% gross)",SE.SEC.ENRR,..,..,..,..,..,..,..,..,..,..,..,..,..,..,..
New Caledonia,NCL,Urban population (% of total population),SP.URB.TOTL.IN.ZS,67.102,67.565,68.024,68.479,68.931,69.379,69.821,70.256,70.683,71.104,71.518,71.925,72.325,72.719,73.106
New Caledonia,NCL,Trade (% of GDP),NE.TRD.GNFS.ZS,68.1684823937939,66.8445220722878,63.7533913097757,58.8723435046881,58.9577979346478,60.0467960954308,58.0296161468389,58.9281826221283,..,..,..,..,..,..,..
New Caledonia,NCL,Gross fixed capital formation (% of GDP),NE.GDI.FTOT.ZS,43.0675526418503,42.8560160013522,41.9227193790085,37.7740915509635,34.9802414986104,35.1327166208069,29.64804245945,27.8931732369673,..,..,..,..,..,..,..
New Caledonia,NCL,"Unemployment, total (% of total labor force) (modeled ILO estimate)",SL.UEM.TOTL.ZS,13.95,13.935,14.051,14.347,14.59,13.637,12.714,11.676,11.702,10.88,13.558,11.54,10.71,10.939,11.15
New Zealand,NZL,GDP growth (annual %),NY.GDP.MKTP.KD.ZG,1.45863634911349,2.09349621669912,2.36630664656174,2.58954199031598,3.82638491760299,3.69036908387233,3.77911068354334,3.37873219470765,3.47058203866328,2.31747144034802,-0.307246896026541,4.53540565716095,3.49638686458842,1.39425181563566,-0.126462418567272
New Zealand,NZL,GDP per capita (current US$),NY.GDP.PCAP.CD,33761.9009639947,38431.7766788499,40053.6991536369,43000.4646849189,44618.266973847,38665.3723018158,40113.7195382428,42950.3841711138,43257.0769238879,42779.2298164101,41850.92032802,49689.498134519,48760.0381935936,48654.904227478,48747.0136853042
New Zealand,NZL,"Population, total",SP.POP.TOTL,4350700,4384000,4408100,4442100,4516500,4609400,4714100,4813600,4900600,4979200,5090200,5111300,5117100,5245000,5338500
New Zealand,NZL,"Government expenditure on education, total (% of GDP)",SE.XPD.TOTL.GD.ZS,..,..,..,5.88855981826782,5.80853986740112,5.70734977722168,5.50559997558594,5.28000020980835,5.19308996200562,5.17797994613647,5.65149021148682,5.54822015762329,5.22557020187378,5.27568006515503,..
New Zealand,NZL,Current health expenditure (% of GDP),SH.XPD.CHEX.GD.ZS,9.59277534,9.51987362,9.65163612,9.36019325,9.40168381,9.28344345,9.24379444,8.9698782,9.03810501,9.50996971,10.05994129,10.0194025,10.02858067,..,..
New Zealand,NZL,Access to electricity (% of population),EG.ELC.ACCS.ZS,100,100,100,100,100,100,100,100,100,100,100,100,100,100,..
New Zealand,NZL,Individuals using the Internet (% of population),IT.NET.USER.ZS,80.46,81.23,81.6445,82.78,84,85.2,86.5,87.7,89,89.8637,95.2342,96.1151,96.1942,96.1638,..
New Zealand,NZL,"Life expectancy at birth, total (years)",SP.DYN.LE00.IN,80.9048780487805,81.1560975609756,81.4073170731707,81.4048780487805,81.4568292682927,81.6124390243903,81.6585365853659,81.8585365853659,81.7073170731707,82.0560975609756,82.2560975609756,82.2073170731707,81.9585365853658,83.0048780487805,..
New Zealand,NZL,"School enrollment, primary (% gross)",SE.PRM.ENRR,99.0315399169922,99.0727310180664,98.8831405639648,98.8762893676758,98.6514434814453,98.5381393432617,98.5837478637695,98.4804382324219,98.5529708862305,98.2542037963867,97.5365295410156,97.9169464111328,96.5572509765625,96.8670501708984,..
New Zealand,NZL,"School enrollment, secondary (% gross)",SE.SEC.ENRR,119.128967285156,118.256721496582,116.826477050781,115.650527954102,116.084312438965,114.889991760254,113.687911987305,112.943313598633,112.411079406738,120.266319274902,116.893188476562,117.595428466797,114.774932861328,113.395988464355,..
New Zealand,NZL,Urban population (% of total population),SP.URB.TOTL.IN.ZS,86.16,86.1,86.161,86.221,86.281,86.341,86.4,86.466,86.538,86.615,86.699,86.789,86.884,86.985,87.091
New Zealand,NZL,Trade (% of GDP),NE.TRD.GNFS.ZS,58.1047406012087,59.1724105593848,56.9087671962042,55.9861241102171,55.0986550961851,54.851331734287,52.4062478142589,54.1432970416804,55.7664814899437,54.4542971758367,43.9772422862431,48.5412477650846,53.4761627655817,50.4064316790513,..
New Zealand,NZL,Gross fixed capital formation (% of GDP),NE.GDI.FTOT.ZS,19.9528098265442,20.0543911473719,20.9139799748538,21.3856999338834,22.5410325337461,22.9104468851856,22.6227420144526,22.9685609809744,23.511133451272,23.5236625355301,23.2335070501425,24.6138678935261,25.3715792977793,24.7040195587726,..
New Zealand,NZL,"Unemployment, total (% of total labor force) (modeled ILO estimate)",SL.UEM.TOTL.ZS,6.557,6.491,6.931,5.839,5.428,5.415,5.147,4.736,4.335,4.109,4.595,3.776,3.297,3.729,4.869
Nicaragua,NIC,GDP growth (annual %),NY.GDP.MKTP.KD.ZG,4.41009911716546,6.31668553491842,6.4961364710876,4.92709413447304,4.78546013589983,4.79226768332697,4.56314739524967,4.63120757580209,-3.3633566598573,-2.89686986728901,-2.23654176262323,10.454389484408,3.55029945613975,4.42774384760374,3.5878302292345
Nicaragua,NIC,GDP per capita (current US$),NY.GDP.PCAP.CD,1526.56706951408,1679.71192084633,1784.69836017555,1835.43996363715,1958.37047579547,2074.45620634731,2131.68704828322,2182.61380995674,2035.16549390507,1958.62051528095,1938.44704754382,2138.38588469449,2322.89053964583,2609.44492072931,2847.53966339498
Nicaragua,NIC,"Population, total",SP.POP.TOTL,5737450,5819051,5901287,5983845,6066492,6149417,6232666,6316231,6400080,6483657,6565267,6644741,6730654,6823613,6916140
Nicaragua,NIC,"Government expenditure on education, total (% of GDP)",SE.XPD.TOTL.GD.ZS,4.48424005508423,..,..,..,4.08329010009766,4.07843017578125,4.08114004135132,4.35767984390259,4.47380693256251,4.59991969121332,4.58034059162685,4.08717467298944,3.80001496174069,2.86578989028931,..
Nicaragua,NIC,Current health expenditure (% of GDP),SH.XPD.CHEX.GD.ZS,7.71019173,7.44982004,7.48836899,7.63869238,7.97716141,7.96303272,8.04877567,8.32754421,8.4993515,8.50037098,8.58996105,9.59249973,8.95364857,..,..
Nicaragua,NIC,Access to electricity (% of population),EG.ELC.ACCS.ZS,80.1,81.2,81.3,81.9,81.9,83.2,83.9,84.6,85.2,85.7,86,86.3,86.5,88.3,..
Nicaragua,NIC,Individuals using the Internet (% of population),IT.NET.USER.ZS,10,10.6,13.5,15.5,17.6,19.7043,24.5718,30.4,33.913,37.8319,42.2037,47.0806,49.1307,58.2314,..
Nicaragua,NIC,"Life expectancy at birth, total (years)",SP.DYN.LE00.IN,71.761,72.033,72.435,72.551,72.792,72.899,73.18,73.389,73.879,73.764,70.766,70.478,74.463,74.947,..
Nicaragua,NIC,"School enrollment, primary (% gross)",SE.PRM.ENRR,119.666778564453,..,..,..,..,..,..,..,..,..,..,..,..,109.536392211914,..
Nicaragua,NIC,"School enrollment, secondary (% gross)",SE.SEC.ENRR,71.3924407958984,..,..,..,..,..,..,..,..,..,..,..,..,70.1749572753906,..
Nicaragua,NIC,Urban population (% of total population),SP.URB.TOTL.IN.ZS,56.917,57.113,57.309,57.505,57.7,57.895,58.09,58.299,58.522,58.76,59.012,59.277,59.556,59.849,60.155
Nicaragua,NIC,Trade (% of GDP),NE.TRD.GNFS.ZS,100.364058423919,111.827453935999,115.177288474198,110.984207880382,106.698200190796,98.194164594236,93.8137278130087,96.3805864351182,93.9847404925404,94.0422159246213,88.6381231228968,106.20739081994,115.454678712865,105.003097611103,98.5258377100159
Nicaragua,NIC,Gross fixed capital formation (% of GDP),NE.GDI.FTOT.ZS,21.1737341412017,24.6137378801078,28.0647253576682,28.3444246593661,27.3334223631277,29.2635345695181,27.6439068627152,26.7613567520877,22.3850599072456,16.4571885886473,17.9549307712935,23.0056614312413,21.4012893593393,21.4498150899851,22.9144793545779
Nicaragua,NIC,"Unemployment, total (% of total labor force) (modeled ILO estimate)",SL.UEM.TOTL.ZS,7.83,6.618,5.208,5.28,4.52,4.7,3.9,3.3,5.2,5.472,6.201,6.118,4.961,4.716,4.574
Niger,NER,GDP growth (annual %),NY.GDP.MKTP.KD.ZG,8.57816674262253,2.35775693603874,10.5489445763446,5.31513063394726,6.64213665495603,4.39264883207291,5.74089315058157,5.00536078615544,7.21141802762897,5.93985257123522,3.55064109436891,1.38359636198477,11.9000000000277,1.66763406484279,8.42159789525454
Niger,NER,GDP per capita (current US$),NY.GDP.PCAP.CD,474.425692340831,510.75956176268,528.510104469655,552.103334363117,565.30989731175,485.662574175279,502.706475406446,521.804130023434,578.568035680892,561.691304349698,579.512495758236,608.722439593808,609.745147661683,638.336080723299,722.748650326257
Niger,NER,"Population, total",SP.POP.TOTL,16548835,17176283,17836769,18519898,19215909,19939498,20685753,21435446,22188069,22947757,23717613,24502140,25311973,26159867,27032412
Niger,NER,"Government expenditure on education, total (% of GDP)",SE.XPD.TOTL.GD.ZS,2.7219500541687,3.07762002944946,3.1868200302124,3.68952989578247,5.10368013381958,4.48669004440308,2.95843005180359,2.57818007469177,3.44956994056702,3.53358621816013,3.81906792754322,3.82175828133515,3.71231832079626,4.07412707618114,..
Niger,NER,Current health expenditure (% of GDP),SH.XPD.CHEX.GD.ZS,5.02160501,4.87323856,4.30732679,4.46636009,4.45377159,5.34745932,4.53239059,5.57609606,5.30310822,5.66642094,6.17007589,5.81452751,4.35259724,..,..
Niger,NER,Access to electricity (% of population),EG.ELC.ACCS.ZS,13.6,14.3,14.4,15.2,15.7,16.6,17,17.6,17.6,18.5,18.7,18.6,19.5,20.1,..
Niger,NER,Individuals using the Internet (% of population),IT.NET.USER.ZS,0.83,0.9,1.05,1.15,1.24868,2.47622,4.32276,10.2243,..,16.6119,17.0375,17.474,23.2982,23.1879,..
Niger,NER,"Life expectancy at birth, total (years)",SP.DYN.LE00.IN,57.08,57.6,57.987,58.364,58.693,58.85,59.228,59.524,59.765,60.031,59.89,59.542,60.398,61.183,..
Niger,NER,"School enrollment, primary (% gross)",SE.PRM.ENRR,61.5986113613618,65.2535100604653,67.1548957778323,68.050738334559,68.6922497937291,70.8931423850977,72.8476843361488,74.3787719289761,..,66.7727319163256,..,65.864245185741,66.2539719118599,66.8804779933272,64.6534815281519
Niger,NER,"School enrollment, secondary (% gross)",SE.SEC.ENRR,12.8063202484136,13.6643213754076,14.8037867184503,15.9596510320284,17.8459505465436,19.6922012498743,22.6700395113082,23.7611505662509,..,..,..,..,..,21.5605140503495,19.8664761204349
Niger,NER,Urban population (% of total population),SP.URB.TOTL.IN.ZS,16.221,16.216,16.212,16.208,16.219,16.247,16.29,16.35,16.425,16.517,16.626,16.751,16.894,17.054,17.232
Niger,NER,Trade (% of GDP),NE.TRD.GNFS.ZS,51.9459863027627,50.2463951569345,45.08596447308,46.2951491493291,45.7416008365932,44.727430371186,36.4881092245519,39.0711117370149,37.5388483992356,37.1025664250801,35.5129906570841,37.0158935503713,52.8061484329409,46.4755580630668,51.9683509349368
Niger,NER,Gross fixed capital formation (% of GDP),NE.GDI.FTOT.ZS,31.870470362767,31.5627689193736,28.8051401650125,29.5948792086768,30.7842595780715,32.6070143030411,27.0108807832762,25.7950329752951,28.4269222889978,30.3782549192321,28.3266350401009,28.5385650591052,29.6208107643846,21.2647169976858,18.6803714498621
Niger,NER,"Unemployment, total (% of total labor force) (modeled ILO estimate)",SL.UEM.TOTL.ZS,0.722,0.316,2.177,1.397,0.524,0.553,0.548,0.554,0.535,0.531,0.594,0.78,0.418,0.425,0.355
Nigeria,NGA,GDP growth (annual %),NY.GDP.MKTP.KD.ZG,8.00565591628646,5.30792420289512,4.23006117493168,6.67133539306172,6.30971865525467,2.65269329543003,-1.61686894906529,0.80588661910221,1.92275734200651,2.20842927714881,-1.79425308274458,3.64718654072446,3.25168140827093,2.86021499108364,3.42643947135149
Nigeria,NGA,GDP per capita (current US$),NY.GDP.PCAP.CD,2202.25672957344,2418.41316975875,2633.19734671361,2872.79083379398,3088.72131316169,2585.73360671797,2070.4127339595,1876.34027111773,2057.87944554011,2265.15520863056,2019.65706326224,2017.27486481527,2139.37478476974,1596.63696129001,806.945695055244
Nigeria,NGA,"Population, total",SP.POP.TOTL,166642886,171379598,176200625,181049443,185896915,190671878,195443700,200254579,204938755,209485641,213996181,218529286,223150896,227882945,232679478
Nigeria,NGA,"Government expenditure on education, total (% of GDP)",SE.XPD.TOTL.GD.ZS,..,..,0.549233086121929,0.534206768008091,0.470742539133469,0.436954905120644,0.393045646249364,0.396354013591345,0.419998493796127,0.358479005206684,0.35963763718498,0.381919104397325,0.348516707890877,0.319069049792343,..
Nigeria,NGA,Current health expenditure (% of GDP),SH.XPD.CHEX.GD.ZS,3.29653287,3.32077932,3.35984254,3.4206934,3.34840417,3.58194995,3.64773679,3.74762511,3.09069347,2.98547053,3.38063431,4.07625723,4.27090406,..,..
Nigeria,NGA,Access to electricity (% of population),EG.ELC.ACCS.ZS,48,55.9,53,55.6,54.2,52.5,59.3,54.4,56.5,55.4,55.4,59.5,60.5,61.2,..
Nigeria,NGA,Individuals using the Internet (% of population),IT.NET.USER.ZS,11.5,13.8,16.1,19.1,21,22.5,24.1,25.9,27.7,29.7,31.8888,35.5098,37.6975,39.2136,..
Nigeria,NGA,"Life expectancy at birth, total (years)",SP.DYN.LE00.IN,51.315,51.49,51.688,51.827,51.94,51.939,52.189,52.397,52.669,53.009,53.072,53.455,54.079,54.462,..
Nigeria,NGA,"School enrollment, primary (% gross)",SE.PRM.ENRR,79.8300399780273,84.6805572509766,85.9125900268555,87.8349702257826,84.1216580144923,25.5657563073792,78.8780517578125,..,81.6278513667331,..,84.371583976485,83.8092555956779,..,89.5871124267578,..
Nigeria,NGA,"School enrollment, secondary (% gross)",SE.SEC.ENRR,41.7837982177734,43.0239906311035,44.4557914733887,52.7967300415039,42.7821502685547,43.8246917724609,39.3068084716797,..,40.4885292053223,..,44.1220893859863,45.444938659668,..,46.8931503295898,..
Nigeria,NGA,Urban population (% of total population),SP.URB.TOTL.IN.ZS,43.48,44.366,45.246,46.118,46.982,47.838,48.683,49.519,50.344,51.157,51.958,52.746,53.521,54.283,55.03
Nigeria,NGA,Trade (% of GDP),NE.TRD.GNFS.ZS,..,..,..,..,..,..,..,..,..,..,..,..,..,..,..
Nigeria,NGA,Gross fixed capital formation (% of GDP),NE.GDI.FTOT.ZS,..,..,..,..,..,..,..,..,..,..,..,..,..,..,..
Nigeria,NGA,"Unemployment, total (% of total labor force) (modeled ILO estimate)",SL.UEM.TOTL.ZS,3.746,3.77,3.76,3.711,3.902,4.135,4.499,4.828,5.067,5.206,5.742,5.45,3.821,3.074,2.989
North Macedonia,MKD,GDP growth (annual %),NY.GDP.MKTP.KD.ZG,3.35875085773812,2.33988604520331,-0.456183223607937,2.92525766450484,3.62912351276373,3.85586514041738,2.84820519363306,1.08177273813243,2.88059670964267,3.91041953840173,-4.68845000956652,4.51067949038222,2.75888415332967,2.07254208845117,2.75624917338976
North Macedonia,MKD,GDP per capita (current US$),NY.GDP.PCAP.CD,4833.36586759968,5416.86672931659,5049.8265386157,5626.26115664893,5925.38592218015,5262.68671928674,5598.48622617967,5955.2973863451,6713.98925398989,6718.85826635458,6659.59651070776,7620.80296977508,7606.2375253797,8624.28400232117,9310.02790015256
North Macedonia,MKD,"Population, total",SP.POP.TOTL,1946298,1937398,1929821,1922716,1917557,1912430,1906313,1898657,1889051,1876262,1856124,1837114,1831712,1827816,1792179
North Macedonia,MKD,"Government expenditure on education, total (% of GDP)",SE.XPD.TOTL.GD.ZS,..,..,..,..,..,..,..,..,..,..,..,..,..,..,..
North Macedonia,MKD,Current health expenditure (% of GDP),SH.XPD.CHEX.GD.ZS,6.71369696,6.51887369,6.61468363,6.71928358,6.28993368,6.34227896,6.37943363,6.43909454,6.45699358,7.06654119,7.73212385,8.5240345,7.6204114,..,..
North Macedonia,MKD,Access to electricity (% of population),EG.ELC.ACCS.ZS,99.5,99.7,99.6,99.7,99.8,99.9,100,100,99.8,100,100,100,100,100,..
North Macedonia,MKD,Individuals using the Internet (% of population),IT.NET.USER.ZS,51.9,56.7,57.4499,65.24,68.0585,70.3802,72.1568,74.5168,79.1678,81.4129,81.4055,81.8737,85.008,87.1819,..
North Macedonia,MKD,"Life expectancy at birth, total (years)",SP.DYN.LE00.IN,74.9975609756098,75.1,74.9024390243903,75.4,75.4512195121951,75.4024390243902,75.4,75.9536585365854,76.6487804878049,76.6024390243903,74.3951219512195,73.2463414634146,74.4248780487805,75.3160975609756,..
North Macedonia,MKD,"School enrollment, primary (% gross)",SE.PRM.ENRR,92.3337936401367,..,92.9667129516602,96.9780578613281,95.9001388549805,96.8858184814453,..,95.2024078369141,95.5603866577148,93.6538467407227,93.4353332519531,93.2624588012695,97.4866561889648,96.3131713867188,..
North Macedonia,MKD,"School enrollment, secondary (% gross)",SE.SEC.ENRR,85.4283828735352,..,85.8300170898438,83.8025588989258,83.6949768066406,84.9836273193359,..,84.6865386962891,83.3533935546875,82.5312805175781,82.4416732788086,84.1619567871094,91.4516372680664,90.0724868774414,..
North Macedonia,MKD,Urban population (% of total population),SP.URB.TOTL.IN.ZS,57.089,57.092,57.125,57.189,57.284,57.408,57.563,57.748,57.963,58.208,58.482,58.786,59.118,59.479,59.868
North Macedonia,MKD,Trade (% of GDP),NE.TRD.GNFS.ZS,97.8810691156562,113.19191013947,112.214834702155,104.857229956305,112.537928969299,113.698443879103,116.185408418026,124.13728389629,133.215207648008,138.576231840539,128.241244322257,146.721411484074,166.147357379878,148.671761949798,138.478140593632
North Macedonia,MKD,Gross fixed capital formation (% of GDP),NE.GDI.FTOT.ZS,23.0624108155574,23.529145644203,23.3705375795742,23.7109252805888,23.4157962667091,23.8398866454127,24.3848720987903,22.4909643329785,20.03198774963,21.0422372138482,21.5912622519723,23.4554260842147,24.0204439739046,24.7427572677964,..
North Macedonia,MKD,"Unemployment, total (% of total labor force) (modeled ILO estimate)",SL.UEM.TOTL.ZS,33.135,31.502,31.096,29.017,28.215,26.395,24.312,22.857,21.208,17.414,16.575,15.801,14.476,13.174,13.417
Northern Mariana Islands,MNP,GDP growth (annual %),NY.GDP.MKTP.KD.ZG,1.3959390862944,-7.38423028785982,0.810810810810807,2.68096514745308,4.177545691906,3.38345864661653,29.2121212121212,23.1707317073171,-19.4973343488195,-11.4474929044465,-29.0598290598291,4.96987951807229,16.6427546628408,..,..
Northern Mariana Islands,MNP,GDP per capita (current US$),NY.GDP.PCAP.CD,14771.4037455399,13598.7166094613,14013.6003306158,14632.8518897608,15945.417608954,17665.1007493109,24225.474169342,31225.6049960968,26509.3628379893,24496.6652122421,18220.8382427201,19455.50139424,23785.754590043,..,..
Northern Mariana Islands,MNP,"Population, total",SP.POP.TOTL,54091,53608,53234,52758,52178,51514,50773,49959,49077,48129,47528,46979,46078,45143,44278
Northern Mariana Islands,MNP,"Government expenditure on education, total (% of GDP)",SE.XPD.TOTL.GD.ZS,..,..,..,..,..,..,..,..,..,..,..,..,..,..,..
Northern Mariana Islands,MNP,Current health expenditure (% of GDP),SH.XPD.CHEX.GD.ZS,..,..,..,..,..,..,..,..,..,..,..,..,..,..,..
Northern Mariana Islands,MNP,Access to electricity (% of population),EG.ELC.ACCS.ZS,100,100,100,100,100,100,100,100,100,100,100,100,100,100,..
Northern Mariana Islands,MNP,Individuals using the Internet (% of population),IT.NET.USER.ZS,..,..,..,..,..,..,..,..,..,..,..,..,..,..,..
Northern Mariana Islands,MNP,"Life expectancy at birth, total (years)",SP.DYN.LE00.IN,77.8,77.688,77.566,77.452,77.377,77.36,77.392,77.47,77.51,77.844,78.03,78.16,78.531,78.808,..
Northern Mariana Islands,MNP,"School enrollment, primary (% gross)",SE.PRM.ENRR,..,..,..,..,..,..,..,..,..,..,..,..,..,..,..
Northern Mariana Islands,MNP,"School enrollment, secondary (% gross)",SE.SEC.ENRR,..,..,..,..,..,..,..,..,..,..,..,..,..,..,..
Northern Mariana Islands,MNP,Urban population (% of total population),SP.URB.TOTL.IN.ZS,90.949,91.028,91.108,91.19,91.273,91.357,91.443,91.53,91.618,91.708,91.798,91.89,91.983,92.076,92.171
Northern Mariana Islands,MNP,Trade (% of GDP),NE.TRD.GNFS.ZS,92.6157697121402,105.075445816187,114.879356568365,120.077720207254,119.831730769231,122.747252747253,152.845528455285,131.410256410256,108.762490392006,104.749787955895,78.9838337182448,78.8840262582057,93.1569343065693,..,..
Northern Mariana Islands,MNP,Gross fixed capital formation (% of GDP),NE.GDI.FTOT.ZS,..,..,..,..,..,..,..,..,..,..,..,..,..,..,..
Northern Mariana Islands,MNP,"Unemployment, total (% of total labor force) (modeled ILO estimate)",SL.UEM.TOTL.ZS,..,..,..,..,..,..,..,..,..,..,..,..,..,..,..
Norway,NOR,GDP growth (annual %),NY.GDP.MKTP.KD.ZG,0.787051861494078,1.10565603382983,2.71795924894734,1.01619084044641,2.04813200438943,1.85733971623901,1.16472423928819,2.46374626574153,0.828931500516902,1.12374694968757,-1.27817177234034,3.90868676830634,3.24622860260932,0.0721204806030329,2.10045327837291
Norway,NOR,GDP per capita (current US$),NY.GDP.PCAP.CD,88163.2085931423,101221.813476644,102175.919298374,103553.840134417,97666.6951838749,74809.9658049898,70867.3609970749,76131.8384032764,82792.8427113304,76430.5889473338,68340.0181033702,93072.8925119571,109269.520580298,87497.3289297342,86809.7246897431
Norway,NOR,"Population, total",SP.POP.TOTL,4889252,4953088,5018573,5079623,5137232,5188607,5234519,5276968,5311916,5347896,5379475,5408320,5457127,5519594,5572272
Norway,NOR,"Government expenditure on education, total (% of GDP)",SE.XPD.TOTL.GD.ZS,6.71042013168335,6.41490983963013,7.32766008377075,7.43906021118164,7.64403009414673,7.52334976196289,7.98444986343384,7.84598016738892,7.59563016891479,7.8645601272583,8.3728199005127,6.9602198600769,5.45586013793945,..,..
Norway,NOR,Current health expenditure (% of GDP),SH.XPD.CHEX.GD.ZS,8.8581152,8.73474026,8.72188568,8.87431335,9.28297901,10.06992245,10.53049755,10.22983646,9.96037865,10.43807507,11.42416382,9.8142643,7.94803333,..,..
Norway,NOR,Access to electricity (% of population),EG.ELC.ACCS.ZS,100,100,100,100,100,100,100,100,100,100,100,100,100,100,..
Norway,NOR,Individuals using the Internet (% of population),IT.NET.USER.ZS,93.39,93.49,94.65,95.0534,96.3005,96.8103,97.2982,96.3576,96.4917,98,94.6076,99,99,99,..
Norway,NOR,"Life expectancy at birth, total (years)",SP.DYN.LE00.IN,80.9975609756098,81.2951219512195,81.4512195121951,81.7512195121951,82.1,82.3048780487805,82.4073170731707,82.609756097561,82.7585365853659,82.9585365853659,83.209756097561,83.1634146341463,82.509756097561,83.1121951219512,..
Norway,NOR,"School enrollment, primary (% gross)",SE.PRM.ENRR,99.6255111694336,99.6926803588867,99.6305236816406,99.6445617675781,99.4921569824219,99.3740463256836,99.2261276245117,99.2714920043945,99.1744232177734,99.0806503295898,98.8857498168945,98.9731903076172,98.9667587280273,98.6104431152344,..
Norway,NOR,"School enrollment, secondary (% gross)",SE.SEC.ENRR,112.978569030762,113.169883728027,112.176536560059,114.515380859375,113.479888916016,115.210121154785,116.6455078125,117.301460266113,117.714706420898,119.421340942383,119.941543579102,119.816871643066,119.442527770996,117.775093078613,..
Norway,NOR,Urban population (% of total population),SP.URB.TOTL.IN.ZS,79.102,79.455,79.874,80.286,80.692,81.091,81.485,81.871,82.248,82.616,82.974,83.323,83.664,83.995,84.318
Norway,NOR,Trade (% of GDP),NE.TRD.GNFS.ZS,68.2395193584281,69.5987336334833,68.4985528389766,67.9727925936832,69.1373772209037,70.431856540017,69.1168423974699,69.1087817621061,70.0031957894984,70.8958205272987,65.3539790413323,71.2227137759599,82.6094798361389,80.3638456401269,81.2221458261111
Norway,NOR,Gross fixed capital formation (% of GDP),NE.GDI.FTOT.ZS,20.6378334435552,21.3819281554801,22.3052199034421,23.4320551008224,23.7087320543897,23.6895734211067,25.0585118588206,24.3563320185983,23.7742134177864,26.6268216540907,27.4365570585644,22.9458564440552,18.376163568034,21.6527928031412,21.8683761269121
Norway,NOR,"Unemployment, total (% of total labor force) (modeled ILO estimate)",SL.UEM.TOTL.ZS,3.527,3.196,3.129,3.425,3.486,4.296,4.68,4.164,3.801,3.684,4.424,4.359,3.231,3.572,3.97
Oman,OMN,GDP growth (annual %),NY.GDP.MKTP.KD.ZG,2.47199856582773,2.89460973541192,8.86312225557018,5.22770408145942,1.29225229411081,5.01705799719045,5.04642394571691,0.304057565922449,1.28710391543288,-1.12863801728058,-3.37972052697999,2.5821749892893,7.98570728354278,1.18713489558853,1.67407663008134
Oman,OMN,GDP per capita (current US$),NY.GDP.PCAP.CD,23570.1798147325,25188.0074151885,24642.2978768596,23458.0233840053,23160.6502252547,18808.3077921839,17110.1897460545,17820.0661809335,19901.7615642016,19180.1864152801,16784.8630630058,19403.4600160211,23223.5829405935,20972.4830886637,20248.4168124608
Oman,OMN,"Population, total",SP.POP.TOTL,2757446,3076763,3547106,3833913,4002439,4184895,4390877,4537396,4597877,4591241,4522497,4500424,4730226,5049269,5281538
Oman,OMN,"Government expenditure on education, total (% of GDP)",SE.XPD.TOTL.GD.ZS,..,..,..,4.35383987426758,..,..,..,5.99594020843506,4.58565998077393,5.06363010406494,6.87768983840942,..,4.30123996734619,..,..
Oman,OMN,Current health expenditure (% of GDP),SH.XPD.CHEX.GD.ZS,2.47588587,2.23611403,2.27702832,2.5054009,3.13740134,4.07826233,4.17580843,3.95418668,3.21469474,3.80648994,5.11922884,4.37028217,2.9162159,..,..
Oman,OMN,Access to electricity (% of population),EG.ELC.ACCS.ZS,100,100,100,100,100,100,100,100,100,100,100,100,100,100,..
Oman,OMN,Individuals using the Internet (% of population),IT.NET.USER.ZS,35.8278,48,60,66.45,70.22,73.53,76.8454,80.1856,85.5,90.2594,95.2323,95.2388,95.2453,95.2517,95.2517
Oman,OMN,"Life expectancy at birth, total (years)",SP.DYN.LE00.IN,77.184,77.74,78.187,78.633,79.03,79.346,79.581,79.748,79.864,79.946,77.763,75.969,77.911,80.031,..
Oman,OMN,"School enrollment, primary (% gross)",SE.PRM.ENRR,..,111.140314266055,103.370301718633,105.94441986084,105.678726196289,104.035346984863,103.313171386719,101.832942186837,101.079902648926,97.7350515463917,90.636727982112,89.1980294207256,89.2455714414171,..,..
Oman,OMN,"School enrollment, secondary (% gross)",SE.SEC.ENRR,..,114.451620751396,110.750350631136,109.168488109249,..,101.932699190524,102.304902141834,101.678019833334,103.951581913667,102.141469011215,94.5432460924967,94.287268445183,91.9645458184777,..,..
Oman,OMN,Urban population (% of total population),SP.URB.TOTL.IN.ZS,75.161,76.183,77.564,78.882,80.145,81.35,82.5,83.56,84.539,85.443,86.276,87.044,87.75,88.4,88.998
Oman,OMN,Trade (% of GDP),NE.TRD.GNFS.ZS,96.3865546218487,101.641731939942,102.0747604043,112.543521763774,102.27872108813,96.3775801852347,82.8642642018901,88.9531480182956,89.2792178262847,86.4782010313236,91.8758908014472,95.9494877293305,105.745009280655,105.916707804376,..
Oman,OMN,Gross fixed capital formation (% of GDP),NE.GDI.FTOT.ZS,29.5502200880352,28.5527790642262,27.6529589064736,29.9441302009231,29.827342408565,34.0113599191126,39.298992626441,33.3216466062388,30.4914165529786,28.9532596561073,31.5744572963491,26.8575768406004,22.9435774082352,24.3495943944652,..
Oman,OMN,"Unemployment, total (% of total labor force) (modeled ILO estimate)",SL.UEM.TOTL.ZS,3.935,3.958,3.765,3.547,3.449,3.401,3.266,2.522,1.8,2.04,2.94,1.9,3.3,3.176,3.161
Pakistan,PAK,GDP growth (annual %),NY.GDP.MKTP.KD.ZG,1.50171752152883,2.68011685421705,3.02758391088629,4.36686504978387,4.11642817161422,4.21794209572506,6.57383828511043,4.43262590683975,6.15170261099519,2.49763692943365,-1.27408744338709,6.51388575852702,4.7781068690358,-0.0398389716673506,3.23478443210148
Pakistan,PAK,GDP per capita (current US$),NY.GDP.PCAP.CD,987.304571124485,1131.73513834324,1204.36475491585,1225.4340119198,1266.61340849959,1380.47020838317,1424.69161195897,1519.23459514248,1569.33814626355,1390.41690981745,1278.39735206896,1455.31922370186,1538.3228133171,1365.16927410976,1484.74985864775
Pakistan,PAK,"Population, total",SP.POP.TOTL,199239047,203746065,207667125,211073978,214264647,217290883,220138869,223273967,226928892,230800899,235001746,239477801,243700667,247504495,251269164
Pakistan,PAK,"Government expenditure on education, total (% of GDP)",SE.XPD.TOTL.GD.ZS,2.05268001556396,2.00100994110107,1.97879004478455,2.23698997497559,2.2043399810791,2.38609004020691,2.66804003715515,2.57616996765137,2.33216949688293,2.21492004394531,2.05718240718423,1.68746129213991,1.97300945756988,1.94658005237579,..
Pakistan,PAK,Current health expenditure (% of GDP),SH.XPD.CHEX.GD.ZS,2.42967653,2.23121333,2.22185278,2.4164784,2.48899078,2.49493265,2.57026362,2.7863009,2.82844949,2.84736943,2.95273018,2.99015832,2.90434051,..,..
Pakistan,PAK,Access to electricity (% of population),EG.ELC.ACCS.ZS,87.1,87.8,88.6,89.3,90.1,91,91.8,92.7,93.4,93.9,94.5,94.9,95,95.6,..
Pakistan,PAK,Individuals using the Internet (% of population),IT.NET.USER.ZS,8,8,8.1,9,10,11,12.3854,13.78,15.34,17.0709,18.9348,21.4107,24.2103,27.3759,..
Pakistan,PAK,"Life expectancy at birth, total (years)",SP.DYN.LE00.IN,64.378,64.659,64.883,65.129,65.374,65.641,65.943,66.223,66.481,66.729,65.701,65.773,67.417,67.649,..
Pakistan,PAK,"School enrollment, primary (% gross)",SE.PRM.ENRR,73.6427366739346,70.4406693319938,69.90386379122,68.8875716330274,72.1897974318755,71.7399191116414,75.7336415786478,74.497149935232,77.3862722679522,78.702552622727,..,80.3165790075685,78.9400248844352,81.3796346128751,83.726068200404
Pakistan,PAK,"School enrollment, secondary (% gross)",SE.SEC.ENRR,29.2962900661933,29.7271460529531,30.6300201416016,31.544819132504,32.6573427323505,34.6741466548496,35.8643246680809,35.3224248744451,37.1466063259079,38.7511552822907,..,40.2578898404389,40.4177656413012,42.2911451386891,48.2805022055997
Pakistan,PAK,Urban population (% of total population),SP.URB.TOTL.IN.ZS,34.997,35.202,35.408,35.613,35.819,36.026,36.234,36.442,36.666,36.907,37.165,37.44,37.731,38.04,38.365
Pakistan,PAK,Trade (% of GDP),NE.TRD.GNFS.ZS,31.9890020462315,32.3626382751438,31.3189732760076,30.8902743401844,29.4698256903998,26.6881860172247,24.7015780480573,25.472035002344,27.6260570796337,28.9055769867032,26.7162807328814,27.0304204125548,33.031353478032,28.6025773980658,27.4780864831866
Pakistan,PAK,Gross fixed capital formation (% of GDP),NE.GDI.FTOT.ZS,14.2515524270965,12.9216275195959,13.4589869382737,13.2723804457987,13.1975542099835,14.1009305452715,14.2311450167729,14.6228910849517,15.3582908414203,13.7896449690024,13.1055399943358,12.8246921502849,13.8505425943333,12.3139825358492,11.2259906578704
Pakistan,PAK,"Unemployment, total (% of total labor force) (modeled ILO estimate)",SL.UEM.TOTL.ZS,0.653,0.796,3.667,2.954,1.827,3.566,2.285,3.215,4.083,4.83,6.127,6.338,5.485,5.408,5.472
Palau,PLW,GDP growth (annual %),NY.GDP.MKTP.KD.ZG,-0.895895860102129,5.11828022513072,1.25341241673473,-3.03622688101693,4.7699994328551,8.19997983012814,-0.43998926755151,-3.26001845520757,0.110008339571394,0.200015068654793,-5.99943392532354,-13.7938932190606,-1.31842716655024,1.87703198392599,..
Palau,PLW,GDP per capita (current US$),NY.GDP.PCAP.CD,10229.0878451837,11000.879522071,12145.3644807205,12768.9086582049,13726.0231442281,15690.759707372,16762.5723436534,16034.1342914889,16197.7265072415,15841.1956399595,14556.5872302158,13257.2063206433,14392.2011374514,15899.4246065324,..
Palau,PLW,"Population, total",SP.POP.TOTL,18396,18078,17765,17648,17715,17770,17797,17812,17814,17798,17792,17783,17759,17727,17695
Palau,PLW,"Government expenditure on education, total (% of GDP)",SE.XPD.TOTL.GD.ZS,..,..,..,..,..,..,..,..,..,..,3.47118076238812,3.94417105804533,3.57620133415525,3.52595777106229,..
Palau,PLW,Current health expenditure (% of GDP),SH.XPD.CHEX.GD.ZS,10.93099976,9.9432106,10.24609089,10.92691708,10.66757393,9.76325321,10.01226997,10.90419006,11.06327057,12.14718533,13.33730412,14.62713623,14.28555965,..,..
Palau,PLW,Access to electricity (% of population),EG.ELC.ACCS.ZS,98.8,98.9,97.6,99.2,99.8,99.5,100,100,100,100,100,100,100,100,..
Palau,PLW,Individuals using the Internet (% of population),IT.NET.USER.ZS,..,..,..,..,..,..,..,..,..,..,..,..,..,..,..
Palau,PLW,"Life expectancy at birth, total (years)",SP.DYN.LE00.IN,68.347,68.638,68.863,68.981,69.062,69.07,69.046,69.019,68.989,68.982,68.689,68.563,68.922,69.269,..
Palau,PLW,"School enrollment, primary (% gross)",SE.PRM.ENRR,..,..,..,116.396896362305,112.723518371582,..,..,..,..,..,105.470909118652,108.989547729492,92.0141342756184,100.718907260963,..
Palau,PLW,"School enrollment, secondary (% gross)",SE.SEC.ENRR,..,..,..,106.158729553223,108.378378378378,..,..,..,..,..,160.800003051758,102.280830383301,89.0526315789474,97.286012526096,..
Palau,PLW,Urban population (% of total population),SP.URB.TOTL.IN.ZS,74.817,75.511,76.194,76.862,77.517,78.159,78.775,79.365,79.93,80.47,80.988,81.483,81.956,82.408,82.839
Palau,PLW,Trade (% of GDP),NE.TRD.GNFS.ZS,138.962918953332,144.713408848522,145.342283919719,139.010551344002,141.171467758419,131.231224769102,127.407327951033,127.92324929972,116.887515105895,115.048648372571,107.241569970825,80.7298234719488,87.7375620669108,..,..
Palau,PLW,Gross fixed capital formation (% of GDP),NE.GDI.FTOT.ZS,28.6059786060052,32.9591263609755,30.3637241706618,25.7751978404735,33.6716476836934,31.5875775755959,30.6918496196243,33.3330182072829,28.5474809415335,34.3160782232916,42.7049146147276,35.9974362987688,36.6456813245845,..,..
Palau,PLW,"Unemployment, total (% of total labor force) (modeled ILO estimate)",SL.UEM.TOTL.ZS,..,..,..,..,..,..,..,..,..,..,..,..,..,..,..
Panama,PAN,GDP growth (annual %),NY.GDP.MKTP.KD.ZG,6.07339353106087,11.9088772249531,9.62729346439019,6.32435388662846,4.62581375565551,5.26691719595516,4.57196707937275,5.7440594635578,3.91819807389903,3.10306788630359,-17.8212299695008,16.4671249191559,10.769665870619,7.39930155626219,2.86166663523247
Panama,PAN,GDP per capita (current US$),NY.GDP.PCAP.CD,8331.46421351868,9662.29592216607,11064.8063606203,12273.3225037637,13213.1989637473,14082.6548502728,14832.3611608191,15694.6297454295,16151.3273478476,16477.9066285687,13290.5608347594,15509.8069109784,17332.4360742988,18686.4050961265,19102.8521936399
Panama,PAN,"Population, total",SP.POP.TOTL,3628535,3693505,3759256,3825329,3892101,3960035,4029086,4098707,4167860,4234700,4293261,4345405,4400773,4458759,4515577
Panama,PAN,"Government expenditure on education, total (% of GDP)",SE.XPD.TOTL.GD.ZS,..,3.07034993171692,..,..,3.08107995986939,3.26552009582519,3.32278990745544,3.37834000587463,3.4524199962616,3.28122011579173,4.30487012863159,3.71198010444641,3.37781000137329,2.47225999832153,..
Panama,PAN,Current health expenditure (% of GDP),SH.XPD.CHEX.GD.ZS,7.22332573,6.83196259,6.50450659,6.52210426,6.91532087,6.93698502,7.09378099,7.16492653,7.60132933,8.13541794,10.21630001,9.13571072,8.46561432,..,..
Panama,PAN,Access to electricity (% of population),EG.ELC.ACCS.ZS,86.9,88.6,89.3,89.1,90.8,91.6,92.4,93.7,93.8,93.9,95.3,95.3,95,97,..
Panama,PAN,Individuals using the Internet (% of population),IT.NET.USER.ZS,40.1,42.7,40.3019,44.03,44.9238,51.2054,54,59.9506,61.8055,63.6284,70.0097,77.031,77.7041,68.5485,..
Panama,PAN,"Life expectancy at birth, total (years)",SP.DYN.LE00.IN,76.417,76.659,76.877,77.129,77.365,77.583,77.772,77.901,78.266,78.514,76.33,77.004,79.324,79.594,..
Panama,PAN,"School enrollment, primary (% gross)",SE.PRM.ENRR,105.504772050038,104.523012045042,103.146450660238,102.088016559889,99.132606826684,96.205074799494,93.4375028559417,94.7657015347774,..,93.3286426450155,95.2048771264878,100.88841591996,101.563230633345,95.2033935877376,..
Panama,PAN,"School enrollment, secondary (% gross)",SE.SEC.ENRR,71.9136975816467,71.7412201114851,..,76.4041290283203,76.0406265258789,76.5946807861328,82.601448059082,76.5998992919922,..,..,..,..,..,..,..
Panama,PAN,Urban population (% of total population),SP.URB.TOTL.IN.ZS,65.14,65.437,65.741,66.052,66.371,66.696,67.027,67.365,67.709,68.059,68.414,68.775,69.141,69.512,69.888
Panama,PAN,Trade (% of GDP),NE.TRD.GNFS.ZS,145.44871880643,158.208395346813,153.208620367102,133.071568935782,114.970604927053,96.5791573428957,84.3959718738111,84.0475372402933,86.1309615112445,80.4286505649569,68.700423510603,80.1334635232887,93.687178754867,89.5330683837851,..
Panama,PAN,Gross fixed capital formation (% of GDP),NE.GDI.FTOT.ZS,29.1485155333632,30.57015299846,34.8561739088913,38.7143270002906,40.2042466520413,39.2359687966997,38.3159879193637,39.3362734959631,38.6745568148557,37.0465789995542,23.6652206907006,27.4342663073547,29.6894829990735,32.2790185775176,..
Panama,PAN,"Unemployment, total (% of total labor force) (modeled ILO estimate)",SL.UEM.TOTL.ZS,5.845,4.03,3.691,3.674,4.391,4.335,4.717,5.338,5.161,6.256,14.663,10.177,8.086,6.544,6.518
Papua New Guinea,PNG,GDP growth (annual %),NY.GDP.MKTP.KD.ZG,10.1284540720232,1.10754362619616,4.65711959686239,3.82494632800675,13.5437706216546,6.57835632304275,5.48957315278187,3.53461081750459,-0.279252284959952,4.48051456942582,-3.16743204434815,-0.511353418578196,5.70758404238197,3.81088622906051,4.09502900203009
Papua New Guinea,PNG,GDP per capita (current US$),NY.GDP.PCAP.CD,1866.86889851208,2288.37591141234,2635.0873631547,2560.77458976327,2723.17529825196,2484.5963398603,2316.39479758492,2477.76530986323,2566.36833735041,2575.77274140393,2429.61134585269,2607.57861874444,3102.28968594061,2966.06830432055,3076.48786186584
Papua New Guinea,PNG,"Population, total",SP.POP.TOTL,7633523,7859346,8081390,8302698,8523441,8743246,8961718,9178714,9394513,9609010,9815746,10012896,10203169,10389635,10576502
Papua New Guinea,PNG,"Government expenditure on education, total (% of GDP)",SE.XPD.TOTL.GD.ZS,..,..,..,..,..,1.62515691017505,0.853806396301458,1.96493005752563,1.8748300075531,0.761761143914634,0.898018542083257,0.713984905932403,0.643376920751815,0.782122804685732,..
Papua New Guinea,PNG,Current health expenditure (% of GDP),SH.XPD.CHEX.GD.ZS,2.10756016,2.29397798,2.66693544,2.99727893,3.27119064,1.81881714,2.33063054,2.22970986,2.30051899,2.3253386,2.30193973,2.33994722,2.61825109,..,..
Papua New Guinea,PNG,Access to electricity (% of population),EG.ELC.ACCS.ZS,19.5,17.3,17.5,17.8,18.1,18.4,13.5,19.2,16.6,23.6,20.5,20.9,19,20.5,..
Papua New Guinea,PNG,Individuals using the Internet (% of population),IT.NET.USER.ZS,1.28,2,3.5,5.1,6.5,7.9,9.60154,11.2092,..,19.9783,24.3969,23.2437,23.7315,24.0667,..
Papua New Guinea,PNG,"Life expectancy at birth, total (years)",SP.DYN.LE00.IN,63.056,63.382,63.639,63.927,64.198,64.473,64.7,64.923,65.114,65.331,65.075,64.358,65.274,66.134,..
Papua New Guinea,PNG,"School enrollment, primary (% gross)",SE.PRM.ENRR,..,..,100.860790212899,..,101.784196531861,..,104.505056068347,..,110.133799712778,105.318008718042,102.053543720153,101.941113862706,111.086149294969,121.090488343548,..
Papua New Guinea,PNG,"School enrollment, secondary (% gross)",SE.SEC.ENRR,..,..,37.0596555013801,..,..,..,..,..,44.5501121213216,46.2668456486691,44.5528199220061,45.848952374731,..,52.0929750873194,..
Papua New Guinea,PNG,Urban population (% of total population),SP.URB.TOTL.IN.ZS,13.019,13,12.982,12.978,12.988,13.012,13.05,13.102,13.169,13.25,13.345,13.456,13.582,13.723,13.88
Papua New Guinea,PNG,Trade (% of GDP),NE.TRD.GNFS.ZS,..,..,..,..,..,..,..,..,..,..,..,..,..,..,..
Papua New Guinea,PNG,Gross fixed capital formation (% of GDP),NE.GDI.FTOT.ZS,..,..,..,..,..,..,..,..,..,..,..,..,..,..,..
Papua New Guinea,PNG,"Unemployment, total (% of total labor force) (modeled ILO estimate)",SL.UEM.TOTL.ZS,2.002,2.62,2.631,2.692,2.536,2.503,2.472,2.569,2.635,2.634,2.883,3.003,2.689,2.661,2.741
Paraguay,PRY,GDP growth (annual %),NY.GDP.MKTP.KD.ZG,11.0952312685521,4.28637120702282,-0.708043112316886,8.29307648940471,5.30123859237025,2.95715173487106,4.26802583314583,4.81007885554041,3.20425034076639,-0.40185510068001,-0.819785390971916,4.01673731780312,0.176038366124061,4.99922791130152,4.24996010464042
Paraguay,PRY,GDP per capita (current US$),NY.GDP.PCAP.CD,4750.96273669322,5805.40154543044,5642.1699167298,6435.68342733182,6652.25478942291,5879.33792308671,5775.1596339946,6152.26711537703,6258.44991640954,5821.18199548637,5365.47220721191,5976.9317978996,6205.6259537937,6299.99026533643,6416.09709002917
Paraguay,PRY,"Population, total",SP.POP.TOTL,5737971,5814626,5897008,5982445,6069811,6159103,6249126,6338660,6427382,6515058,6603739,6684182,6760464,6844146,6929153
Paraguay,PRY,"Government expenditure on education, total (% of GDP)",SE.XPD.TOTL.GD.ZS,2.7707200050354,3.69282007217407,3.668790102005,2.67871193892232,2.59655894629063,3.33377822870463,3.4349799156189,3.09062070242279,3.2961960606943,3.48983027194334,3.93615007400513,3.41070008277893,3.39619994163513,3.40649008750915,..
Paraguay,PRY,Current health expenditure (% of GDP),SH.XPD.CHEX.GD.ZS,5.46593952,5.82225847,6.53144598,6.0642848,6.62719059,6.69165802,6.67556572,6.60902548,6.74497652,7.16081905,7.67533064,8.03277016,7.73804235,..,..
Paraguay,PRY,Access to electricity (% of population),EG.ELC.ACCS.ZS,97.4,98.2,97.8,99,99,99.3,98.4,99.3,99.6,99.7,99.7,100,100,99.8,..
Paraguay,PRY,Individuals using the Internet (% of population),IT.NET.USER.ZS,19.8,24.7635,29.34,36.9,43.0074,49.7163,53.4041,61.0758,64.9935,68.5176,73.9575,77.0184,76.2592,78.0948,81.5781
Paraguay,PRY,"Life expectancy at birth, total (years)",SP.DYN.LE00.IN,72.551,72.787,73.105,73.292,73.415,73.454,73.487,73.45,73.627,73.668,72.72,68.108,72.319,73.844,..
Paraguay,PRY,"School enrollment, primary (% gross)",SE.PRM.ENRR,112.199429171095,111.292626449933,115.087921142578,..,..,..,100.612358093262,..,..,..,90.8342908567893,92.5220031738281,91.0286415669387,90.3532686843589,89.4386417386793
Paraguay,PRY,"School enrollment, secondary (% gross)",SE.SEC.ENRR,73.1651100594436,75.882698059082,82.8002090454102,..,..,..,81.8651046483746,..,..,..,85.6669309236136,84.787987118923,82.3071472143291,79.7518585422984,79.1305613911018
Paraguay,PRY,Urban population (% of total population),SP.URB.TOTL.IN.ZS,59.261,59.584,59.907,60.197,60.474,60.75,61.026,61.3,61.585,61.879,62.183,62.496,62.818,63.149,63.489
Paraguay,PRY,Trade (% of GDP),NE.TRD.GNFS.ZS,81.2575233746727,78.4921238489348,74.7649574560794,73.3698713841075,69.0837249631346,66.9150655259573,67.7593152322047,71.0801344038377,72.069223625915,71.2221617342433,62.7602174748561,69.7422730211357,73.7379050218533,82.4052107741817,76.831156543053
Paraguay,PRY,Gross fixed capital formation (% of GDP),NE.GDI.FTOT.ZS,21.2916134287591,20.9477801569244,19.5360145115748,19.0570473119825,19.7774625315709,19.3997932117768,19.0796183746804,19.1922400182425,19.9488227837572,18.7092695745639,19.882431642243,22.9347908381488,22.1197175470103,20.6420379522628,20.9667292353564
Paraguay,PRY,"Unemployment, total (% of total labor force) (modeled ILO estimate)",SL.UEM.TOTL.ZS,4.569,4.67,4.085,4.385,5.034,4.556,5.255,6.138,6.217,6.595,7.548,7.311,6.755,5.794,6.093
Peru,PER,GDP growth (annual %),NY.GDP.MKTP.KD.ZG,8.33245910749577,6.32719240161117,6.13972470560435,5.85251821084928,2.38215737180541,3.25224477218451,3.95331871520767,2.51883544233135,3.969351341365,2.24063176875049,-10.9333065010382,13.3626240903125,2.8090335533015,-0.403242151494268,3.30394098171516
Peru,PER,GDP per capita (current US$),NY.GDP.PCAP.CD,5072.11494019615,5861.35793645245,6519.37852981527,6746.80025696601,6667.13410360861,6231.71150338894,6217.03599995447,6736.16693725487,6978.49121548627,7037.00803692604,6133.32552410183,6826.20255614477,7350.63034300417,7887.54185920108,8452.37167047598
Peru,PER,"Population, total",SP.POP.TOTL,29086019,29304086,29550366,29817919,30115826,30457600,30866494,31324637,31897584,32449303,32838579,33155882,33475438,33845617,34217848
Peru,PER,"Government expenditure on education, total (% of GDP)",SE.XPD.TOTL.GD.ZS,2.86730003356934,2.6635000705719,2.92276000976562,3.29729008674622,3.69599008560181,3.96933007240295,3.81316995620727,3.93130993843079,3.71392011642456,3.822429895401,4.25937986373901,3.92721009254456,3.83315992355347,4.23516988754272,..
Peru,PER,Current health expenditure (% of GDP),SH.XPD.CHEX.GD.ZS,4.71338701,4.53380108,4.7344017,4.72346115,4.93103409,4.92147398,4.91142178,4.82783127,5.09981441,5.1381588,6.36273861,6.67921352,6.0930872,..,..
Peru,PER,Access to electricity (% of population),EG.ELC.ACCS.ZS,88.1,89.7,91.1,92.1,92.9,93.9,94.2,94.8,95.2,95.6,96.2,95.6,96.2,96.2,..
Peru,PER,Individuals using the Internet (% of population),IT.NET.USER.ZS,34.77,36.01,38.2,39.2,40.2447,40.8526,45.4617,50.4504,55.0543,59.9505,65.2518,71.1078,74.675,79.4848,81.9571
Peru,PER,"Life expectancy at birth, total (years)",SP.DYN.LE00.IN,72.886,73.327,73.979,74.591,75.26,75.732,75.951,75.958,76.018,76.275,73.832,71.596,76.834,77.74,..
Peru,PER,"School enrollment, primary (% gross)",SE.PRM.ENRR,112.186592102051,109.572143554688,103.61678314209,105.152191162109,102.949859619141,102.787979125977,104.087951660156,102.807487487793,104.412582397461,108.469970703125,113.065826416016,113.829208374023,114.349319458008,113.900588989258,..
Peru,PER,"School enrollment, secondary (% gross)",SE.SEC.ENRR,96.13037109375,97.5231475830078,96.4381103515625,101.583869934082,99.8733825683594,100.251571655273,102.150123596191,101.044578552246,99.8580093383789,99.5297164916992,100.138702392578,101.589141845703,103.591468811035,111.395393371582,..
Peru,PER,Urban population (% of total population),SP.URB.TOTL.IN.ZS,76.43,76.617,76.804,76.989,77.173,77.357,77.539,77.72,77.907,78.099,78.297,78.5,78.708,78.922,79.139
Peru,PER,Trade (% of GDP),NE.TRD.GNFS.ZS,51.6728089370033,55.9882802838607,52.6198952632294,49.7871424471444,46.8531210912899,45.1627686891148,45.3888411964154,47.5135503619971,48.631470171736,46.9435053754409,44.245967197744,55.427249365522,57.2969759649721,50.7851842068664,51.4758878678142
Peru,PER,Gross fixed capital formation (% of GDP),NE.GDI.FTOT.ZS,23.5133786325771,23.3485326044448,25.0445259194971,25.3007969740008,24.5405155067793,23.0885681385006,21.4469450397426,20.607596923788,20.9232518849407,20.9715689568285,19.9414702059197,23.0905598549895,23.2810854227906,21.1939202378916,20.7786009174445
Peru,PER,"Unemployment, total (% of total labor force) (modeled ILO estimate)",SL.UEM.TOTL.ZS,3.6,3.477,3.238,3.575,3.208,3.272,3.741,3.691,3.492,3.379,7.179,5.097,3.85,4.899,4.828
Philippines,PHL,GDP growth (annual %),NY.GDP.MKTP.KD.ZG,7.33449996034538,3.85823282795663,6.89695171050985,6.75053130142255,6.34798748260867,6.34830971672761,7.14945675000752,6.9309883258402,6.34148557153473,6.11852566221303,-9.51829474045297,5.71473313185116,7.58098212785563,5.51894967862863,5.69201612823412
Philippines,PHL,GDP per capita (current US$),NY.GDP.PCAP.CD,2162.91375885614,2383.91892522087,2614.61644401308,2781.27957677397,2866.83803761407,2909.85818010301,2985.19564024046,3038.12124959289,3168.51036609727,3400.78949767074,3227.57910235199,3484.38593882819,3548.06930572116,3804.08274131097,3984.8315387656
Philippines,PHL,"Population, total",SP.POP.TOTL,96337125,98248614,100175512,102076336,103767130,105312992,106735719,108119693,109465287,110804683,112081264,113100950,113964338,114891199,115843670
Philippines,PHL,"Government expenditure on education, total (% of GDP)",SE.XPD.TOTL.GD.ZS,..,..,..,..,2.66454238129968,2.83052303785203,3.30128109042443,3.96384087403915,3.85502760745456,3.40748649142134,3.85829051308063,3.87249754784633,3.57960089528426,3.6236863467978,3.92501087473821
Philippines,PHL,Current health expenditure (% of GDP),SH.XPD.CHEX.GD.ZS,4.13107872,4.02518559,4.17709208,4.27408695,3.70313668,3.8982749,3.95484328,3.96042776,3.9538188,4.16646004,5.16214037,5.97500563,5.15676308,5.10629606,..
Philippines,PHL,Access to electricity (% of population),EG.ELC.ACCS.ZS,85.5,87.2,87.1,87.5,89.8,89.1,92,93,94.2,95.3,96.4,97.5,94.8,98,..
Philippines,PHL,Individuals using the Internet (% of population),IT.NET.USER.ZS,25,29,30.8,32.7,34.7,36.9,39.2,41.6,44.1,43.0266,53.7649,66.9078,75.2111,83.7661,..
Philippines,PHL,"Life expectancy at birth, total (years)",SP.DYN.LE00.IN,68.883,69.096,69.237,69.283,69.311,69.45,69.49,69.966,69.761,69.68,70.097,66.675,69.472,69.833,..
Philippines,PHL,"School enrollment, primary (% gross)",SE.PRM.ENRR,..,..,..,..,104.629987793486,103.408354699272,101.721937186986,99.3666730080757,94.5541345217085,93.0076871274695,93.2822386485839,88.8345145801337,90.6131438325611,92.4462107015215,94.0330906383194
Philippines,PHL,"School enrollment, secondary (% gross)",SE.SEC.ENRR,..,..,..,..,81.5640314318642,82.0085254812081,82.7837574272484,80.9227600097656,79.3622469757001,85.3821865979599,87.9419879481158,85.8666475631511,92.291271176651,91.5493424610693,85.2945085684493
Philippines,PHL,Urban population (% of total population),SP.URB.TOTL.IN.ZS,45.332,45.522,45.712,45.903,46.093,46.284,46.475,46.682,46.907,47.149,47.408,47.684,47.977,48.287,48.614
Philippines,PHL,Trade (% of GDP),NE.TRD.GNFS.ZS,66.1042785137797,60.7958366999075,57.8420055133082,55.8247812320298,57.4681720875945,59.1415921053094,61.7760657653871,68.1683697426727,72.1633982990273,68.8418422595678,58.1695603022281,63.4846098136712,72.4296836107599,67.4199693173966,65.8854725286968
Philippines,PHL,Gross fixed capital formation (% of GDP),NE.GDI.FTOT.ZS,20.4021361731953,18.9666386616273,19.9300649509853,20.7830144026363,20.8621733408651,22.2316433811431,24.9966239249849,25.6429281897957,27.2832990018419,27.1551252131171,21.3022620640381,22.2792795935159,23.3459667681696,23.6345055805271,23.5705070697968
Philippines,PHL,"Unemployment, total (% of total labor force) (modeled ILO estimate)",SL.UEM.TOTL.ZS,3.605,3.592,3.504,3.497,3.6,3.068,2.695,2.552,2.338,2.237,2.522,3.398,2.598,2.222,2.153
Poland,POL,GDP growth (annual %),NY.GDP.MKTP.KD.ZG,3.16892748258036,5.25546256612796,1.51178167644575,0.684240607051805,3.92050862390032,4.43176700264478,3.03117767594847,5.15245773325907,6.2458584723942,4.58045817256199,-2.03556882399977,6.92718266052501,5.25545697386036,0.249610834017872,2.9233880806669
Poland,POL,GDP per capita (current US$),NY.GDP.PCAP.CD,12567.7317676382,13867.6669408192,13087.420943321,13621.9023794031,14262.2841914116,12637.5220324406,12464.0121044827,13913.3415190124,15658.210586693,15874.5220531254,16150.9291009726,18635.5088812509,18891.213529396,22145.2643088909,25022.6716445953
Poland,POL,"Population, total",SP.POP.TOTL,38042794,38063255,38063164,38040196,38011735,37986412,37970087,37974826,37974750,37965475,37515748,36981559,36821749,36687353,36554707
Poland,POL,"Government expenditure on education, total (% of GDP)",SE.XPD.TOTL.GD.ZS,5.08126020431519,4.82903003692627,4.83311986923218,4.99780988693237,4.93859004974365,4.78747987747192,4.62726020812988,4.54247999191284,4.55985021591187,4.62736988067627,4.80081987380981,4.61998987197876,4.31372976303101,..,..
Poland,POL,Current health expenditure (% of GDP),SH.XPD.CHEX.GD.ZS,6.46800566,6.28671598,6.2652421,6.48017406,6.42679548,6.40416241,6.59210491,6.58342791,6.3129096,6.46008492,6.49677992,6.43857718,6.39626455,7.00451565,..
Poland,POL,Access to electricity (% of population),EG.ELC.ACCS.ZS,100,100,100,100,100,100,100,100,100,100,100,100,100,100,..
Poland,POL,Individuals using the Internet (% of population),IT.NET.USER.ZS,62.32,61.95,62.31,62.8492,66.5987,67.997,73.3007,75.9854,77.5417,80.4359,83.1849,85.3749,86.9411,86.4147,88.585
Poland,POL,"Life expectancy at birth, total (years)",SP.DYN.LE00.IN,76.2463414634146,76.6951219512195,76.7463414634146,77,77.6024390243903,77.4512195121951,77.8512195121951,77.7536585365854,77.6024390243903,77.9048780487805,76.4,75.3512195121951,77.1560975609756,78.5073170731707,..
Poland,POL,"School enrollment, primary (% gross)",SE.PRM.ENRR,98.6196365356445,99.2583465576172,100.680816650391,100.073501586914,99.5637130737305,..,..,97.6803283691406,94.4897613525391,94.9449615478516,82.211540222168,96.6018218994141,100.594268798828,105.397079467773,..
Poland,POL,"School enrollment, secondary (% gross)",SE.SEC.ENRR,100.207778930664,100.617851257324,100.56485748291,111.516960144043,110.031021118164,109.41478729248,109.117248535156,109.45922088623,110.541938781738,109.753303527832,112.576263427734,110.52970123291,108.48217010498,108.386131286621,..
Poland,POL,Urban population (% of total population),SP.URB.TOTL.IN.ZS,60.892,60.78,60.654,60.529,60.403,60.278,60.178,60.105,60.058,60.037,60.043,60.075,60.134,60.218,60.33
Poland,POL,Trade (% of GDP),NE.TRD.GNFS.ZS,82.2258523219922,86.9236892837618,88.8299033066583,90.4175072415629,92.0340197113178,92.2554272741942,96.8659028060623,100.56589524628,102.442462168005,101.581033817373,99.2590912303436,110.874283021945,123.021332860345,110.024935041815,100.650141381651
Poland,POL,Gross fixed capital formation (% of GDP),NE.GDI.FTOT.ZS,19.610376998578,20.3980983864419,19.4237357928102,18.8010145515116,19.9847969664101,20.2410635932191,18.3470170850393,17.4740439375091,18.7557477298941,19.1456176918134,18.3974922436708,16.9279336078133,16.4361707273812,17.9012869831235,16.8851655824111
Poland,POL,"Unemployment, total (% of total labor force) (modeled ILO estimate)",SL.UEM.TOTL.ZS,9.578,9.576,10.031,10.293,8.971,7.475,6.141,4.867,3.835,3.267,3.155,3.268,2.811,2.743,2.472
Portugal,PRT,GDP growth (annual %),NY.GDP.MKTP.KD.ZG,1.73762452780146,-1.71352745071583,-4.05090265617167,-0.984106569072424,0.741391416844507,1.58979802880627,2.00414128646489,3.31472056420827,2.946282440074,2.74568479564236,-8.20463201239903,5.55875771556673,6.9858417811997,2.61312854351023,1.92844406043977
Portugal,PRT,GDP per capita (current US$),NY.GDP.PCAP.CD,22551.935098809,23246.5425416481,20593.4274224109,21676.4859642714,22120.6850127107,19215.7813014347,19980.2808866516,21442.3842768879,23541.1401075289,23343.3628970034,22299.4044062173,24711.4510062111,24620.519556875,27386.2920595024,28844.4979246799
Portugal,PRT,"Population, total",SP.POP.TOTL,10573100,10557560,10514844,10457295,10401062,10358076,10325452,10300300,10283822,10286263,10297081,10361831,10434332,10578174,10701636
Portugal,PRT,"Government expenditure on education, total (% of GDP)",SE.XPD.TOTL.GD.ZS,5.40498018264771,5.11688995361328,4.94226980209351,5.2652997970581,5.12006998062134,4.8942699432373,..,5.02685022354126,4.67940998077393,4.62753009796143,4.86408996582031,4.77342987060547,4.55159997940063,..,..
Portugal,PRT,Current health expenditure (% of GDP),SH.XPD.CHEX.GD.ZS,10.03250504,9.73071671,9.65393257,9.40486622,9.3428812,9.31645775,9.39439487,9.30583763,9.4126482,9.51379871,10.54770088,11.1236763,10.46883011,10.00331116,..
Portugal,PRT,Access to electricity (% of population),EG.ELC.ACCS.ZS,100,100,100,100,100,100,100,100,100,100,100,100,100,100,..
Portugal,PRT,Individuals using the Internet (% of population),IT.NET.USER.ZS,53.3,55.25,60.34,62.0956,64.5924,68.6329,70.4236,73.7912,74.661,75.3464,78.2617,82.309,84.4969,85.7901,88.487
Portugal,PRT,"Life expectancy at birth, total (years)",SP.DYN.LE00.IN,79.0268292682927,80.4707317073171,80.3731707317073,80.7219512195122,81.1219512195122,81.1243902439025,81.1243902439025,81.4243902439025,81.3243902439024,81.6756097560976,81.3292682926829,81.3780487804878,81.6317073170732,82.2804878048781,..
Portugal,PRT,"School enrollment, primary (% gross)",SE.PRM.ENRR,109.77262878418,109.651611328125,108.395370483398,109.373641967773,107.813301086426,106.229377746582,105.035911560059,104.209732055664,104.378570556641,104.897682189941,105.753471374512,105.672172546387,108.103523254395,110.98851776123,..
Portugal,PRT,"School enrollment, secondary (% gross)",SE.SEC.ENRR,107.523330688477,108.864181518555,110.253372192383,118.932960510254,114.901290893555,116.804588317871,115.488418579102,117.235328674316,118.28833770752,119.519371032715,118.68286895752,118.984870910645,120.926139831543,120.347076416016,..
Portugal,PRT,Urban population (% of total population),SP.URB.TOTL.IN.ZS,60.567,61.167,61.763,62.352,62.936,63.514,64.086,64.652,65.211,65.764,66.31,66.849,67.381,67.906,68.423
Portugal,PRT,Trade (% of GDP),NE.TRD.GNFS.ZS,67.6892401927983,73.0075756700531,75.9411067187813,78.0305056874282,80.220669072079,80.6346756266443,79.5223464844001,84.8077923069539,86.7356954918399,86.7709889083586,76.5086407209215,85.8735452148975,101.364147310434,93.8637906963574,91.1410312778576
Portugal,PRT,Gross fixed capital formation (% of GDP),NE.GDI.FTOT.ZS,20.648039322463,18.4841132585209,15.8781657037328,14.8309176782448,15.1107479627964,15.6540732098538,15.7267272276065,17.085659362742,17.8287896047353,18.4328254718014,19.4962993707914,20.5029780421601,20.5732414804565,20.0735702589053,19.8213432208482
Portugal,PRT,"Unemployment, total (% of total labor force) (modeled ILO estimate)",SL.UEM.TOTL.ZS,10.771,12.682,15.531,16.188,13.897,12.447,11.068,8.869,6.994,6.464,6.801,6.577,6.011,6.509,6.384
Puerto Rico (US),PRI,GDP growth (annual %),NY.GDP.MKTP.KD.ZG,-0.413254119172365,-0.358510636850312,0.0292751500944064,-0.306826666941774,-1.19036347346942,-1.04929003238674,-1.26369434781117,-2.88521838398481,-4.36142703162535,1.67546379498209,-4.1808743093346,0.385222719529239,2.95709565499587,0.498101252480708,3.22670542229149
Puerto Rico (US),PRI,GDP per capita (current US$),NY.GDP.PCAP.CD,26414.8810634548,27170.0766543278,27742.024476618,28212.0499737431,28576.0988023209,29242.041465085,29978.0889268918,30328.4871132804,30679.9181934488,31830.5284993358,31427.1130762831,32619.0704601174,35353.6821570014,36948.4036416846,39285.0174585856
Puerto Rico (US),PRI,"Population, total",SP.POP.TOTL,3724465,3693464,3661045,3631427,3585017,3535167,3480432,3410837,3290690,3302691,3281590,3262711,3220137,3203792,3203295
Puerto Rico (US),PRI,"Government expenditure on education, total (% of GDP)",SE.XPD.TOTL.GD.ZS,..,..,..,6.48108005523682,6.07265996932983,3.34032241682023,2.78358429967595,2.72538873126429,2.60388715714737,3.32791002069889,4.28663184360846,3.7296700261025,3.86129930773508,4.26898753959873,4.27101949674789
Puerto Rico (US),PRI,Current health expenditure (% of GDP),SH.XPD.CHEX.GD.ZS,..,..,..,..,..,..,..,..,..,..,..,..,..,..,..
Puerto Rico (US),PRI,Access to electricity (% of population),EG.ELC.ACCS.ZS,100,100,100,100,100,100,100,100,100,100,100,100,100,100,..
Puerto Rico (US),PRI,Individuals using the Internet (% of population),IT.NET.USER.ZS,45.3,48,69,69,76.1339,63.4663,68.6438,68.7408,70.8564,77.7364,..,84.7867,87.2918,..,..
Puerto Rico (US),PRI,"Life expectancy at birth, total (years)",SP.DYN.LE00.IN,78.717,78.766,79.258,80.318,80.039,80.677,80.355,79.07,81.086,81.438,80.009,79.77,79.427,81.69,..
Puerto Rico (US),PRI,"School enrollment, primary (% gross)",SE.PRM.ENRR,99.1731872558594,92.7918167114258,95.8943328857422,97.8782806396484,99.8299865722656,100.338363647461,94.4198226928711,..,95.0853271484375,..,..,..,..,88.0846710205078,87.9278775085621
Puerto Rico (US),PRI,"School enrollment, secondary (% gross)",SE.SEC.ENRR,87.0993194580078,84.0764465332031,86.5407180786133,89.4305877685547,91.3355865478516,99.0586395263672,86.821891784668,..,88.8774795532227,..,..,..,..,110.409713745117,81.4824139700154
Puerto Rico (US),PRI,Urban population (% of total population),SP.URB.TOTL.IN.ZS,93.825,93.773,93.726,93.686,93.651,93.624,93.602,93.587,93.578,93.576,93.581,93.592,93.61,93.634,93.664
Puerto Rico (US),PRI,Trade (% of GDP),NE.TRD.GNFS.ZS,104.153228306599,108.558400106824,103.311186552821,104.89224011713,102.385456504805,108.880634192821,110.274045470098,113.131620598072,106.001103428056,107.571456836722,103.509617389163,96.746302146268,98.2586651698776,101.75510031679,94.7752529968254
Puerto Rico (US),PRI,Gross fixed capital formation (% of GDP),NE.GDI.FTOT.ZS,9.06523902408283,9.57143725517355,10.1965444721006,9.44138604197169,8.81568595296245,8.51681491262436,7.95913614289123,7.98110882050133,15.4720621723269,15.3106165530257,10.3814666603317,12.4968757810547,13.4861217616785,14.0016895459345,14.5552937623916
Puerto Rico (US),PRI,"Unemployment, total (% of total labor force) (modeled ILO estimate)",SL.UEM.TOTL.ZS,16.1,15.7,14.5,14.3,13.9,12,11.8,10.8,9.2,8.3,8.89,7.9,6,5.725,5.472
Qatar,QAT,GDP growth (annual %),NY.GDP.MKTP.KD.ZG,19.5923315337859,13.3751764107929,4.73001184360784,5.55604064306607,5.33432329196459,4.75334572438737,3.06419188430156,-1.49760470227838,1.23487220191065,0.688240954592672,-3.5576039896784,1.62684671918775,4.18500970982862,1.18715991623776,2.76841433597697
Qatar,QAT,GDP per capita (current US$),NY.GDP.PCAP.CD,77387.3267885308,103261.506539346,108470.378825036,103697.008372373,95840.6310094498,68985.2946961507,61253.6375482797,63279.8556949332,71039.8490579352,66841.3013484919,51683.5054376677,71751.8831257169,88701.463352273,80195.8746508549,76275.9076782833
Qatar,QAT,"Population, total",SP.POP.TOTL,1616832,1624761,1722438,1916426,2151745,2344557,2477113,2545820,2580734,2638657,2794148,2504910,2657333,2656032,2857822
Qatar,QAT,"Government expenditure on education, total (% of GDP)",SE.XPD.TOTL.GD.ZS,4.53965997695923,4.01223993301392,3.50744009017944,4.07384014129639,3.60535001754761,..,..,2.96745991706848,..,2.80378007888794,3.2336699962616,..,..,..,..
Qatar,QAT,Current health expenditure (% of GDP),SH.XPD.CHEX.GD.ZS,1.87017763,1.599962,1.74822152,2.07620168,2.42293572,3.63581347,3.54971433,3.21237087,2.96176219,3.18468714,3.81872201,2.8927927,2.18112326,..,..
Qatar,QAT,Access to electricity (% of population),EG.ELC.ACCS.ZS,100,100,100,100,100,100,100,100,100,100,100,100,100,100,..
Qatar,QAT,Individuals using the Internet (% of population),IT.NET.USER.ZS,69,69,69.3,85.3,91.49,92.8848,95.1247,97.3888,99.6528,99.6528,99.6528,99.6528,99.6528,99.6528,..
Qatar,QAT,"Life expectancy at birth, total (years)",SP.DYN.LE00.IN,79.444,79.994,80.499,80.974,81.395,81.785,82.147,82.458,82.714,82.945,80.409,81.083,81.857,82.368,..
Qatar,QAT,"School enrollment, primary (% gross)",SE.PRM.ENRR,103.012957458666,99.263245898213,102.537557878561,100.070843605656,97.9827742520399,101.073259958727,103.68811714668,106.121974267646,107.083429224986,102.273940498665,100.984972771335,89.5694061041452,94.1971279001544,..,..
Qatar,QAT,"School enrollment, secondary (% gross)",SE.SEC.ENRR,98.150178716375,96.4676867591291,98.6139808267348,97.3663778760953,97.8845311253665,101.946830749512,97.44147524298,101.989694099425,102.1549014004,105.162567508393,105.869328366077,95.6694483531864,102.968360766419,..,..
Qatar,QAT,Urban population (% of total population),SP.URB.TOTL.IN.ZS,98.501,98.602,98.697,98.785,98.868,98.945,99.015,99.078,99.135,99.188,99.235,99.278,99.318,99.354,99.387
Qatar,QAT,Trade (% of GDP),NE.TRD.GNFS.ZS,86.070289953093,98.7216386905895,105.746294425841,102.383208106327,99.0343747414317,93.7076041736357,89.5476001199351,91.4945879195194,91.838448978201,90.0463755485388,90.0190948833102,92.7791585715125,100.213647199618,..,..
Qatar,QAT,Gross fixed capital formation (% of GDP),NE.GDI.FTOT.ZS,..,..,..,..,..,..,..,..,..,..,..,..,..,..,..
Qatar,QAT,"Unemployment, total (% of total labor force) (modeled ILO estimate)",SL.UEM.TOTL.ZS,0.45,0.56,0.48,0.28,0.2,0.17,0.15,0.14,0.11,0.1,0.14,0.14,0.13,0.13,0.126
Romania,ROU,GDP growth (annual %),NY.GDP.MKTP.KD.ZG,-3.90581157302972,4.49558909946313,1.90361696799603,0.278771877470234,4.11600109267832,3.1570360543854,2.85993252302089,8.19547826641261,6.120930007146,3.92326384963494,-3.67438440910189,5.5457096259051,3.96530766311717,2.40427177912809,0.81368720348209
Romania,ROU,GDP per capita (current US$),NY.GDP.PCAP.CD,8399.5374234284,9560.6755277458,8929.95366231474,9497.67411615237,10031.7710755404,8977.01748158196,9404.54005870715,10727.9822007426,12502.2624061935,12992.0326104674,13082.3006559554,14986.7854904274,15557.8826247584,18404.2730871704,20072.4079244042
Romania,ROU,"Population, total",SP.POP.TOTL,20246871,20147528,20058035,19983693,19908979,19815616,19702267,19588715,19473970,19371648,19265250,19122059,19048502,19059479,19069340
Romania,ROU,"Government expenditure on education, total (% of GDP)",SE.XPD.TOTL.GD.ZS,3.41647005081177,2.91359996795654,2.8234601020813,3.06785011291504,3.12494993209839,3.10693001747131,3.0255401134491,3.11819005012512,3.31710004806519,3.55761003494263,3.57969999313354,3.31561994552612,3.2788200378418,..,..
Romania,ROU,Current health expenditure (% of GDP),SH.XPD.CHEX.GD.ZS,5.63998747,4.47528124,4.50899887,5.22432709,5.02789736,4.94295502,5.08021355,5.1887908,5.51800871,5.7142148,6.22618055,6.46980715,5.7490139,..,..
Romania,ROU,Access to electricity (% of population),EG.ELC.ACCS.ZS,97.1,97.4,97.8,98.1,98.4,98.8,99.1,100,99.8,100,100,100,100,100,..
Romania,ROU,Individuals using the Internet (% of population),IT.NET.USER.ZS,39.93,40.01,45.88,49.7645,54.0783,55.7632,59.504,63.7473,70.6813,73.6575,78.4553,83.5904,85.5031,89.2034,91.2905
Romania,ROU,"Life expectancy at birth, total (years)",SP.DYN.LE00.IN,73.4585365853659,74.409756097561,74.4121951219512,75.0634146341463,74.909756097561,74.9121951219512,75.209756097561,75.209756097561,75.3585365853659,75.6073170731707,74.2536585365854,72.809756097561,75.1536585365854,76.6073170731707,..
Romania,ROU,"School enrollment, primary (% gross)",SE.PRM.ENRR,99.9739990234375,98.3790512084961,96.2415466308594,..,..,89.0534133911133,87.5895919799805,87.2723999023438,91.3751220703125,92.6139984130859,91.9047393798828,90.7731704711914,84.8812789916992,84.946662902832,..
Romania,ROU,"School enrollment, secondary (% gross)",SE.SEC.ENRR,102.467903137207,100.735900878906,97.4503707885742,95.6988983154297,93.5339965820312,91.3377075195312,88.7795104980469,88.3843231201172,86.5577163696289,86.4074096679688,86.416877746582,86.1970901489258,83.0334701538086,81.6316070556641,..
Romania,ROU,Urban population (% of total population),SP.URB.TOTL.IN.ZS,53.829,53.96,53.974,53.937,53.9,53.887,53.9,53.936,53.998,54.084,54.194,54.329,54.489,54.672,54.88
Romania,ROU,Trade (% of GDP),NE.TRD.GNFS.ZS,69.9549354932718,76.271356441629,76.5943239913672,81.3976131747183,83.3751429575201,83.5205767017155,85.8925282906884,87.1560645667801,86.4911990211536,84.3677121619338,77.923643460062,86.6133494279219,93.6215624887545,83.0900673956751,77.2918515027171
Romania,ROU,Gross fixed capital formation (% of GDP),NE.GDI.FTOT.ZS,25.6712631661725,26.7682443996015,27.0083273946994,24.4051301861521,24.6126580007624,24.9221877637539,23.0378667704786,22.8776875524148,21.0648497181763,23.1114883470534,23.3304918507289,24.3741595967675,25.0362229659218,26.9786058929771,25.6635462705236
Romania,ROU,"Unemployment, total (% of total labor force) (modeled ILO estimate)",SL.UEM.TOTL.ZS,6.959,7.177,6.794,7.096,6.802,6.812,5.901,4.927,4.187,3.912,5.035,5.59,5.614,5.589,5.379
Russian Federation,RUS,GDP growth (annual %),NY.GDP.MKTP.KD.ZG,4.49999999920672,4.30002918567749,4.02408615746921,1.75542214874298,0.736267221765672,-1.97271922580408,0.193690071260534,1.82579006401834,2.80724541059601,2.19807571335009,-2.65365450102773,5.86649177292595,-1.43588213859842,4.08252481259281,4.34437475491529
Russian Federation,RUS,GDP per capita (current US$),NY.GDP.PCAP.CD,10674.990234375,14305.33203125,15401.8515625,15941.4482421875,14055.47265625,9277.7138671875,8663.158203125,10658.9130859375,11211.8876953125,11447.701171875,10108.3271484375,12425.029296875,15619.6142578125,14159.3876953125,14889.0185546875
Russian Federation,RUS,"Population, total",SP.POP.TOTL,142849468,143018195,143378447,143805638,144237223,144640716,145015460,145293260,145398106,145453291,145245148,144746762,144236933,143826130,143533851
Russian Federation,RUS,"Government expenditure on education, total (% of GDP)",SE.XPD.TOTL.GD.ZS,4.08974230526824,3.71261270253186,3.79310011863708,3.76382994651794,4.01387977600098,3.83402991294861,3.76044011116028,4.68990993499756,4.67819976806641,3.69561429198336,4.01641864383637,3.99480697864774,4.05402755323777,4.16454853394225,..
Russian Federation,RUS,Current health expenditure (% of GDP),SH.XPD.CHEX.GD.ZS,4.97111797,4.79491472,4.93637609,5.08104897,5.18209648,5.29604387,5.28970242,5.35889816,5.35520792,5.64849091,8.04076004,6.97584295,6.91986275,..,..
Russian Federation,RUS,Access to electricity (% of population),EG.ELC.ACCS.ZS,99.3,99.2,100,100,100,95.5,99.4,100,100,99.8,99.9,100,100,100,..
Russian Federation,RUS,Individuals using the Internet (% of population),IT.NET.USER.ZS,49,58,66,67.97,70.5176,70.0992,73.0914,76.0081,80.8647,82.6422,84.9947,88.2138,90.418,92.245,94.365
Russian Federation,RUS,"Life expectancy at birth, total (years)",SP.DYN.LE00.IN,68.8412195121951,69.6839024390244,70.0721951219512,70.5787804878049,70.7436585365854,71.1834146341463,71.6512195121951,72.4514634146342,72.6621951219512,73.0839024390244,71.3387804878049,69.900243902439,72.5456097560976,73.2546341463415,..
Russian Federation,RUS,"School enrollment, primary (% gross)",SE.PRM.ENRR,..,96.133405106655,97.262229693837,96.9484148725836,97.4962712179576,98.3827760103169,98.3341307364642,100.767602587422,102.018364437962,101.832335105065,101.731047648404,100.890349270112,100.122558846483,97.7462041476013,..
Russian Federation,RUS,"School enrollment, secondary (% gross)",SE.SEC.ENRR,..,94.5758904929741,95.5384826756866,95.9993761959632,95.6056322692131,96.3292563031308,95.8434944997854,97.5206298303399,99.1831046517789,100.471744682473,91.5812884026933,92.171155276901,92.7729443625069,92.4840470838527,..
Russian Federation,RUS,Urban population (% of total population),SP.URB.TOTL.IN.ZS,73.687,73.732,73.791,73.863,73.95,74.05,74.164,74.292,74.433,74.587,74.754,74.934,75.126,75.331,75.548
Russian Federation,RUS,Trade (% of GDP),NE.TRD.GNFS.ZS,50.3555054872589,48.0353994077919,47.1513903857957,46.287149400499,47.8013412628116,49.3593493116887,46.5181198396096,46.8765243371311,51.5809003703964,49.2287536619033,45.9669082029127,50.5861954621752,42.7827864294811,40.8343264105273,39.5081647660396
Russian Federation,RUS,Gross fixed capital formation (% of GDP),NE.GDI.FTOT.ZS,21.6253843085054,21.3216555211764,21.5611849041311,21.9401882834583,21.4171833480957,20.6115488028269,21.8812816748252,21.9821391240723,20.6544857247667,20.9023404249496,21.5599197830911,19.3152892296388,20.8474624269596,21.9994959753517,22.1329042728009
Russian Federation,RUS,"Unemployment, total (% of total labor force) (modeled ILO estimate)",SL.UEM.TOTL.ZS,7.407,6.571,5.484,5.513,5.212,5.615,5.591,5.238,4.871,4.513,5.62,4.749,3.867,3.076,2.527
Rwanda,RWA,GDP growth (annual %),NY.GDP.MKTP.KD.ZG,7.33465645006753,7.95838869847094,8.64150815836322,4.71984856978263,6.16716615166932,8.8568555974538,5.97074525431094,3.91817093628465,8.51646722592409,9.44738518613097,-3.37368746369782,10.8584320184896,8.16120720872912,8.24990302014558,8.89065529573114
Rwanda,RWA,GDP per capita (current US$),NY.GDP.PCAP.CD,593.624927744346,651.133677964662,706.8172686891,704.92421796616,724.957526109262,733.998630392314,729.519134044611,758.300966737624,771.773511057901,810.051412137354,778.701498787411,829.544845639777,975.469323979541,1027.03446804432,999.654561402699
Rwanda,RWA,"Population, total",SP.POP.TOTL,10317553,10573733,10829901,11093340,11364757,11640022,11919183,12202060,12487996,12776103,13065837,13355260,13651030,13954471,14256567
Rwanda,RWA,"Government expenditure on education, total (% of GDP)",SE.XPD.TOTL.GD.ZS,4.63126993179321,4.38346004486084,4.42103004455566,4.7421498298645,4.19644021987915,3.64711999893189,3.43483996391296,3.1247398853302,3.07375001907349,3.23821222605582,3.33309745728459,5.58984994888306,4.74623012542725,4.92004013061523,4.69134998321533
Rwanda,RWA,Current health expenditure (% of GDP),SH.XPD.CHEX.GD.ZS,8.08192921,7.93241739,8.10223293,6.77398062,6.98471594,6.65067434,6.96089125,6.3665309,6.65483093,6.26708555,7.48696899,7.30378389,7.8792119,..,..
Rwanda,RWA,Access to electricity (% of population),EG.ELC.ACCS.ZS,9.7,10.8,17.5,15.2,19.8,22.8,29.4,34.1,38,46.6,45.2,48.7,50.6,63.9,..
Rwanda,RWA,Individuals using the Internet (% of population),IT.NET.USER.ZS,8,7,8.02385,9,10.6,12.5,14.6,17.2,19.2,21.358,23.8,24.4416,31.2252,34.2005,..
Rwanda,RWA,"Life expectancy at birth, total (years)",SP.DYN.LE00.IN,62.804,63.476,64.189,64.651,65.088,65.419,65.733,66.14,66.354,66.691,66.953,66.85,67.528,67.785,..
Rwanda,RWA,"School enrollment, primary (% gross)",SE.PRM.ENRR,155.315788762649,154.129639895033,153.371821344578,123.706003554374,138.315807313314,137.243191055886,140.620022753129,139.309946965821,137.129353849659,138.020075127914,..,151.063571867834,148.752482099863,151.894816720753,149.572183149389
Rwanda,RWA,"School enrollment, secondary (% gross)",SE.SEC.ENRR,32.4029083251953,36.6210098266602,39.662769317627,30.2092864949597,41.8218654918977,39.4099042857311,38.506238583342,39.6912128982215,41.1796940634956,44.0779032495009,..,44.1820840550314,44.1547093958443,45.1251505756161,48.790277194547
Rwanda,RWA,Urban population (% of total population),SP.URB.TOTL.IN.ZS,16.934,16.938,16.943,16.947,16.967,17.004,17.056,17.125,17.211,17.313,17.432,17.568,17.721,17.892,18.081
Rwanda,RWA,Trade (% of GDP),NE.TRD.GNFS.ZS,37.2788790923351,39.71610247751,40.5408629987193,42.6934924295362,43.902733691075,45.2019756159103,49.4849071069892,53.6752674177253,55.7841263739603,57.9756628637954,55.1879515519855,54.2938318463367,61.1450795033651,64.9069041420041,69.9544135680561
Rwanda,RWA,Gross fixed capital formation (% of GDP),NE.GDI.FTOT.ZS,19.8702412861231,20.5062993645138,22.6354803172049,23.679889481248,22.6405677164575,23.9635111173265,27.1363763441333,22.7136711423585,22.964640691504,26.9124313838905,25.3305724303759,26.6231523401523,24.5654000795313,26.6636127849857,29.1132831962602
Rwanda,RWA,"Unemployment, total (% of total labor force) (modeled ILO estimate)",SL.UEM.TOTL.ZS,11.673,11.775,11.701,11.785,11.844,11.838,11.801,11.875,10.759,11.236,11.829,15.775,15.084,12.352,11.994
Samoa,WSM,GDP growth (annual %),NY.GDP.MKTP.KD.ZG,6.1247199226125,3.84907794660396,-3.73213020890266,0.107293276488932,0.659923768782861,3.8503618166494,7.9838628784713,1.40628239971301,-0.609647103380141,4.45185891688691,-3.10844401053139,-7.07883094291508,-5.30629089966979,9.20864923964689,9.42235044158694
Samoa,WSM,GDP per capita (current US$),NY.GDP.PCAP.CD,3524.2479246203,3821.50678264479,3934.60320799981,4023.5254013825,3982.68080202084,4084.36083819933,4147.07097674888,4307.59381964907,4231.81409469194,4351.94234943706,4099.6600907147,3947.64517905415,3869.46639492144,4330.17840531329,4898.77140817676
Samoa,WSM,"Population, total",SP.POP.TOTL,193023,194713,196498,198268,200037,201782,203499,205415,207582,209780,211944,213779,215261,216663,218019
Samoa,WSM,"Government expenditure on education, total (% of GDP)",SE.XPD.TOTL.GD.ZS,..,4.77426341839114,4.89170722777607,4.61486064947671,5.41392159958726,4.42452121728174,3.98114991188049,4.18871569584785,4.47214854040471,4.58404753905646,4.50316850152178,5.2162847162306,6.15978780645853,6.1096302676416,5.45616637544294
Samoa,WSM,Current health expenditure (% of GDP),SH.XPD.CHEX.GD.ZS,5.15268326,5.38357162,4.9883461,6.21823883,6.2579422,6.21438408,5.63950825,5.16346788,4.7755332,5.64748573,6.18667269,6.81255674,6.3012085,..,..
Samoa,WSM,Access to electricity (% of population),EG.ELC.ACCS.ZS,96.4,96.7,96.8,97,97.9,98.2,98.9,96.8,99.8,99.2,100,98.3,98.3,100,..
Samoa,WSM,Individuals using the Internet (% of population),IT.NET.USER.ZS,7,11,12.9225,15.3,21.2,25.407,31.7,39.4,43.1336,47.2211,51.6959,56.5947,57.3288,58.1386,..
Samoa,WSM,"Life expectancy at birth, total (years)",SP.DYN.LE00.IN,71.451,71.393,71.159,71.229,71.142,71.06,71.003,70.991,71.052,70.269,70.727,71.096,71.55,71.698,..
Samoa,WSM,"School enrollment, primary (% gross)",SE.PRM.ENRR,107.650732168777,104.303479903574,104.036920795239,..,106.647163211452,107.081187816349,107.318115040963,106.410464540724,103.775300035196,103.104626360701,101.994834813153,104.730628904914,103.30974754162,101.617020641348,101.043324329961
Samoa,WSM,"School enrollment, secondary (% gross)",SE.SEC.ENRR,84.0352967940982,82.7630728993357,82.3821348963746,..,87.4514117977902,87.5602107303153,87.3532286947715,..,..,..,..,..,..,..,..
Samoa,WSM,Urban population (% of total population),SP.URB.TOTL.IN.ZS,20.078,19.857,19.624,19.385,19.149,18.914,18.681,18.452,18.243,18.056,17.889,17.742,17.616,17.508,17.42
Samoa,WSM,Trade (% of GDP),NE.TRD.GNFS.ZS,78.5698016774915,81.600955014363,82.7339794775292,77.877751737476,80.5007740440855,74.6343550051873,75.2118174672901,74.0110807608335,78.9349684295151,83.3310795816457,77.4835999958193,60.8888856520264,64.9831803274504,90.6574805627022,83.1316628565537
Samoa,WSM,Gross fixed capital formation (% of GDP),NE.GDI.FTOT.ZS,13.2698861799845,36.5956948810845,39.3388315566307,7.09089584404757,36.2584774391252,34.8502985439871,34.6136822688802,31.1668539014097,32.2891367244676,32.622637284439,32.5787194868204,32.8041247624863,32.2360153741157,34.5198609186843,30.5204737649127
Samoa,WSM,"Unemployment, total (% of total labor force) (modeled ILO estimate)",SL.UEM.TOTL.ZS,5.621,5.68,8.752,8.773,8.72,8.9,9.062,9.4,8.639,7.838,7.435,6.612,5.048,4.977,4.551
San Marino,SMR,GDP growth (annual %),NY.GDP.MKTP.KD.ZG,-5.47368421052632,-8.3147735708983,-7.04453441295546,-0.78397212543554,-0.702370500438988,2.29150556129267,2.34440586055425,0.258265466328055,1.4939053181737,2.06568514732741,-6.64791081780602,13.8977895076234,7.89844145767604,..,..
San Marino,SMR,GDP per capita (current US$),NY.GDP.PCAP.CD,56543.1898204098,55601.3929703047,47945.8991734281,50807.8289138024,51260.4938347125,43146.8240435428,44359.4797662688,45192.0279766943,47950.6880557136,46627.0122356944,44426.6463400658,54168.9828262684,54264.570495898,..,..
San Marino,SMR,"Population, total",SP.POP.TOTL,33270,32620,33469,33041,32655,32897,33101,33825,34522,34663,34770,34252,33755,33860,33977
San Marino,SMR,"Government expenditure on education, total (% of GDP)",SE.XPD.TOTL.GD.ZS,2.62883996963501,2.70296001434326,..,3.26723534651899,3.19357628015873,3.11914279579368,3.02697977142855,3.36997008323669,3.55516004562378,3.37969994544983,3.4246199131012,3.10892009735107,2.89753007888794,..,..
San Marino,SMR,Current health expenditure (% of GDP),SH.XPD.CHEX.GD.ZS,6.20853519,8.0707283,8.98883724,8.23800278,8.30091763,8.43315315,8.4219532,8.25972271,8.2778492,8.14801598,8.48147392,7.51272249,7.40650225,..,..
San Marino,SMR,Access to electricity (% of population),EG.ELC.ACCS.ZS,100,100,100,100,100,100,100,100,100,100,100,100,100,100,..
San Marino,SMR,Individuals using the Internet (% of population),IT.NET.USER.ZS,..,49.6,..,..,..,..,..,60.1823,..,67.8507,77.95,81.67,85.0607,87.0278,..
San Marino,SMR,"Life expectancy at birth, total (years)",SP.DYN.LE00.IN,83.464,83.713,83.943,84.175,84.394,84.596,84.775,84.933,85.095,85.257,82.65,83.539,85.708,85.706,..
San Marino,SMR,"School enrollment, primary (% gross)",SE.PRM.ENRR,92.4384525205158,92.0494699646643,93.3017190278601,..,..,..,..,..,95.1260504201681,94.6193474527762,94.4051825677267,93.5735735735736,93.9375,95.1203643461288,93.5309973045822
San Marino,SMR,"School enrollment, secondary (% gross)",SE.SEC.ENRR,66.6119766235352,66.5597381591797,64.2154922485352,..,..,..,..,..,60.3284671532847,61.0058309037901,61.8604651162791,61.0071942446043,61.6779239246356,60.7940446650124,60.3746397694525
San Marino,SMR,Urban population (% of total population),SP.URB.TOTL.IN.ZS,95.74,95.961,96.171,96.37,96.559,96.739,96.91,97.072,97.226,97.368,97.499,97.62,97.732,97.836,97.932
San Marino,SMR,Trade (% of GDP),NE.TRD.GNFS.ZS,..,..,..,..,..,321.364013420909,320.146089060708,313.85032377067,309.487956436918,307.264778080283,304.903167579063,342.470174007962,370.436071813414,..,..
San Marino,SMR,Gross fixed capital formation (% of GDP),NE.GDI.FTOT.ZS,..,..,..,..,..,17.300801197096,19.0242502909688,20.3554772829686,20.3410542435634,23.4772773995299,18.9617274954335,17.5169800796756,17.7937445026298,..,..
San Marino,SMR,"Unemployment, total (% of total labor force) (modeled ILO estimate)",SL.UEM.TOTL.ZS,..,..,..,..,..,..,..,..,..,..,..,..,..,..,..
Sao Tome and Principe,STP,GDP growth (annual %),NY.GDP.MKTP.KD.ZG,1.44845522890635,1.99943210333259,2.94294277416023,5.11967735428513,4.90621048664867,1.5397042826735,5.17682468684113,4.11297966281954,4.37812808264972,2.01431672129407,2.62485949543812,1.89929891337832,0.168698492216564,0.372252775001456,0.900000598992492
Sao Tome and Principe,STP,GDP per capita (current US$),NY.GDP.PCAP.CD,1045.20958234528,1219.80189089671,1210.79264672325,1382.5757842916,1489.67633417608,1298.10946596396,1434.87018050521,1555.79477812888,1825.59971753966,1935.2931816596,2167.22001796925,2362.58827248102,2389.73729784737,2940.93352926715,3244.82899741459
Sao Tome and Principe,STP,"Population, total",SP.POP.TOTL,181802,185649,189439,193148,196767,200291,203689,206970,210187,213392,217435,221961,226305,230871,235536
Sao Tome and Principe,STP,"Government expenditure on education, total (% of GDP)",SE.XPD.TOTL.GD.ZS,9.9882698059082,8.79410245042467,6.92846012115479,6.68509006500244,4.4321699142456,4.69794988632202,6.11515998840332,5.87489986419678,5.62454986572266,6.10573891896978,5.02931173372591,5.53985041124283,5.19392101712613,5.0288576428727,..
Sao Tome and Principe,STP,Current health expenditure (% of GDP),SH.XPD.CHEX.GD.ZS,5.80827904,5.65160036,7.07299662,8.94060898,7.91452122,6.53226852,7.60211611,7.46631384,5.91960287,5.48078823,7.32044411,7.85889721,7.46419811,..,..
Sao Tome and Principe,STP,Access to electricity (% of population),EG.ELC.ACCS.ZS,61.4,62.6,57.9,65,68.6,67.3,69.4,74.3,71,75.1,76.8,78.5,78,81.3,..
Sao Tome and Principe,STP,Individuals using the Internet (% of population),IT.NET.USER.ZS,18.75,20.1612,21.5724,23,24.41,25.82,28,32.6,38,44.3,51.5547,61.5241,61.5535,61.4607,..
Sao Tome and Principe,STP,"Life expectancy at birth, total (years)",SP.DYN.LE00.IN,63.867,64.122,64.505,64.93,65.478,66.023,66.563,67.074,67.602,68.043,67.979,68.026,69.237,69.718,..
Sao Tome and Principe,STP,"School enrollment, primary (% gross)",SE.PRM.ENRR,119.253356933594,119.297409057617,111.31436920166,110.589996337891,106.902000427246,107.803779602051,108.677742004395,110.377998352051,..,..,..,..,..,..,..
Sao Tome and Principe,STP,"School enrollment, secondary (% gross)",SE.SEC.ENRR,50.2788581848145,48.8370208740234,56.3386497497559,63.3046607971191,74.2815475463867,82.4009170532227,83.8791198730469,90.4435729980469,..,..,..,..,..,..,..
Sao Tome and Principe,STP,Urban population (% of total population),SP.URB.TOTL.IN.ZS,64.952,66.064,67.16,68.208,69.213,70.174,71.092,71.968,72.803,73.598,74.354,75.073,75.755,76.401,77.014
Sao Tome and Principe,STP,Trade (% of GDP),NE.TRD.GNFS.ZS,..,..,..,..,..,..,..,..,..,..,..,..,..,..,..
Sao Tome and Principe,STP,Gross fixed capital formation (% of GDP),NE.GDI.FTOT.ZS,..,..,..,..,..,..,..,..,..,..,..,..,..,..,..
Sao Tome and Principe,STP,"Unemployment, total (% of total labor force) (modeled ILO estimate)",SL.UEM.TOTL.ZS,14.626,14.224,13.59,12.48,11.435,10.594,9.686,8.808,8.714,8.831,9.686,9.6,8.992,9.071,9.17
Saudi Arabia,SAU,GDP growth (annual %),NY.GDP.MKTP.KD.ZG,5.0395150823517,11.7588568052005,5.76150732412802,2.94569990701297,4.02464070584527,4.65512316652699,1.70407465765956,1.18207993308526,3.2269508901591,1.65156358885577,-3.80476473038999,6.51959698325419,12.0005874752929,0.542592439393161,1.80795515147298
Saudi Arabia,SAU,GDP per capita (current US$),NY.GDP.PCAP.CD,22028.3901426586,27126.7498747702,28733.4375513452,27865.465604962,27805.4850319422,23256.1549553531,22267.7217050387,23929.2907135982,29360.0658968566,29566.7933827436,24338.8307301067,31920.7653655643,38510.2276211037,36156.848337701,35057.2252306969
Saudi Arabia,SAU,"Population, total",SP.POP.TOTL,23978487,25091867,26168861,27624004,28309273,29816382,30954198,30977355,30196281,30063799,31552510,30784383,32175224,33702731,35300280
Saudi Arabia,SAU,"Government expenditure on education, total (% of GDP)",SE.XPD.TOTL.GD.ZS,..,..,..,..,..,..,..,..,..,..,..,..,..,5.11466979980469,..
Saudi Arabia,SAU,Current health expenditure (% of GDP),SH.XPD.CHEX.GD.ZS,3.64786696,3.68218112,3.98779416,4.42293453,5.15801096,5.86202717,6.24142838,6.03126049,5.34062767,5.46743679,6.64630127,5.93034029,4.62462378,..,..
Saudi Arabia,SAU,Access to electricity (% of population),EG.ELC.ACCS.ZS,100,100,100,100,100,100,99.9,100,99.9,100,100,100,100,100,..
Saudi Arabia,SAU,Individuals using the Internet (% of population),IT.NET.USER.ZS,41,47.5,54,60.5,64.7137,69.6162,74.8793,94.1756,93.31,95.7247,97.8623,100,100,100,100
Saudi Arabia,SAU,"Life expectancy at birth, total (years)",SP.DYN.LE00.IN,75.616,75.808,76.09,76.517,77.116,77.776,78.354,78.721,78.75,78.313,77.596,77.089,77.31,78.732,..
Saudi Arabia,SAU,"School enrollment, primary (% gross)",SE.PRM.ENRR,128.086135732352,128.024230557425,129.348001204547,99.3784710993113,100.7677674866,101.594836340679,103.42068748908,106.381546527147,105.80186450639,102.737519761619,103.151902576284,100.895579929087,102.13902539092,..,103.984471859469
Saudi Arabia,SAU,"School enrollment, secondary (% gross)",SE.SEC.ENRR,..,..,..,93.0168905157466,98.8496091524944,102.979200639837,105.491550199825,106.244903966787,106.376211565111,104.048257824894,104.411027399625,104.280975297041,122.158039993668,..,110.66346516974
Saudi Arabia,SAU,Urban population (% of total population),SP.URB.TOTL.IN.ZS,82.084,82.302,82.52,82.74,82.96,83.18,83.401,83.622,83.844,84.065,84.287,84.508,84.729,84.95,85.171
Saudi Arabia,SAU,Trade (% of GDP),NE.TRD.GNFS.ZS,82.5496850227537,84.3594342438995,81.74067854616,80.2515014286783,78.000111117736,67.1052692300592,57.9216635110364,59.5319791578229,59.1029104697141,56.7938204886513,47.533159225048,50.8839263398787,56.8241647749332,54.1690118283683,54.8044847186988
Saudi Arabia,SAU,Gross fixed capital formation (% of GDP),NE.GDI.FTOT.ZS,24.4308044616812,22.4138268772542,22.0777705469189,23.3990072694922,24.851346150719,29.2170838486577,25.7747413917838,24.1906100840796,21.4680002334103,22.463218551494,24.4412058127305,23.5241232039586,24.2911272320948,27.8831921276095,28.6808970213136
Saudi Arabia,SAU,"Unemployment, total (% of total labor force) (modeled ILO estimate)",SL.UEM.TOTL.ZS,5.55,5.77,5.622,5.6,5.877,5.6,5.6,5.89,6.029,5.636,7.66,6.621,5.589,4.008,3.896
Senegal,SEN,GDP growth (annual %),NY.GDP.MKTP.KD.ZG,3.39088925336209,1.33409107961258,4.00299555090457,2.41238527605579,6.22407443790986,6.36704365066983,6.35606857181878,7.4074861863013,6.20924103389086,4.61362809749708,1.3420737726679,6.54400109964304,3.85043193735768,4.2574308328029,6.89200740291385
Senegal,SEN,GDP per capita (current US$),NY.GDP.PCAP.CD,1275.88357492357,1374.67591873844,1326.83798848379,1379.83196553924,1398.89137601382,1218.00613555438,1266.43957151587,1356.80518449031,1452.55612562445,1431.18128932159,1461.08720350553,1598.10676952274,1574.0281059306,1698.03387300843,1743.98888384359
Senegal,SEN,"Population, total",SP.POP.TOTL,12635413,12958897,13310495,13710849,14152102,14593331,15034521,15475002,15914498,16352922,16789219,17220867,17651103,18077573,18501984
Senegal,SEN,"Government expenditure on education, total (% of GDP)",SE.XPD.TOTL.GD.ZS,0.544770002365112,4.90302991867065,4.77698993682861,5.68656015396118,5.72907018661499,5.4563798904419,5.11309003829956,4.74007987976074,5.11019992828369,5.03527021408081,5.6869797706604,5.61201000213623,5.98753976821899,6.16277045366329,..
Senegal,SEN,Current health expenditure (% of GDP),SH.XPD.CHEX.GD.ZS,4.02764368,4.21416712,4.26688004,4.38573599,4.38962269,4.37789631,4.25606871,4.16359377,4.43182087,4.49531031,5.15119171,4.44256258,4.06358385,..,..
Senegal,SEN,Access to electricity (% of population),EG.ELC.ACCS.ZS,56.5,56.5,56.5,57,61,60.5,64.5,61.7,66,70.4,64.3,68,67.9,74.2,..
Senegal,SEN,Individuals using the Internet (% of population),IT.NET.USER.ZS,8,9.8,10.8,13.1,17.7,21.7,25.6648,29.6431,35.3,43.4,53.3088,57.2554,59.2246,60.6122,..
Senegal,SEN,"Life expectancy at birth, total (years)",SP.DYN.LE00.IN,64.221,64.799,65.229,65.638,66.001,66.451,66.724,67.059,67.379,67.668,67.496,66.868,67.788,68.683,..
Senegal,SEN,"School enrollment, primary (% gross)",SE.PRM.ENRR,83.8549053927634,86.5724487304688,86.4115600585938,82.6985436490722,83.6844563893552,84.8970794677734,..,..,..,83.2568728212779,84.9031291477371,84.0612276417736,84.2733198273584,85.4523658596434,85.3279669566335
Senegal,SEN,"School enrollment, secondary (% gross)",SE.SEC.ENRR,37.1267013549805,42.6368983156004,46.4158677062967,49.0776594909389,50.546931380439,50.5380516052246,..,..,..,44.4624552560012,44.7866297761573,45.1726204964815,45.3756792066535,44.0673682244069,..
Senegal,SEN,Urban population (% of total population),SP.URB.TOTL.IN.ZS,43.773,44.188,44.603,45.019,45.436,45.862,46.296,46.74,47.192,47.653,48.122,48.6,49.086,49.579,50.08
Senegal,SEN,Trade (% of GDP),NE.TRD.GNFS.ZS,52.4578551962948,57.5768785989578,61.9753040040375,60.6267663596737,58.4425289760992,58.1103376742017,54.1081692072139,57.7052798455617,61.7898394793183,64.2362506061005,60.0468716137065,69.3759939883832,79.5998216515832,71.3942870327216,71.1988886117514
Senegal,SEN,Gross fixed capital formation (% of GDP),NE.GDI.FTOT.ZS,18.5165937108428,21.016036842452,20.7024327245936,22.1689175500657,23.4796505671231,23.0173333396773,23.9281241214968,25.8256617810862,28.3218108284288,29.6563562180026,30.4531772551564,33.9687017708203,34.7070819982062,35.3851662555736,32.0675195646861
Senegal,SEN,"Unemployment, total (% of total labor force) (modeled ILO estimate)",SL.UEM.TOTL.ZS,2.803,2.853,3.888,4.986,5.841,6.757,4.455,4.078,3.455,2.863,3.437,3.44,2.837,2.8,2.992
Serbia,SRB,GDP growth (annual %),NY.GDP.MKTP.KD.ZG,1.61097266144839,0.0542724785839397,-0.443956029497713,0.451578762944706,-1.80427024822048,1.29573851189748,2.97519779211943,2.36339378690924,4.64935035491007,4.75020793899014,-0.950023991851594,7.94905650472278,2.63098644408841,3.84747112784942,3.87801279597191
Serbia,SRB,GDP per capita (current US$),NY.GDP.PCAP.CD,5970.92660940072,7082.2861666075,6263.04086072815,7040.41812068781,6886.67809068704,5820.3215576888,5982.37030126471,6548.03653824187,7559.86165747394,7755.632986437,8098.70955668849,9680.52798074468,10022.9688543402,12281.5058488303,13523.7246826854
Serbia,SRB,"Population, total",SP.POP.TOTL,7291436,7236519,7201497,7166553,7131787,7095383,7058322,7020858,6982604,6945235,6899126,6834326,6664449,6623183,6587202
Serbia,SRB,"Government expenditure on education, total (% of GDP)",SE.XPD.TOTL.GD.ZS,..,4.0735502243042,..,..,..,..,3.50274991989136,3.56539011001587,3.43663001060486,3.45865988731384,..,3.14615988731384,3.08255004882812,3.40377998352051,..
Serbia,SRB,Current health expenditure (% of GDP),SH.XPD.CHEX.GD.ZS,9.5273037,9.11380386,9.32820415,9.31232452,9.2459898,8.8132,8.45890999,8.22039318,8.53168106,8.66552734,8.70042229,10.00950623,9.65742779,..,..
Serbia,SRB,Access to electricity (% of population),EG.ELC.ACCS.ZS,99.7,99.7,99.8,99.9,99.7,99.9,99.9,100,100,99.8,100,100,100,100,..
Serbia,SRB,Individuals using the Internet (% of population),IT.NET.USER.ZS,40.9,42.2,48.1,53.4504,62.0751,65.317,67.0568,70.3308,73.3607,77.4168,78.368,81.1659,83.5383,85.3575,87.6907
Serbia,SRB,"Life expectancy at birth, total (years)",SP.DYN.LE00.IN,74.3365853658537,74.5365853658537,74.8365853658537,75.1853658536585,75.3365853658537,75.2878048780488,75.6878048780488,75.5390243902439,75.890243902439,75.9365853658537,74.4780487804878,72.780487804878,75.2365853658537,76.2209756097561,..
Serbia,SRB,"School enrollment, primary (% gross)",SE.PRM.ENRR,95.8957595825195,101.493446350098,100.571311950684,100.895538330078,101.131156921387,101.342918395996,100.571273803711,100.312927246094,100.301933288574,99.6447067260742,97.7058486938477,96.8112564086914,96.6279678344727,..,..
Serbia,SRB,"School enrollment, secondary (% gross)",SE.SEC.ENRR,91.4276275634766,93.6310501098633,94.1696166992188,94.4092102050781,94.3444137573242,96.6696090698242,96.234733581543,95.4950866699219,95.0872421264648,94.4721908569336,92.2411727905273,92.3795013427734,91.9540023803711,..,..
Serbia,SRB,Urban population (% of total population),SP.URB.TOTL.IN.ZS,54.993,55.215,55.356,55.469,55.583,55.696,55.81,55.942,56.092,56.26,56.446,56.651,56.873,57.113,57.371
Serbia,SRB,Trade (% of GDP),NE.TRD.GNFS.ZS,73.7088615865295,75.7493613069523,82.0766814348254,84.3322563766638,88.3815023270446,93.5281477663237,97.6906940431804,102.740445166934,105.563713028559,107.577309546092,100.324460810129,112.342298324945,131.93764235858,114.493948658228,111.460958412347
Serbia,SRB,Gross fixed capital formation (% of GDP),NE.GDI.FTOT.ZS,17.5450937651917,17.3249042888346,19.9488493046734,16.3735582258297,15.8714091473802,16.8018814009636,16.9932725263997,17.7771152801229,19.9497037988206,22.2768602015312,21.4496502483732,23.0512890463903,23.9161193763271,23.3729462507465,23.6262573689482
Serbia,SRB,"Unemployment, total (% of total labor force) (modeled ILO estimate)",SL.UEM.TOTL.ZS,19.204,22.959,24,22.154,19.223,17.66,15.257,13.477,12.733,10.395,9.011,9.843,8.439,8.268,7.39
Seychelles,SYC,GDP growth (annual %),NY.GDP.MKTP.KD.ZG,4.50513204312067,9.5097833517957,3.1106784939243,1.25373496242949,4.0636918123521,8.9140088750469,12.1175272453913,6.95416218794271,4.93947272254312,5.5142920737342,-11.7398608281732,0.552281631207279,12.7104688902836,2.25925322283285,3.46568066415341
Seychelles,SYC,GDP per capita (current US$),NY.GDP.PCAP.CD,10934.79494629,12110.0937461973,12337.1554669388,14821.2921476077,15188.1902175113,15333.1051727105,16566.9946042294,17480.3651911372,18440.2340460932,19141.5118743615,14041.4754074575,14982.9111487767,16836.6721895387,18262.7115849287,17858.8226383978
Seychelles,SYC,"Population, total",SP.POP.TOTL,89770,87441,88303,89949,91359,93419,94677,95843,96762,97625,98462,99258,119878,119773,121354
Seychelles,SYC,"Government expenditure on education, total (% of GDP)",SE.XPD.TOTL.GD.ZS,..,3.62995004653931,2.54216003417969,3.61840009689331,3.95247006416321,4.91460990905762,4.0213098526001,3.34617325657655,3.59446940668662,3.5588555711461,4.18704837049316,4.86547351368626,3.65858904774836,4.45409960547034,..
Seychelles,SYC,Current health expenditure (% of GDP),SH.XPD.CHEX.GD.ZS,5.35168219,5.33887625,6.26212692,4.97011757,4.76223993,4.30914021,4.71349716,4.47661018,4.56915951,4.35729456,6.03121805,5.20266438,4.2375164,..,..
Seychelles,SYC,Access to electricity (% of population),EG.ELC.ACCS.ZS,97,98.1,98.3,98,100,100,100,100,100,100,100,100,100,100,..
Seychelles,SYC,Individuals using the Internet (% of population),IT.NET.USER.ZS,41,43.164,47.076,50.4,51.2547,54.2596,56.5147,62.6,69.2,76.6,84.8223,87.3383,87.0353,87.4009,..
Seychelles,SYC,"Life expectancy at birth, total (years)",SP.DYN.LE00.IN,73.1975609756098,72.7243902439024,74.2756097560976,73.119512195122,73.2292682926829,74.2951219512195,74.309756097561,74.3,72.8414634146341,74.0463414634146,77.2365853658537,73.3975609756097,73.7024390243903,74.9585365853659,..
Seychelles,SYC,"School enrollment, primary (% gross)",SE.PRM.ENRR,111.253689208264,111.588809034908,113.471570161711,113.371637503265,118.250134192163,119.9411921946,126.219170403587,132.235879426397,123.720432981425,119.315869786368,114.153661464586,109.626103111937,97.7654776547765,97.1359174172655,93.3800582885742
Seychelles,SYC,"School enrollment, secondary (% gross)",SE.SEC.ENRR,70.6972427368164,74.46608040201,72.6763229370117,84.6974263853466,89.3980343980344,92.0911695105244,101.712798026857,112.311212814645,108.274060095805,100.825877494838,102.18818380744,102.952278242114,76.8818747010999,74.2514404458298,70.824577331543
Seychelles,SYC,Urban population (% of total population),SP.URB.TOTL.IN.ZS,53.336,53.72,54.12,54.537,54.969,55.4,55.831,56.261,56.691,57.119,57.546,57.972,58.396,58.82,59.242
Seychelles,SYC,Trade (% of GDP),NE.TRD.GNFS.ZS,198.162692424328,210.075382747992,222.178254853141,196.517733268793,213.354469426486,187.475012467679,180.866188390939,197.442236417869,185.7075372109,173.407846880196,153.48333156592,183.77081501466,189.826835436591,180.82726250166,188.369185297411
Seychelles,SYC,Gross fixed capital formation (% of GDP),NE.GDI.FTOT.ZS,37.0314238165867,34.816249355555,37.7299203495349,38.5669057079413,29.0548988749451,26.8795153716518,25.1347394249892,24.5351766928824,21.9869866164983,22.0855945287218,21.3213198960022,16.4677161262206,18.0729742622698,20.5743415497622,17.169290907803
Seychelles,SYC,"Unemployment, total (% of total labor force) (modeled ILO estimate)",SL.UEM.TOTL.ZS,..,..,..,..,..,..,..,..,..,..,..,..,..,..,..
Sierra Leone,SLE,GDP growth (annual %),NY.GDP.MKTP.KD.ZG,6.35566595800495,8.10065518714917,10.578331663387,14.6633238075229,-7.81501512457241,-4.36333262093788,6.43743652764257,3.20786087715987,2.8938564123677,5.50270937378153,-1.2533490322766,5.8968527047094,5.3135546141915,5.7100218981806,4.00000002570113
Sierra Leone,SLE,GDP per capita (current US$),NY.GDP.PCAP.CD,685.039673490948,761.146365577281,937.504428180231,1117.47183075115,1117.7586465721,964.575980888989,844.416411175476,779.186007841728,845.914540460932,844.049555179116,845.982914284565,886.192939104469,860.774590932595,757.848680560444,873.388575182318
Sierra Leone,SLE,"Population, total",SP.POP.TOTL,6222714,6387251,6551080,6714051,6876385,7037655,7205328,7379299,7554563,7731991,7912558,8094602,8276807,8460512,8642022
Sierra Leone,SLE,"Government expenditure on education, total (% of GDP)",SE.XPD.TOTL.GD.ZS,1.65470004081726,1.71206998825073,1.84204995632172,1.52128994464874,1.7022500038147,3.21786273563993,1.86107003688812,2.97943997383118,4.46809005737305,4.65362977981567,5.35125017166138,5.59958982467651,4.91130018234253,2.62455277942046,..
Sierra Leone,SLE,Current health expenditure (% of GDP),SH.XPD.CHEX.GD.ZS,9.12688351,10.76753807,8.94355106,11.59017754,19.69004631,19.65816307,15.78850651,9.3997612,8.28987598,9.12992668,9.32588673,8.55334377,7.94752312,..,..
Sierra Leone,SLE,Access to electricity (% of population),EG.ELC.ACCS.ZS,11.5,14.2,17.2,13.5,18.8,19.7,20.3,23.4,26.1,22.7,26.3,27.5,29.4,35.5,..
Sierra Leone,SLE,Individuals using the Internet (% of population),IT.NET.USER.ZS,0.58,0.9,2.5,4,6.0573,6.34442,11.7732,13.2369,14.4223,15.7137,17.1208,18.6539,19.2287,20.635,..
Sierra Leone,SLE,"Life expectancy at birth, total (years)",SP.DYN.LE00.IN,51.927,52.594,53.159,54.051,54.281,55.454,56.937,57.761,59.059,59.593,59.694,60.26,61.275,61.786,..
Sierra Leone,SLE,"School enrollment, primary (% gross)",SE.PRM.ENRR,..,114.580513591833,117.716124289972,119.788073464671,..,120.700737828928,123.03165757627,126.863918148513,114.58023823864,145.617495471991,142.792124647639,157.709757576001,163.173554667055,159.416853770084,162.123997594776
Sierra Leone,SLE,"School enrollment, secondary (% gross)",SE.SEC.ENRR,..,40.4235687255859,44.5522918701172,39.2237892150879,..,39.8463706970215,42.1386795043945,41.5312194824219,43.119270324707,61.1980781555176,62.5606803894043,73.4251403808594,..,86.9079513549805,..
Sierra Leone,SLE,Urban population (% of total population),SP.URB.TOTL.IN.ZS,38.856,39.248,39.642,40.036,40.432,40.829,41.228,41.636,42.055,42.484,42.923,43.372,43.831,44.3,44.779
Sierra Leone,SLE,Trade (% of GDP),NE.TRD.GNFS.ZS,27.9541259241389,43.7807969332619,53.3813447139398,53.3627646114117,51.1187772788807,36.4823958242319,43.0672126969961,41.5213782343591,37.3774603119412,37.5469541133796,30.5875766269584,42.1056362726289,45.0330918170265,55.8696881550025,64.4777968992352
Sierra Leone,SLE,Gross fixed capital formation (% of GDP),NE.GDI.FTOT.ZS,34.2329697821293,46.3315709602933,29.2017427211432,17.4626810057996,15.7638262887875,17.8284163457472,17.4249472909029,18.8979192279547,15.3862423615544,17.3900444826053,15.5016359389335,16.2654187210155,18.6609672131529,19.8142149232367,29.4956120348238
Sierra Leone,SLE,"Unemployment, total (% of total labor force) (modeled ILO estimate)",SL.UEM.TOTL.ZS,4.413,4.54,4.552,4.538,4.678,4.606,4.294,3.834,3.192,3.203,3.508,3.556,3.175,3.153,3.126
Singapore,SGP,GDP growth (annual %),NY.GDP.MKTP.KD.ZG,14.5197497108994,6.21493416858989,4.43549759378537,4.81763099120676,3.93554027709007,2.97679931634806,3.74757848792792,4.47689915845876,3.4519759658687,1.30804118153127,-3.81470885510713,9.7568044629903,4.10800021897151,1.82140694115385,4.38802362461865
Singapore,SGP,GDP per capita (current US$),NY.GDP.PCAP.CD,47236.683084953,53891.4570264372,55547.5553077786,56967.4257940383,57564.8023114977,55645.6068614606,57005.5887176547,61236.251270627,66881.6067035265,65952.0378959293,61410.0792630788,80056.1288247844,90299.0694637269,85412.230345235,90674.066632628
Singapore,SGP,"Population, total",SP.POP.TOTL,5076732,5183688,5312437,5399162,5469724,5535002,5607283,5612253,5638676,5703569,5685807,5453566,5637022,5917648,6036860
Singapore,SGP,"Government expenditure on education, total (% of GDP)",SE.XPD.TOTL.GD.ZS,3.08044004440308,3.03077006340027,3.07085990905762,2.85435009002686,3.01358665503678,2.99161870509909,2.94466258946576,2.87916382421742,2.85660004615784,2.72951006889343,2.6869900226593,2.82470989227295,2.48891997337341,2.14826011657715,2.19099857819757
Singapore,SGP,Current health expenditure (% of GDP),SH.XPD.CHEX.GD.ZS,3.1982615,3.1539185,3.32392788,3.68225336,3.87132597,4.18061399,4.35019255,4.31881618,4.01883841,4.35299158,5.61608791,5.16690779,4.89702511,..,..
Singapore,SGP,Access to electricity (% of population),EG.ELC.ACCS.ZS,100,100,100,100,100,100,100,100,100,100,100,100,100,100,..
Singapore,SGP,Individuals using the Internet (% of population),IT.NET.USER.ZS,71,71,72,80.9021,79.0292,79.013,84.4523,84.4523,88.1656,88.9493,92.0043,96.9247,95.9539,94.2852,94.3776
Singapore,SGP,"Life expectancy at birth, total (years)",SP.DYN.LE00.IN,81.5414634146342,81.7439024390244,81.9951219512195,82.2463414634147,82.4951219512195,82.7439024390244,82.8463414634146,83.0951219512195,83.2975609756098,83.5951219512195,83.5439024390244,83.0926829268293,82.8951219512195,82.8951219512195,..
Singapore,SGP,"School enrollment, primary (% gross)",SE.PRM.ENRR,..,..,..,..,..,..,100.773205741627,100.626953870432,100.261866636903,100.692578354355,100.53590938338,99.8746450408043,99.5780376637324,100.245139192048,..
Singapore,SGP,"School enrollment, secondary (% gross)",SE.SEC.ENRR,..,..,..,..,..,..,107.745868589242,107.472873863465,105.745250914262,104.621987875083,103.115839213946,102.951274385922,103.009804103267,103.082801906213,..
Singapore,SGP,Urban population (% of total population),SP.URB.TOTL.IN.ZS,100,100,100,100,100,100,100,100,100,100,100,100,100,100,100
Singapore,SGP,Trade (% of GDP),NE.TRD.GNFS.ZS,369.685555787646,379.098631377539,369.212965787665,367.041780049019,360.467319166237,329.471398940262,302.839656046574,316.794409287568,326.59658728675,324.394985115301,332.040805481913,329.161383683762,332.34956775484,325.69322405378,322.371427934716
Singapore,SGP,Gross fixed capital formation (% of GDP),NE.GDI.FTOT.ZS,25.5697212154501,25.2649146379052,26.4299882989556,27.5482155936688,28.128209222307,27.2222708971503,25.9412060018166,25.2084180122047,22.3921980072749,22.8859362004145,20.9935137666401,22.1246635641343,20.7545790541891,22.3944746293397,21.8964992293927
Singapore,SGP,"Unemployment, total (% of total labor force) (modeled ILO estimate)",SL.UEM.TOTL.ZS,4.12,3.89,3.72,3.86,3.74,3.79,4.08,4.2,3.613,3.1,4.1,4.64,3.591,3.444,3.182
Sint Maarten (Dutch part),SXM,GDP growth (annual %),NY.GDP.MKTP.KD.ZG,3.19999269219366,4.60000341415395,1.39054456773131,1.30673103459678,1.58038221539113,0.105813149997005,0.96775836306881,-7.53521399882428,-6.85698299227944,10.9650009352392,-13.3167887221567,4.57759677933345,9.80000111145777,3.8,3.49999999999999
Sint Maarten (Dutch part),SXM,GDP per capita (current US$),NY.GDP.PCAP.CD,26403.8143692163,27317.5178881974,28149.0997855041,28529.7324687053,37134.912423099,37839.6283815163,37308.6147795736,34701.3058494468,31708.3110124742,34861.469528968,30150.8998380477,32548.4366854902,36476.6300833859,38077.5444869761,40027.9175992113
Sint Maarten (Dutch part),SXM,"Population, total",SP.POP.TOTL,33794,34267,35023,35854,36672,37471,38249,38996,39712,40385,41008,41571,42139,42749,43350
Sint Maarten (Dutch part),SXM,"Government expenditure on education, total (% of GDP)",SE.XPD.TOTL.GD.ZS,..,..,4.61834872782909,..,3.06759489680727,..,..,..,..,..,..,..,4.27420508508285,3.92363832601723,..
Sint Maarten (Dutch part),SXM,Current health expenditure (% of GDP),SH.XPD.CHEX.GD.ZS,..,..,..,..,..,..,..,..,..,..,..,..,..,..,..
Sint Maarten (Dutch part),SXM,Access to electricity (% of population),EG.ELC.ACCS.ZS,100,100,100,100,100,100,100,100,100,100,100,100,100,100,..
Sint Maarten (Dutch part),SXM,Individuals using the Internet (% of population),IT.NET.USER.ZS,..,..,..,..,..,..,..,..,..,..,..,..,..,..,..
Sint Maarten (Dutch part),SXM,"Life expectancy at birth, total (years)",SP.DYN.LE00.IN,74.821,74.868,75.125,75.391,75.735,75.899,75.952,75.455,75.693,75.68,75.002,74.505,76.18,76.371,..
Sint Maarten (Dutch part),SXM,"School enrollment, primary (% gross)",SE.PRM.ENRR,..,..,116.358325219085,..,122.771285475793,..,..,..,..,..,..,..,..,135.070755004883,..
Sint Maarten (Dutch part),SXM,"School enrollment, secondary (% gross)",SE.SEC.ENRR,..,..,118.293650793651,..,111.371100164204,..,..,..,..,..,..,..,..,..,..
Sint Maarten (Dutch part),SXM,Urban population (% of total population),SP.URB.TOTL.IN.ZS,100,100,100,100,100,100,100,100,100,100,100,100,100,100,100
Sint Maarten (Dutch part),SXM,Trade (% of GDP),NE.TRD.GNFS.ZS,..,..,..,..,..,..,..,..,..,..,..,..,..,..,..
Sint Maarten (Dutch part),SXM,Gross fixed capital formation (% of GDP),NE.GDI.FTOT.ZS,..,..,..,..,..,..,..,..,..,..,..,..,..,..,..
Sint Maarten (Dutch part),SXM,"Unemployment, total (% of total labor force) (modeled ILO estimate)",SL.UEM.TOTL.ZS,..,..,..,..,..,..,..,..,..,..,..,..,..,..,..
Slovak Republic,SVK,GDP growth (annual %),NY.GDP.MKTP.KD.ZG,6.79058159142423,2.56242473215553,1.56917104702706,0.703323545247201,2.70795151449488,5.17687909722133,1.94781841524558,2.87473327453695,4.06211981896483,2.27589910019393,-2.58551241733207,5.6995926329251,0.437359508569173,2.16814911569574,2.06167771773576
Slovak Republic,SVK,GDP per capita (current US$),NY.GDP.PCAP.CD,16899.448680529,18469.4354316836,17516.9691054078,18312.7805149823,18770.9289896545,16442.0760860018,16636.0769133073,17645.5298716761,19573.3717031314,19406.0589683582,19735.4858280801,22132.4483028948,21334.6011006572,24673.5482979144,26147.9028430133
Slovak Republic,SVK,"Population, total",SP.POP.TOTL,5391428,5398384,5407579,5413393,5418649,5423801,5430798,5439232,5446771,5454147,5458827,5447247,5431752,5426740,5422069
Slovak Republic,SVK,"Government expenditure on education, total (% of GDP)",SE.XPD.TOTL.GD.ZS,4.04704999923706,3.90686988830566,3.85490989685059,4.06078004837036,4.20446014404297,4.56416988372803,3.88375997543335,3.91876006126404,3.93534994125366,4.26779985427856,4.720290184021,4.71646976470947,4.65508985519409,..,..
Slovak Republic,SVK,Current health expenditure (% of GDP),SH.XPD.CHEX.GD.ZS,7.66638851,7.29859495,7.53581381,7.49518156,6.88411617,6.76215172,7.09177732,6.75699091,6.66639853,6.91964769,7.12650204,7.75624657,7.73064041,..,..
Slovak Republic,SVK,Access to electricity (% of population),EG.ELC.ACCS.ZS,100,100,100,100,100,100,100,100,100,100,100,100,100,100,..
Slovak Republic,SVK,Individuals using the Internet (% of population),IT.NET.USER.ZS,75.71,74.44,76.71,77.8826,79.9843,77.6347,80.4759,81.6257,80.4489,82.8537,89.9209,88.9256,89.0677,87.2131,89.8251
Slovak Republic,SVK,"Life expectancy at birth, total (years)",SP.DYN.LE00.IN,75.1121951219512,75.9585365853659,76.109756097561,76.4121951219512,76.8121951219512,76.5634146341463,77.1658536585366,77.1658536585366,77.2658536585366,77.6658536585366,76.8658536585366,74.6146341463415,76.9658536585366,78.0170731707317,..
Slovak Republic,SVK,"School enrollment, primary (% gross)",SE.PRM.ENRR,101.638298034668,100.502960205078,99.1328735351562,98.6928482055664,98.5119476318359,98.3121109008789,97.6210403442383,98.2659530639648,97.0244369506836,97.9945983886719,99.9172286987305,100.064170837402,100.326721191406,103.090553283691,..
Slovak Republic,SVK,"School enrollment, secondary (% gross)",SE.SEC.ENRR,94.7793426513672,94.9994125366211,95.0492630004883,93.529670715332,92.7571029663086,91.8957290649414,91.4534378051758,91.2535934448242,91.7815399169922,91.3246917724609,90.813346862793,91.0899124145508,92.2043075561523,92.6436767578125,..
Slovak Republic,SVK,Urban population (% of total population),SP.URB.TOTL.IN.ZS,54.685,54.42,54.28,54.14,54,53.889,53.806,53.751,53.726,53.729,53.76,53.82,53.909,54.027,54.172
Slovak Republic,SVK,Trade (% of GDP),NE.TRD.GNFS.ZS,155.108497681586,169.178076311066,176.968958181431,180.903136491458,176.756316098132,179.42602289503,182.757379596201,186.644687399549,188.732964699496,183.722608631236,167.534173320366,181.904665436682,203.928968248026,181.033630736396,170.244435707574
Slovak Republic,SVK,Gross fixed capital formation (% of GDP),NE.GDI.FTOT.ZS,21.8497529970948,23.9414977059811,21.0504458662276,21.1910610755073,21.1761310723424,24.3202564656274,21.6601191942233,21.2735243502353,21.3447569716069,21.6812781607176,19.7809655184171,19.5901290394639,20.9236194520336,21.0857826721867,20.3366744304494
Slovak Republic,SVK,"Unemployment, total (% of total labor force) (modeled ILO estimate)",SL.UEM.TOTL.ZS,14.387,13.634,13.966,14.226,11.536,11.492,9.679,8.142,6.544,5.761,6.719,6.894,6.143,5.84,5.234
Slovenia,SVN,GDP growth (annual %),NY.GDP.MKTP.KD.ZG,1.11213719306735,0.655438128379743,-2.91553782040462,-0.823776417691676,2.76283327639742,2.39330621338168,3.03441486663654,5.17440215579958,4.37908347331195,3.50525332381912,-4.08500094942896,8.38965158187224,2.69923874523828,2.11259098460627,1.59101479921402
Slovenia,SVN,GDP per capita (current US$),NY.GDP.PCAP.CD,23329.8417691156,24940.6284841605,22442.1417859955,23236.9655321695,24013.0682060959,20697.2748530619,21447.8377796036,23303.077705959,25888.0481065655,25814.1687167572,25392.0651093612,29187.369382785,28373.8382265999,32610.110922729,34089.3527652778
Slovenia,SVN,"Population, total",SP.POP.TOTL,2048583,2052843,2057159,2059953,2061980,2063531,2065042,2066388,2073894,2088385,2102419,2108079,2112076,2120461,2126324
Slovenia,SVN,"Government expenditure on education, total (% of GDP)",SE.XPD.TOTL.GD.ZS,5.59362983703613,5.58290004730225,5.6702299118042,5.46767997741699,5.34328985214233,4.95528984069824,4.84419012069702,4.82381010055542,4.97948980331421,4.93479013442993,5.41901016235352,5.39167022705078,5.28065013885498,..,..
Slovenia,SVN,Current health expenditure (% of GDP),SH.XPD.CHEX.GD.ZS,8.56503296,8.53639603,8.71509933,8.74028301,8.50197601,8.49823952,8.47801018,8.18480873,8.27693176,8.49057198,9.42807865,9.48055363,9.60507679,9.41330814,..
Slovenia,SVN,Access to electricity (% of population),EG.ELC.ACCS.ZS,100,100,100,100,100,100,100,100,100,100,100,100,100,100,..
Slovenia,SVN,Individuals using the Internet (% of population),IT.NET.USER.ZS,70,67.34,68.35,72.6756,71.5863,73.0987,75.4985,78.8854,79.75,83.1084,86.6013,89.004,88.9125,90.3779,90.7636
Slovenia,SVN,"Life expectancy at birth, total (years)",SP.DYN.LE00.IN,79.4219512195122,79.9707317073171,80.1243902439024,80.3219512195122,81.0780487804878,80.7756097560976,81.1756097560976,81.0292682926829,81.3780487804878,81.5292682926829,80.5317073170732,80.6756097560976,81.2829268292683,81.9780487804878,..
Slovenia,SVN,"School enrollment, primary (% gross)",SE.PRM.ENRR,98.0614013671875,97.9861526489258,98.2142868041992,98.6006774902344,98.5871734619141,98.381591796875,97.9815826416016,98.1781311035156,99.4630966186523,99.8418197631836,100.231536865234,99.7762680053711,100.639137268066,100.884101867676,..
Slovenia,SVN,"School enrollment, secondary (% gross)",SE.SEC.ENRR,98.5378189086914,98.4782180786133,98.1137313842773,110.558929443359,110.182746887207,109.655220031738,115.216941833496,114.595596313477,113.556167602539,111.369567871094,110.359169006348,108.17887878418,107.874809265137,107.626876831055,..
Slovenia,SVN,Urban population (% of total population),SP.URB.TOTL.IN.ZS,52.658,52.883,53.108,53.332,53.557,53.781,54.02,54.273,54.541,54.822,55.118,55.427,55.751,56.088,56.438
Slovenia,SVN,Trade (% of GDP),NE.TRD.GNFS.ZS,128.606575425363,140.332355750319,143.656448572975,145.168789432403,146.471705096746,147.218367714503,148.238448080388,158.70213584467,162.613493975851,160.044275685249,147.549008584942,162.082728356416,186.21959497631,160.098444691588,156.482456986786
Slovenia,SVN,Gross fixed capital formation (% of GDP),NE.GDI.FTOT.ZS,21.2216002661579,20.08483828855,19.1676737562844,19.8337339250587,19.4365582725521,18.9176485172673,17.7799826082197,18.4937257477793,19.5302803292433,19.7583962473649,19.0238928131055,20.2711699823957,21.9216124333736,21.3353082963725,20.0564053277751
Slovenia,SVN,"Unemployment, total (% of total labor force) (modeled ILO estimate)",SL.UEM.TOTL.ZS,7.236,8.166,8.841,10.103,9.668,8.962,8,6.564,5.108,4.446,4.971,4.744,4.011,3.652,3.357
Solomon Islands,SLB,GDP growth (annual %),NY.GDP.MKTP.KD.ZG,9.70838816928725,7.42994961675907,2.46600138697883,5.23774017780327,1.18921747092358,1.67614615649777,5.55473153366954,3.07534803424636,2.74599542334096,1.74856655451832,-3.3811475409836,2.56434975416948,2.40248143622522,2.65636186734713,2.53934191702432
Solomon Islands,SLB,GDP per capita (current US$),NY.GDP.PCAP.CD,1685.15499035363,1924.05277323978,2066.25352289833,2161.39573596215,2164.9442392168,2045.47889485251,2082.62989047871,2143.57465243959,2278.20633913383,2223.66502559565,2063.33101522108,1996.86976779348,2005.4139933198,2076.10768772563,2149.37957267304
Solomon Islands,SLB,"Population, total",SP.POP.TOTL,532968,552945,573606,594945,616908,639415,662379,685672,709101,728147,744498,762591,781066,800005,819198
Solomon Islands,SLB,"Government expenditure on education, total (% of GDP)",SE.XPD.TOTL.GD.ZS,7.47837018966675,..,..,..,..,..,..,..,..,..,9.64354620369343,8.33232704380039,8.48737829731105,8.29349080062944,..
Solomon Islands,SLB,Current health expenditure (% of GDP),SH.XPD.CHEX.GD.ZS,4.66450787,5.0260191,4.87760258,4.58157206,4.89056253,4.44853306,4.52952909,4.16556406,3.86440825,4.43728065,4.89478445,4.94758463,4.82369328,..,..
Solomon Islands,SLB,Access to electricity (% of population),EG.ELC.ACCS.ZS,35.4,39.1,42.9,44.7,50.5,55.1,58.2,62.9,65.8,69.4,72.9,76.3,76,81.3,..
Solomon Islands,SLB,Individuals using the Internet (% of population),IT.NET.USER.ZS,5,6,6.9974,8,9,10.0005,11.0009,15.1,20.9,26.3406,33.1974,41.8392,42.094,42.4597,..
Solomon Islands,SLB,"Life expectancy at birth, total (years)",SP.DYN.LE00.IN,68.669,68.824,68.961,69.007,68.984,69.323,69.501,69.652,69.806,69.981,69.258,68.89,70.409,70.528,..
Solomon Islands,SLB,"School enrollment, primary (% gross)",SE.PRM.ENRR,114.760983533349,114.164307756346,110.128024198969,110.310354621437,108.983168803493,108.53733598305,108.672249064372,106.573590544667,100.189113095468,98.2067225777189,89.6007986762942,..,..,80.2544791015835,81.8445759596103
Solomon Islands,SLB,"School enrollment, secondary (% gross)",SE.SEC.ENRR,50.952808380127,49.3238906860352,49.0498504638672,..,..,..,..,..,..,..,..,..,..,..,..
Solomon Islands,SLB,Urban population (% of total population),SP.URB.TOTL.IN.ZS,20.048,20.508,20.97,21.433,21.896,22.36,22.823,23.286,23.749,24.21,24.67,25.128,25.584,26.037,26.488
Solomon Islands,SLB,Trade (% of GDP),NE.TRD.GNFS.ZS,96.1480049703162,107.247678208992,104.823630628047,99.6070245689517,93.4540064769601,88.1884134973,85.5495968771661,82.1975709060796,88.4946797331694,82.9983376152335,60.2203376396925,66.6394072717162,78.0359309562018,..,..
Solomon Islands,SLB,Gross fixed capital formation (% of GDP),NE.GDI.FTOT.ZS,17.9442220074555,15.0193738852328,16.0045884714654,15.5986751722596,13.9234338040466,15.9732217896577,15.8969027032943,18.13366917397,17.3136349837707,20.4337312981714,18.8095426805104,18.7934446607023,24.4048690751106,..,..
Solomon Islands,SLB,"Unemployment, total (% of total labor force) (modeled ILO estimate)",SL.UEM.TOTL.ZS,1.617,1.292,0.984,0.694,0.729,0.735,0.734,0.725,0.72,0.743,0.864,0.884,1.483,1.455,1.47
"Somalia, Fed. Rep.",SOM,GDP growth (annual %),NY.GDP.MKTP.KD.ZG,6.69435192556303,6.69435192563444,6.6943519255431,10.9592986164743,8.97800590573239,10.4621881235165,7.03487260042056,14.7357956045283,2.05431507259436,2.8243133654528,-2.75248103928239,3.45822792939046,2.72711429582147,4.21638432610854,3.97232080866033
"Somalia, Fed. Rep.",SOM,GDP per capita (current US$),NY.GDP.PCAP.CD,219.202453852397,235.325945610434,350.261946720512,393.398703952979,429.431656725102,445.583080073396,460.928490585175,510.939952317726,509.525801898508,539.893931565407,518.184778494334,549.114742721701,573.128092472349,597.458854603043,636.983477589273
"Somalia, Fed. Rep.",SOM,"Population, total",SP.POP.TOTL,12261756,12348830,12461160,12869594,13339491,13806963,14348740,14916629,15452487,16030971,16651191,17271431,17801897,18358615,19009151
"Somalia, Fed. Rep.",SOM,"Government expenditure on education, total (% of GDP)",SE.XPD.TOTL.GD.ZS,..,..,..,..,..,..,..,..,4.00990834307E-06,5.73281247182E-06,6.12054361034E-06,6.75308344309E-06,7.21674775437E-06,8.14262404011E-06,..
"Somalia, Fed. Rep.",SOM,Current health expenditure (% of GDP),SH.XPD.CHEX.GD.ZS,..,..,..,2.81839299,2.71561337,2.84291959,2.27533841,2.4336102,2.37169838,2.19059515,2.24750042,2.56882048,2.62183189,..,..
"Somalia, Fed. Rep.",SOM,Access to electricity (% of population),EG.ELC.ACCS.ZS,52.3,52,51.8,51.5,51.4,51.2,51.1,52.1,50.7,49.2,49.9,49.3,48.9,50.3,..
"Somalia, Fed. Rep.",SOM,Individuals using the Internet (% of population),IT.NET.USER.ZS,..,1.25,1.3767,1.5,1.63,1.76,1.88,2.00405,..,..,15.0237,..,27.6,..,..
"Somalia, Fed. Rep.",SOM,"Life expectancy at birth, total (years)",SP.DYN.LE00.IN,48.9,32.453,49.138,54.016,54.442,55.056,55.283,52.19,54.767,57.249,57.095,55.703,53.931,58.816,..
"Somalia, Fed. Rep.",SOM,"School enrollment, primary (% gross)",SE.PRM.ENRR,..,..,..,..,..,..,..,..,..,..,..,..,..,20.9155502319336,..
"Somalia, Fed. Rep.",SOM,"School enrollment, secondary (% gross)",SE.SEC.ENRR,..,..,..,..,..,..,..,..,..,..,..,..,..,3.34785008430481,..
"Somalia, Fed. Rep.",SOM,Urban population (% of total population),SP.URB.TOTL.IN.ZS,39.31,41,41.558,42.117,42.679,43.245,43.816,44.391,44.971,45.554,46.141,46.731,47.324,47.92,48.519
"Somalia, Fed. Rep.",SOM,Trade (% of GDP),NE.TRD.GNFS.ZS,..,..,88.5736460782288,83.3409991258378,81.7010414559322,76.4793322385239,74.3615625516249,68.6756490932841,73.8208379982079,70.3106083602255,75.6877839830262,79.0932313826745,90.759891164324,92.686154350506,94.3602941087719
"Somalia, Fed. Rep.",SOM,Gross fixed capital formation (% of GDP),NE.GDI.FTOT.ZS,..,..,15.7360330751388,14.3695600150118,13.4104063533751,13.1480812127699,12.8456368959279,13.8251070470324,16.1102546826237,16.0795381553317,16.0020142196059,17.9813714604872,23.6461266454199,22.378420344893,22.7149275944413
"Somalia, Fed. Rep.",SOM,"Unemployment, total (% of total labor force) (modeled ILO estimate)",SL.UEM.TOTL.ZS,19.031,19.052,19.105,19.013,18.861,18.597,18.578,18.523,18.738,18.828,19.413,19.662,19.05,18.941,18.861
South Africa,ZAF,GDP growth (annual %),NY.GDP.MKTP.KD.ZG,3.03973288127956,3.16855627858818,2.39623238465745,2.48546800826588,1.41382645223793,1.32186223678229,0.664552307858116,1.15794695181735,1.55678384721676,0.25993557687633,-6.1689177146757,4.95503259440756,1.91147996033504,0.698485193724835,0.579853692303914
South Africa,ZAF,GDP per capita (current US$),NY.GDP.PCAP.CD,7973.47195771517,8646.05571071635,8076.97678479741,7331.65467384919,6856.73137092522,6112.27382485974,5651.20585165749,6618.33508255701,6914.1780318076,6533.71121032856,5580.60383075189,6843.39941886204,6523.41097815853,6022.54254192335,6253.37158194543
South Africa,ZAF,"Population, total",SP.POP.TOTL,52344051,52995205,53782567,54678791,55594838,56723537,57259551,57635162,58613001,59587885,60562381,61502603,62378410,63212384,64007187
South Africa,ZAF,"Government expenditure on education, total (% of GDP)",SE.XPD.TOTL.GD.ZS,5.13497018814087,5.28898000717163,5.52323007583618,5.35071992874146,5.48977994918823,5.48285007476807,5.4442400932312,5.59867000579834,5.64401006698608,5.9115800857544,6.17067003250122,6.5551700592041,6.15599012374878,6.12346982955933,6.02110004425049
South Africa,ZAF,Current health expenditure (% of GDP),SH.XPD.CHEX.GD.ZS,7.79358244,7.94434404,8.00428867,8.10322285,7.87136555,8.05304241,8.07959366,7.97711229,8.08196545,8.24652576,9.01329231,8.67432785,8.77086639,..,..
South Africa,ZAF,Access to electricity (% of population),EG.ELC.ACCS.ZS,82.8,83.6,85.2,85.2,85.9,85.3,83.9,84.4,84.7,85,90,89.3,86.5,87.7,..
South Africa,ZAF,Individuals using the Internet (% of population),IT.NET.USER.ZS,24,33.97,41,46.5,49,51.9191,54,56.1674,62.4,69.6969,72.1128,74.9686,75.4556,75.6592,..
South Africa,ZAF,"Life expectancy at birth, total (years)",SP.DYN.LE00.IN,58.886,60.602,61.737,62.388,63.184,64.053,64.749,65.422,65.726,66.071,65.15,62.01,65.454,66.139,..
South Africa,ZAF,"School enrollment, primary (% gross)",SE.PRM.ENRR,103.439766353826,104.046046582293,104.707209964618,104.091085183075,104.198023633162,107.31211891045,103.418217474354,101.580084478322,100.424313489355,101.120463910543,101.300342707463,101.741377795018,102.402386766287,101.772235793474,..
South Africa,ZAF,"School enrollment, secondary (% gross)",SE.SEC.ENRR,86.5922045596808,88.9442291259766,92.1625137329102,..,101.163200378418,104.622812990742,103.855987548828,105.623168945312,101.399612936693,103.78912033531,103.501178102472,106.443303990911,104.535066506498,104.133480684239,..
South Africa,ZAF,Urban population (% of total population),SP.URB.TOTL.IN.ZS,62.218,62.746,63.272,63.793,64.312,64.828,65.341,65.85,66.355,66.856,67.354,67.847,68.335,68.819,69.298
South Africa,ZAF,Trade (% of GDP),NE.TRD.GNFS.ZS,50.4060871625999,54.6363504358971,55.5826171933345,58.875027630051,59.4995740550593,56.7266761447156,55.8612575048782,53.5359318293741,54.4855451276341,53.8979964081406,50.7596590804177,56.0347138372399,64.7830021330108,65.1800955490051,61.7025980575759
South Africa,ZAF,Gross fixed capital formation (% of GDP),NE.GDI.FTOT.ZS,17.5616357245929,17.8093691839418,17.934933446749,18.5787122077315,18.301198735847,18.0089532852253,17.4415036155936,16.3988051798909,15.9221674828456,15.4689896600747,13.7983605384555,13.0513692515632,14.0656299720317,14.9347138823163,14.5196600638751
South Africa,ZAF,"Unemployment, total (% of total labor force) (modeled ILO estimate)",SL.UEM.TOTL.ZS,24.683,24.639,24.727,24.561,24.89,25.149,26.536,27.035,26.906,28.468,29.217,34.007,33.268,32.098,33.168
South Sudan,SSD,GDP growth (annual %),NY.GDP.MKTP.KD.ZG,5.49341639529945,-4.64031673600859,-46.0821223743007,13.1297311406943,3.37364847715736,-10.7933646271143,..,..,..,..,..,..,..,..,..
South Sudan,SSD,GDP per capita (current US$),NY.GDP.PCAP.CD,1498.27034985194,1448.98435006408,1109.26050083408,1650.18943353528,1242.73450181032,1080.14718624765,..,..,..,..,..,..,..,..,..
South Sudan,SSD,"Population, total",SP.POP.TOTL,9745953,10288109,10756240,11166275,11235073,11107561,10830102,10259154,10122977,10423384,10698467,10865780,11021177,11483374,11943408
South Sudan,SSD,"Government expenditure on education, total (% of GDP)",SE.XPD.TOTL.GD.ZS,1.04533007934585,0.962890028953552,1.57674938085481,1.02450001239777,1.23246002197266,1.46555995941162,1.56539228959694,..,..,..,..,..,..,..,..
South Sudan,SSD,Current health expenditure (% of GDP),SH.XPD.CHEX.GD.ZS,..,..,..,..,..,..,..,15.957304,10.05650043,9.03741074,9.31798267,6.25598812,6.76125622,..,..
South Sudan,SSD,Access to electricity (% of population),EG.ELC.ACCS.ZS,1.5,2.8,3.3,3.8,4.3,4.8,5.3,4.2,6.3,6.8,7.3,7.7,8.4,5.4,..
South Sudan,SSD,Individuals using the Internet (% of population),IT.NET.USER.ZS,..,..,..,2.2,2.6,3,3.5,4.1,4.8,6.7,9.27123,..,..,..,..
South Sudan,SSD,"Life expectancy at birth, total (years)",SP.DYN.LE00.IN,57.485,57.674,58.241,58.285,45.625,39.757,36.72,35.351,51.905,58.129,57.648,57.047,57.203,57.617,..
South Sudan,SSD,"School enrollment, primary (% gross)",SE.PRM.ENRR,..,90.4091110229492,..,..,..,70.3178024291992,..,..,..,..,..,..,..,..,98.4412384033203
South Sudan,SSD,"School enrollment, secondary (% gross)",SE.SEC.ENRR,..,10.8023195266724,..,..,..,11.5348100662231,..,..,..,..,..,..,..,..,122.120628356934
South Sudan,SSD,Urban population (% of total population),SP.URB.TOTL.IN.ZS,17.86,18.032,18.217,18.415,18.626,18.852,19.092,19.346,19.615,19.899,20.199,20.514,20.846,21.195,21.56
South Sudan,SSD,Trade (% of GDP),NE.TRD.GNFS.ZS,90.9434483661131,93.226859754919,71.6198113947489,50.8112465907463,64.6345178070809,65.5513491845003,..,..,..,..,..,..,..,..,..
South Sudan,SSD,Gross fixed capital formation (% of GDP),NE.GDI.FTOT.ZS,10.2896550768433,9.48877706805626,7.0742528372385,11.3677738263753,7.9945088302124,5.75075637151052,..,..,..,..,..,..,..,..,..
South Sudan,SSD,"Unemployment, total (% of total labor force) (modeled ILO estimate)",SL.UEM.TOTL.ZS,12.503,12.635,12.896,12.727,12.602,12.485,12.955,13.111,12.952,12.709,14.319,14.029,12.545,12.477,..
Spain,ESP,GDP growth (annual %),NY.GDP.MKTP.KD.ZG,0.0941223116369514,-0.639920636520344,-2.86511368637748,-1.42732224757626,1.52048593647231,4.06086672473866,2.91515598595787,2.89604207865007,2.39541124478878,1.96117850841711,-10.9400706350371,6.68314420473001,6.17931219966114,2.6756634629066,3.15019564517223
Spain,ESP,GDP per capita (current US$),NY.GDP.PCAP.CD,30658.7422282912,31824.6219134777,28456.4438151477,29228.846559842,29707.765509467,25982.4416197775,26755.6061149398,28381.3425596906,30602.4212881113,29786.5245689007,27233.9426461608,30799.4775937775,30270.2687017458,33509.0127982139,35297.0094995565
Spain,ESP,"Population, total",SP.POP.TOTL,46576897,46742697,46773055,46604197,46460733,46422303,46458139,46571232,46782011,47118501,47359424,47443821,47786102,48347910,48807137
Spain,ESP,"Government expenditure on education, total (% of GDP)",SE.XPD.TOTL.GD.ZS,4.8360800743103,4.71897983551025,4.46011018753052,4.32851982116699,4.27524995803833,4.24902009963989,4.19328022003174,4.17845010757446,4.15046977996826,4.20255994796753,4.85116004943848,4.81315994262695,4.58553981781006,..,..
Spain,ESP,Current health expenditure (% of GDP),SH.XPD.CHEX.GD.ZS,9.1189127,9.1679697,9.15596581,9.06588078,9.08675957,9.12383366,8.94896126,8.94652462,8.9985857,9.1348772,10.73210335,10.30862141,9.73828793,..,..
Spain,ESP,Access to electricity (% of population),EG.ELC.ACCS.ZS,100,100,100,100,100,100,100,100,100,100,100,100,100,100,..
Spain,ESP,Individuals using the Internet (% of population),IT.NET.USER.ZS,65.8,67.09,69.81,71.635,76.1867,78.6896,80.5613,84.6022,86.1072,90.7187,93.2056,93.8975,94.4855,95.4456,95.7575
Spain,ESP,"Life expectancy at birth, total (years)",SP.DYN.LE00.IN,81.6268292682927,82.4756097560976,82.4268292682927,83.0780487804878,83.2292682926829,82.8317073170732,83.3292682926829,83.2829268292683,83.4317073170732,83.8317073170732,82.2317073170732,83.1780487804878,83.1341463414634,83.8829268292683,..
Spain,ESP,"School enrollment, primary (% gross)",SE.PRM.ENRR,101.211227416992,100.813041687012,100.473442077637,103.107582092285,102.538467407227,102.144233703613,102.130096435547,102.50511932373,102.638717651367,103.185317993164,103.410423278809,102.899139404297,102.445991516113,103.002769470215,..
Spain,ESP,"School enrollment, secondary (% gross)",SE.SEC.ENRR,122.622512817383,126.152786254883,127.786712646484,126.716270446777,125.335800170898,124.85466003418,123.269889831543,120.555923461914,119.430198669434,118.524719238281,117.367767333984,119.114921569824,119.015510559082,118.361709594727,..
Spain,ESP,Urban population (% of total population),SP.URB.TOTL.IN.ZS,78.442,78.673,78.902,79.133,79.366,79.602,79.84,80.08,80.321,80.565,80.81,81.056,81.304,81.552,81.802
Spain,ESP,Trade (% of GDP),NE.TRD.GNFS.ZS,52.6933699734019,58.5118228859632,60.5540346961864,61.6687726441327,63.39926213895,63.5820412248232,63.1886778507294,66.167446137857,67.0094103982921,66.3662250440692,59.4461280147076,66.524588943191,78.6275624641006,72.1917288917484,70.3050400627785
Spain,ESP,Gross fixed capital formation (% of GDP),NE.GDI.FTOT.ZS,21.8742137780893,20.1470024048134,18.7105922599627,17.5983666974763,18.0299514220621,18.298942519262,18.1917189018021,18.9061933772299,19.6739026426325,20.305014716322,20.6159328524088,20.199534753463,20.4117705726947,19.709889182847,19.5344135277926
Spain,ESP,"Unemployment, total (% of total labor force) (modeled ILO estimate)",SL.UEM.TOTL.ZS,19.86,21.39,24.789,26.094,24.441,22.057,19.635,17.224,15.255,14.104,15.532,14.781,12.917,12.179,11.394
Sri Lanka,LKA,GDP growth (annual %),NY.GDP.MKTP.KD.ZG,8.01596737040464,8.66948301160571,8.63218138024038,4.05174632926911,6.37797889289399,4.20595547677647,5.05362488994436,6.46068127065753,2.31008425545845,-0.220483886831275,-4.62451503749502,4.2074764951157,-7.34919301306745,-2.3298481898334,5.00871930957159
Sri Lanka,LKA,GDP per capita (current US$),NY.GDP.PCAP.CD,2808.36779237408,3224.95736331928,3327.77612404326,3740.61589348326,3971.91913148166,4057.7158346231,4149.19190775593,4398.88828068715,4358.56095906047,4081.94772722003,3847.60137695639,3996.96240014909,3342.63650253855,3798.89016573011,4515.56787322732
Sri Lanka,LKA,"Population, total",SP.POP.TOTL,20879089,21009048,21169458,20585000,20778000,20970000,21209000,21453000,21670000,21803000,21919000,22156000,22181000,22037000,21916000
Sri Lanka,LKA,"Government expenditure on education, total (% of GDP)",SE.XPD.TOTL.GD.ZS,1.66177999973297,1.74292004108429,1.45342004299164,1.5645899772644,1.85859000682831,2.10998010635376,3.22929000854492,2.59316992759705,1.98781001567841,..,1.55792392223723,1.50650579603928,1.20397218661186,1.82774571561927,..
Sri Lanka,LKA,Current health expenditure (% of GDP),SH.XPD.CHEX.GD.ZS,3.7414515,3.5819521,3.30659294,3.69365358,3.46786141,3.6826396,3.61788416,3.33093429,3.6418879,3.89904952,4.06134748,4.02830219,4.36269855,..,..
Sri Lanka,LKA,Access to electricity (% of population),EG.ELC.ACCS.ZS,85.3,87.8,87,90.2,92.7,94.3,97.5,97.5,99.6,99.8,100,100,100,100,..
Sri Lanka,LKA,Individuals using the Internet (% of population),IT.NET.USER.ZS,..,..,..,..,10.5,15.26,22.19,25.1,28.3,32,36.1847,44.4531,48.3,51.2,..
Sri Lanka,LKA,"Life expectancy at birth, total (years)",SP.DYN.LE00.IN,74.463,74.74,75.187,75.546,75.757,75.99,76.136,76.239,76.485,76.698,76.928,76.278,77.3,77.483,..
Sri Lanka,LKA,"School enrollment, primary (% gross)",SE.PRM.ENRR,97.4528586032738,97.2173193437696,97.1213977626125,97.2127527169757,97.433058484166,97.4508545353363,96.9411621819868,96.6249037351597,95.9343814573526,95.4735034890634,95.2338733103182,94.459178502415,92.9846466705678,91.4511421235026,..
Sri Lanka,LKA,"School enrollment, secondary (% gross)",SE.SEC.ENRR,92.3497085571289,94.108642578125,94.6744689941406,95.1442636196356,93.4926277980089,94.4516928962286,93.9037221276375,94.0418660922689,95.9107331693991,..,..,89.8339685558794,88.1918156520303,87.9534065332114,..
Sri Lanka,LKA,Urban population (% of total population),SP.URB.TOTL.IN.ZS,18.226,18.211,18.196,18.198,18.218,18.256,18.311,18.384,18.476,18.585,18.713,18.86,19.026,19.211,19.416
Sri Lanka,LKA,Trade (% of GDP),NE.TRD.GNFS.ZS,..,..,..,..,..,46.9179708088816,46.4715370252187,47.1404098004644,49.8093967521361,49.42552388546,37.089118857292,41.2288463291999,46.6826080196819,43.5362302960951,42.3975008711047
Sri Lanka,LKA,Gross fixed capital formation (% of GDP),NE.GDI.FTOT.ZS,..,..,..,..,..,28.2586234893223,30.0891002438121,31.6001879090711,30.741963079897,28.5461677263665,25.56406175833,26.3457342576137,23.9141452966445,17.8405226610902,18.7930222888714
Sri Lanka,LKA,"Unemployment, total (% of total labor force) (modeled ILO estimate)",SL.UEM.TOTL.ZS,4.784,4.118,3.88,4.186,4.157,4.519,4.242,4.046,4.318,4.67,5.364,4.981,4.528,5.997,4.996
St. Kitts and Nevis,KNA,GDP growth (annual %),NY.GDP.MKTP.KD.ZG,-0.0541942065330545,1.61660730423688,-0.737636737448398,5.72728087234704,7.57696602328922,0.694135527876625,3.93270319273282,0.220941147299996,2.00352549800972,2.93824658056356,-15.3018891740649,0.367606879216311,10.3424040546025,4.32855771559805,1.1664402290746
St. Kitts and Nevis,KNA,GDP per capita (current US$),NY.GDP.PCAP.CD,16622.9457908577,17832.4572919975,17532.0559008608,18580.1301949935,20219.3954237956,20328.8003530109,21387.5415511103,22464.9899633959,22901.3816403197,23595.4923231291,18859.0190361046,18361.1449697886,20985.0112160159,22600.4502299468,22771.4168922033
St. Kitts and Nevis,KNA,"Population, total",SP.POP.TOTL,46846,46886,47033,47069,47089,47087,47075,47050,47008,46952,46870,46763,46709,46758,46843
St. Kitts and Nevis,KNA,"Government expenditure on education, total (% of GDP)",SE.XPD.TOTL.GD.ZS,2.54554015619203,2.49706527276352,2.49200145387318,3.26205857202123,2.85307503792741,2.54938006401062,3.00076147453842,2.77100327979144,3.03524983830349,2.72889566429639,3.10568635584663,2.78379011154175,3.5579615526858,3.49726171629099,..
St. Kitts and Nevis,KNA,Current health expenditure (% of GDP),SH.XPD.CHEX.GD.ZS,5.2136941,5.1628871,5.01447868,5.04856586,4.75037622,5.12590599,5.42923307,5.27126026,4.89536953,5.19051361,5.66188908,6.17941952,5.56801701,..,..
St. Kitts and Nevis,KNA,Access to electricity (% of population),EG.ELC.ACCS.ZS,99.8,100,100,100,100,100,100,100,100,100,100,100,100,100,..
St. Kitts and Nevis,KNA,Individuals using the Internet (% of population),IT.NET.USER.ZS,63,63.2,64,64.6,65.4,66.2,67,67.8,68.6,69.4,70.2753,74.3716,75.5566,76.4208,..
St. Kitts and Nevis,KNA,"Life expectancy at birth, total (years)",SP.DYN.LE00.IN,71.452,71.4,71.362,71.29,71.228,71.211,71.227,71.284,71.336,71.54,71.181,69.271,70.313,72.145,..
St. Kitts and Nevis,KNA,"School enrollment, primary (% gross)",SE.PRM.ENRR,118.555717468262,117.532852172852,116.379661560059,114.317863464355,114.983367919922,117.220672607422,125.304527282715,124.003707136237,130.084546735557,129.53181272509,129.318854886476,138.731674194336,127.689992475545,121.118748518606,..
St. Kitts and Nevis,KNA,"School enrollment, secondary (% gross)",SE.SEC.ENRR,109.923469543457,109.116302490234,92.2169189453125,121.377906799316,113.12451171875,115.485420227051,116.914031982422,119.603784742756,116.923551171393,118.920614998431,111.195206559445,123.94677734375,119.88360814743,137.513208876365,..
St. Kitts and Nevis,KNA,Urban population (% of total population),SP.URB.TOTL.IN.ZS,31.322,31.182,31.062,30.964,30.885,30.827,30.79,30.773,30.776,30.799,30.843,30.906,30.991,31.096,31.221
St. Kitts and Nevis,KNA,Trade (% of GDP),NE.TRD.GNFS.ZS,..,..,..,..,..,..,..,..,..,..,..,..,..,..,..
St. Kitts and Nevis,KNA,Gross fixed capital formation (% of GDP),NE.GDI.FTOT.ZS,..,..,..,..,..,..,..,..,..,..,..,..,..,..,..
St. Kitts and Nevis,KNA,"Unemployment, total (% of total labor force) (modeled ILO estimate)",SL.UEM.TOTL.ZS,..,..,..,..,..,..,..,..,..,..,..,..,..,..,..
St. Lucia,LCA,GDP growth (annual %),NY.GDP.MKTP.KD.ZG,0.330018546071486,4.32694280532142,-0.108756148262358,-1.81877603735991,1.32809022110105,0.101917836412952,3.42787214525211,3.37982617272246,2.88677902171601,-0.700322396299441,-24.3614732129122,11.598783583643,20.3884431828414,2.20988276526516,3.89175024218898
St. Lucia,LCA,GDP per capita (current US$),NY.GDP.PCAP.CD,8673.68720340529,9128.99442011613,9260.30006551714,9577.21733754358,10044.8218377677,10334.9860823918,10638.1269396653,11333.1123822102,11642.6984727769,11794.0597229805,8411.07474936367,10459.1321248092,13103.8243147472,13554.7684784933,14181.6303351598
St. Lucia,LCA,"Population, total",SP.POP.TOTL,170906,171801,172587,173369,174138,174905,175646,176342,177017,177661,178250,178522,178781,179285,179744
St. Lucia,LCA,"Government expenditure on education, total (% of GDP)",SE.XPD.TOTL.GD.ZS,3.4828999042511,3.5988199710846,3.29098010063171,3.87661004066467,3.89142990112305,3.88088011741638,5.2095799446106,3.6273152206015,3.33276009559631,3.27266001701355,3.61517000198364,5.86197746335882,4.64235019683838,2.74212002754211,3.84700018653403
St. Lucia,LCA,Current health expenditure (% of GDP),SH.XPD.CHEX.GD.ZS,5.12090254,5.0787816,4.9241581,5.05080271,4.62322617,4.51419878,4.44097996,4.36800241,4.17934036,4.17375898,6.75983715,5.67880821,5.01938295,..,..
St. Lucia,LCA,Access to electricity (% of population),EG.ELC.ACCS.ZS,94.2,95.4,95.3,97.2,98.1,99,99.8,99.9,100,100,100,100,100,100,..
St. Lucia,LCA,Individuals using the Internet (% of population),IT.NET.USER.ZS,32.5,34,45.865,49.4,53.2,57.3,58.2226,59.1601,60.1126,61.0805,62.064,63.0633,65.3544,70.0834,..
St. Lucia,LCA,"Life expectancy at birth, total (years)",SP.DYN.LE00.IN,72.768,72.962,72.86,72.687,72.676,72.932,72.552,72.522,72.655,72.249,72.308,69.119,72.67,72.697,..
St. Lucia,LCA,"School enrollment, primary (% gross)",SE.PRM.ENRR,98.3890533447266,97.876091003418,96.9173278808594,97.3613510131836,96.8783264160156,95.2710037231445,94.9370727539062,95.5083618164062,96.8281097412109,97.7209014892578,98.4292526245117,..,102.964202074272,101.370978688747,96.7822958387075
St. Lucia,LCA,"School enrollment, secondary (% gross)",SE.SEC.ENRR,97.0315628051758,96.6020889282227,93.3481292724609,91.4860382080078,90.7485504150391,90.9497604370117,89.6722183227539,88.9026336669922,88.7150192260742,88.3461303710938,88.7376327514648,..,87.6844863891602,88.6818771362305,87.8672424011515
St. Lucia,LCA,Urban population (% of total population),SP.URB.TOTL.IN.ZS,18.45,18.45,18.45,18.461,18.482,18.515,18.558,18.612,18.678,18.754,18.841,18.94,19.05,19.172,19.306
St. Lucia,LCA,Trade (% of GDP),NE.TRD.GNFS.ZS,..,..,..,..,..,..,..,..,..,..,..,..,..,..,..
St. Lucia,LCA,Gross fixed capital formation (% of GDP),NE.GDI.FTOT.ZS,..,..,..,..,..,..,..,..,..,..,..,..,..,..,..
St. Lucia,LCA,"Unemployment, total (% of total labor force) (modeled ILO estimate)",SL.UEM.TOTL.ZS,17.12,18.86,19.06,22.21,21.597,20.858,19.933,19.136,19.329,15.613,25.224,20.514,15.934,11.092,10.928
St. Martin (French part),MAF,GDP growth (annual %),NY.GDP.MKTP.KD.ZG,..,..,..,..,..,1,5,-8.00000324038295,-7.99999506898229,6.50000363700821,-12.500002246731,4.89999967133534,..,..,..
St. Martin (French part),MAF,GDP per capita (current US$),NY.GDP.PCAP.CD,..,20930.5850690939,..,..,20638.765189511,..,..,..,..,19033.0594854512,..,21668.3740927942,..,..,..
St. Martin (French part),MAF,"Population, total",SP.POP.TOTL,36856,37069,37276,37419,37450,37369,37175,36837,36012,34267,31786,29961,28870,27515,26129
St. Martin (French part),MAF,"Government expenditure on education, total (% of GDP)",SE.XPD.TOTL.GD.ZS,..,..,..,..,..,..,..,..,..,..,..,..,..,..,..
St. Martin (French part),MAF,Current health expenditure (% of GDP),SH.XPD.CHEX.GD.ZS,..,..,..,..,..,..,..,..,..,..,..,..,..,..,..
St. Martin (French part),MAF,Access to electricity (% of population),EG.ELC.ACCS.ZS,100,100,100,100,100,100,100,100,100,100,100,100,100,100,..
St. Martin (French part),MAF,Individuals using the Internet (% of population),IT.NET.USER.ZS,..,..,..,..,..,..,..,..,..,..,..,..,..,..,..
St. Martin (French part),MAF,"Life expectancy at birth, total (years)",SP.DYN.LE00.IN,78.752,79.016,79.302,79.528,79.727,79.829,79.885,78.762,80.029,80.078,80.085,80.206,80.236,80.224,..
St. Martin (French part),MAF,"School enrollment, primary (% gross)",SE.PRM.ENRR,..,..,..,..,..,..,..,..,..,..,..,..,..,..,..
St. Martin (French part),MAF,"School enrollment, secondary (% gross)",SE.SEC.ENRR,..,..,..,..,..,..,..,..,..,..,..,..,..,..,..
St. Martin (French part),MAF,Urban population (% of total population),SP.URB.TOTL.IN.ZS,..,..,..,..,..,..,..,..,..,..,..,..,..,..,..
St. Martin (French part),MAF,Trade (% of GDP),NE.TRD.GNFS.ZS,..,..,..,..,..,..,..,..,..,..,..,..,..,..,..
St. Martin (French part),MAF,Gross fixed capital formation (% of GDP),NE.GDI.FTOT.ZS,..,..,..,..,..,..,..,..,..,..,..,..,..,..,..
St. Martin (French part),MAF,"Unemployment, total (% of total labor force) (modeled ILO estimate)",SL.UEM.TOTL.ZS,..,..,..,..,..,..,..,..,..,..,..,..,..,..,..
St. Vincent and the Grenadines,VCT,GDP growth (annual %),NY.GDP.MKTP.KD.ZG,-4.47046793507802,-0.60627665148327,1.16911218376478,2.4624841721544,1.25025436927181,2.78316119435202,4.14593168183934,1.44883063367161,3.1756114423991,0.668428481084234,-4.26892434422649,2.09340124465459,3.1108330034352,5.32636472098717,4.06183490050209
St. Vincent and the Grenadines,VCT,GDP per capita (current US$),NY.GDP.PCAP.CD,6551.96835992405,6527.68996854448,6713.80768643865,7072.46737188939,7168.82875342911,7353.73556054184,7656.90042881178,7988.04445019298,8428.12677153069,8740.59425232061,8351.20324040982,8641.27904024443,9693.55867833025,10582.3656725229,11501.2265187188
St. Vincent and the Grenadines,VCT,"Population, total",SP.POP.TOTL,109959,109349,108736,108135,107535,106960,106349,105663,104926,104167,103526,102841,102046,101323,100616
St. Vincent and the Grenadines,VCT,"Government expenditure on education, total (% of GDP)",SE.XPD.TOTL.GD.ZS,4.80839014053345,..,..,..,..,4.95614634835429,5.45265007019043,5.37974977493286,5.22357988357544,..,5.46376310406546,..,7.07575034584772,6.4582691706334,..
St. Vincent and the Grenadines,VCT,Current health expenditure (% of GDP),SH.XPD.CHEX.GD.ZS,4.30325222,4.23108053,4.45042276,4.24191046,4.17631912,4.11412001,4.09573793,4.22985649,4.25346231,4.25543451,4.8395834,5.36252117,4.68767738,..,..
St. Vincent and the Grenadines,VCT,Access to electricity (% of population),EG.ELC.ACCS.ZS,92.7,94.1,95.4,96.8,98.1,99.4,99.7,100,100,100,100,100,100,100,..
St. Vincent and the Grenadines,VCT,Individuals using the Internet (% of population),IT.NET.USER.ZS,33.7,36.7,40,43.5,47.4,49.4,51.5,53.7,56,59.5763,63.381,67.4287,71.7226,75.9927,..
St. Vincent and the Grenadines,VCT,"Life expectancy at birth, total (years)",SP.DYN.LE00.IN,70.66,70.609,70.539,70.091,70.355,70.463,70.7,71.013,71.017,70.994,69.605,69.132,71.191,71.23,..
St. Vincent and the Grenadines,VCT,"School enrollment, primary (% gross)",SE.PRM.ENRR,106.8388671875,102.390617370605,109.272888183594,110.921836853027,112.041053771973,113.448799133301,113.28003692627,113.043479919434,115.155746459961,..,..,..,..,111.270698547363,..
St. Vincent and the Grenadines,VCT,"School enrollment, secondary (% gross)",SE.SEC.ENRR,110.652717590332,108.306083679199,105.851867675781,108.723846435547,111.371963500977,114.022842407227,..,..,..,..,..,..,..,125.381042480469,..
St. Vincent and the Grenadines,VCT,Urban population (% of total population),SP.URB.TOTL.IN.ZS,48.961,49.356,49.754,50.154,50.558,50.964,51.373,51.784,52.198,52.614,53.032,53.452,53.875,54.299,54.725
St. Vincent and the Grenadines,VCT,Trade (% of GDP),NE.TRD.GNFS.ZS,..,..,..,..,..,..,..,..,..,..,..,..,..,..,..
St. Vincent and the Grenadines,VCT,Gross fixed capital formation (% of GDP),NE.GDI.FTOT.ZS,..,..,..,..,..,..,..,..,..,..,..,..,..,..,..
St. Vincent and the Grenadines,VCT,"Unemployment, total (% of total labor force) (modeled ILO estimate)",SL.UEM.TOTL.ZS,19.966,20.049,19.867,19.367,19.249,19.141,19.028,19.006,18.984,19.235,20.636,20.341,19.417,18.574,18.056
Sudan,SDN,GDP growth (annual %),NY.GDP.MKTP.KD.ZG,3.85824195230107,-3.21353209253371,-17.0046884048945,1.95514463302422,4.66137954229873,1.91017689052751,3.46764218409288,0.70925628476644,-2.6809305497999,-2.17825104530091,-3.62980082410752,-1.8685204827207,-0.957816591119183,-29.4332718325149,-13.4932920592869
Sudan,SDN,GDP per capita (current US$),NY.GDP.PCAP.CD,1305.63598632813,1332.6572265625,1019.22210693359,1138.62780761719,1275.43835449219,1292.37963867188,1033.21594238281,966.505676269531,731.027465820313,709.975280761719,577.795227050781,712.122009277344,1046.24084472656,797.283447265625,989.312866210938
Sudan,SDN,"Population, total",SP.POP.TOTL,35414399,36140806,36923178,37785849,38823318,40024431,41259892,42714306,44230596,45548175,46789231,48066924,49383346,50042791,50448963
Sudan,SDN,"Government expenditure on education, total (% of GDP)",SE.XPD.TOTL.GD.ZS,..,..,..,..,..,..,..,..,..,..,..,..,..,..,..
Sudan,SDN,Current health expenditure (% of GDP),SH.XPD.CHEX.GD.ZS,5.05810165,5.61579561,5.68827009,6.96487474,5.67619705,5.81112576,5.68438482,5.91767406,4.46358299,4.57118368,3.00965381,2.83127832,4.61874437,..,..
Sudan,SDN,Access to electricity (% of population),EG.ELC.ACCS.ZS,36,38.3,40.7,43.1,44.9,48,50.5,53,55.3,57.6,59.7,61.8,63.2,66,..
Sudan,SDN,Individuals using the Internet (% of population),IT.NET.USER.ZS,..,..,..,..,..,..,14.1,18.6,24.6,25.9,26.4383,..,..,..,..
Sudan,SDN,"Life expectancy at birth, total (years)",SP.DYN.LE00.IN,62.979,63.181,63.427,63.443,63.99,64.375,64.677,65.146,65.501,65.803,65.124,64.46,65.695,66.331,..
Sudan,SDN,"School enrollment, primary (% gross)",SE.PRM.ENRR,67.3397827148438,64.9761810302734,66.0605392456055,66.95703125,67.05712890625,67.6649703979492,69.8550796508789,70.3664779663086,72.0317687988281,72.3981094360352,..,..,..,..,..
Sudan,SDN,"School enrollment, secondary (% gross)",SE.SEC.ENRR,39.6667785644531,35.2129783630371,38.7272605895996,40.9434089660645,42.046989440918,42.5230712890625,40.9556007385254,43.0903282165527,42.1366996765137,43.5378608703613,..,..,..,..,..
Sudan,SDN,Urban population (% of total population),SP.URB.TOTL.IN.ZS,33.089,33.207,33.346,33.507,33.689,33.894,34.121,34.37,34.642,34.936,35.253,35.593,35.956,36.342,36.752
Sudan,SDN,Trade (% of GDP),NE.TRD.GNFS.ZS,32.728309950035,27.512339023518,21.8561745247301,26.8585245020134,20.8451090041313,18.3782728546541,15.2816698903461,17.8313898297102,21.8679187274323,26.1196204552625,9.95514507626151,4.12754863828426,2.69883443585856,2.47372878267665,2.46152285835024
Sudan,SDN,Gross fixed capital formation (% of GDP),NE.GDI.FTOT.ZS,20.3985392323003,23.2624340175259,19.7241316199789,17.1950466966314,15.0415341466529,12.8081335322639,9.3059152625505,10.7686344431485,9.9893502376745,14.3050078362201,5.78653523341068,3.46580920270714,2.17826429341476,2.17279846218936,2.87301064258045
Sudan,SDN,"Unemployment, total (% of total labor force) (modeled ILO estimate)",SL.UEM.TOTL.ZS,15.161,17.44,17.002,16.3,15.411,14.347,13.606,12.953,12.303,11.658,11.958,11.044,7.53,..,..
Suriname,SUR,GDP growth (annual %),NY.GDP.MKTP.KD.ZG,5.16882515225814,5.84936767173009,2.69034974668847,2.9334416518612,0.255503031645475,-3.41304268067621,-4.91166050905851,1.56603782534897,4.94827108468886,1.16758977233877,-15.9751917148622,-2.43538583612838,2.40622235601218,2.53956675446825,2.83958602846054
Suriname,SUR,GDP per capita (current US$),NY.GDP.PCAP.CD,7943.60482816915,7949.88867218383,8851.24050668908,9043.19281529222,9108.18905406764,8813.61705392067,5644.2061057532,6049.52128553675,6665.74180472239,6629.66775248603,4755.39221710693,5029.84838543953,6084.43876736445,5494.07409425517,7430.70219176443
Suriname,SUR,"Population, total",SP.POP.TOTL,549923,556269,562633,569020,575373,581627,587757,593713,599513,605768,612317,617896,623164,628886,634431
Suriname,SUR,"Government expenditure on education, total (% of GDP)",SE.XPD.TOTL.GD.ZS,..,..,..,..,..,5.53479610522553,5.64051904970974,5.45861311514349,4.92259355761269,6.77857289012664,4.58425708265782,4.13154972947739,3.43460841988051,2.86623341491363,..
Suriname,SUR,Current health expenditure (% of GDP),SH.XPD.CHEX.GD.ZS,4.6978569,4.40932178,4.28435707,4.48738098,4.52127838,5.80808163,5.99283743,5.32285929,6.68946934,8.52921391,6.67584229,5.46009398,5.91760969,..,..
Suriname,SUR,Access to electricity (% of population),EG.ELC.ACCS.ZS,91.2,94.6,94.6,94.6,94.6,95,95.8,96.6,97.4,97.9,98.4,98.8,99,99.6,..
Suriname,SUR,Individuals using the Internet (% of population),IT.NET.USER.ZS,31.59,32,34.6812,37.4,40.08,42.7638,45.4,48.9452,55.1,62,69.8369,76.572,77.6494,78.3958,..
Suriname,SUR,"Life expectancy at birth, total (years)",SP.DYN.LE00.IN,69.626,69.82,69.957,70.11,70.33,70.567,70.979,71.247,71.468,71.773,72.321,68.943,73.254,73.631,..
Suriname,SUR,"School enrollment, primary (% gross)",SE.PRM.ENRR,102.471636358299,101.072891797094,102.775590258689,105.284141540527,106.412658691406,109.042251586914,107.464701154132,102.176248921713,100.726147342995,101.246120001205,102.277236938477,94.8813212598899,95.2972632875249,64.1794204711914,..
Suriname,SUR,"School enrollment, secondary (% gross)",SE.SEC.ENRR,71.4902572631836,69.0407867431641,69.1272811889648,69.1293334960938,67.3043899536133,70.1560287475586,..,..,74.745979309082,..,73.11669921875,65.6294708251953,77.7318215623084,76.1109237670898,..
Suriname,SUR,Urban population (% of total population),SP.URB.TOTL.IN.ZS,66.344,66.276,66.208,66.14,66.089,66.056,66.04,66.041,66.06,66.095,66.149,66.219,66.307,66.411,66.533
Suriname,SUR,Trade (% of GDP),NE.TRD.GNFS.ZS,90.9613941465855,..,..,..,..,..,..,..,..,..,..,..,..,..,..
Suriname,SUR,Gross fixed capital formation (% of GDP),NE.GDI.FTOT.ZS,37.5385641624281,..,..,..,..,..,..,..,..,..,..,..,..,..,..
Suriname,SUR,"Unemployment, total (% of total labor force) (modeled ILO estimate)",SL.UEM.TOTL.ZS,7.15,7.54,8.1,6.6,6.94,7.22,7.917,7.888,7.693,7.556,8.76,8.491,8.16,7.631,7.325
Sweden,SWE,GDP growth (annual %),NY.GDP.MKTP.KD.ZG,5.75073583944071,3.16391049665788,-0.414465736835979,1.13771650768102,2.29576379216599,4.41014068702994,2.34974080709026,1.8251560179849,1.90296457254834,2.54964787203104,-2.0053375219518,5.93750858896414,1.45928849980044,-0.114161935397789,0.973832212948594
Sweden,SWE,GDP per capita (current US$),NY.GDP.PCAP.CD,52542.8274141037,60379.7748160321,57749.8251328664,60844.2767113975,59583.7140001673,51197.9529341175,51820.3972482676,53300.8587281785,54181.9069780904,51773.0464558993,52653.7565934247,61174.9680215622,55296.9371472535,55567.0890080496,57723.2345031532
Sweden,SWE,"Population, total",SP.POP.TOTL,9378126,9449213,9519374,9600379,9696110,9799186,9923085,10057698,10175214,10278887,10353442,10415811,10486941,10536632,10569709
Sweden,SWE,"Government expenditure on education, total (% of GDP)",SE.XPD.TOTL.GD.ZS,6.56318998336792,6.40656995773315,7.57456016540527,7.64657020568848,7.62924003601074,7.49443006515503,7.63990020751953,7.63850021362305,7.69824981689453,7.66306018829346,7.95333003997803,7.60224008560181,7.31909990310669,..,..
Sweden,SWE,Current health expenditure (% of GDP),SH.XPD.CHEX.GD.ZS,8.31963825,10.41646671,10.7351532,10.90491486,10.9479475,10.80418396,10.85240364,10.78509998,10.94106293,10.83224297,11.33296967,11.10180569,10.49857044,10.88682365,..
Sweden,SWE,Access to electricity (% of population),EG.ELC.ACCS.ZS,100,100,100,100,100,100,100,100,100,100,100,100,100,100,..
Sweden,SWE,Individuals using the Internet (% of population),IT.NET.USER.ZS,90,92.77,93.18,94.7836,92.5236,90.6102,89.6509,93.0063,89.247,94.4934,94.5394,94.6703,95.0097,95.7033,95.5293
Sweden,SWE,"Life expectancy at birth, total (years)",SP.DYN.LE00.IN,81.4512195121951,81.8024390243903,81.7048780487805,81.9560975609756,82.2536585365854,82.2048780487805,82.3073170731707,82.409756097561,82.5585365853659,83.109756097561,82.3560975609756,83.0560975609756,83.0585365853659,83.309756097561,..
Sweden,SWE,"School enrollment, primary (% gross)",SE.PRM.ENRR,99.1634674072266,97.7859420776367,99.5537185668945,118.135437011719,118.02986907959,119.62419128418,121.448799133301,122.896057128906,123.754661560059,120.596801757812,119.500106811523,117.347633361816,116.425392150879,115.019523620605,..
Sweden,SWE,"School enrollment, secondary (% gross)",SE.SEC.ENRR,102.25106048584,102.14037322998,103.106872558594,132.713500976562,133.660247802734,137.462966918945,137.561157226562,142.641586303711,140.821746826172,136.641006469727,136.426132202148,138.688186645508,139.406524658203,134.244293212891,..
Sweden,SWE,Urban population (% of total population),SP.URB.TOTL.IN.ZS,85.056,85.297,85.62,85.936,86.247,86.553,86.852,87.146,87.431,87.708,87.977,88.238,88.492,88.738,88.976
Sweden,SWE,Trade (% of GDP),NE.TRD.GNFS.ZS,85.0910494657093,86.3903250752058,85.2976712116916,81.6398133610723,83.822646765647,84.1571739317941,83.2638007491712,85.9212504203118,90.1296957156635,92.5210834810288,84.3307817719974,90.2779861793753,105.855015275665,106.740878308822,104.810994271736
Sweden,SWE,Gross fixed capital formation (% of GDP),NE.GDI.FTOT.ZS,22.0464075915429,22.4063419828413,22.2573588164033,21.9653434407518,22.6928339122982,23.2389238954616,23.8501230599546,24.5654123027153,24.5884538803337,23.8249842106089,24.5218561005446,25.0511631004985,25.5495667589793,25.0107249623842,24.3910084260527
Sweden,SWE,"Unemployment, total (% of total labor force) (modeled ILO estimate)",SL.UEM.TOTL.ZS,8.61,7.804,7.976,8.052,7.954,7.432,6.99,6.718,6.365,6.833,8.291,8.722,7.392,7.611,8.528
Switzerland,CHE,GDP growth (annual %),NY.GDP.MKTP.KD.ZG,3.24339715656356,1.81310830459596,1.17925385250513,1.79214400716117,2.34988141500179,1.64462750849488,2.06868969039562,1.36279965488859,2.86044579439036,1.14198218965691,-2.14173712008038,5.55962020605844,3.04406102969423,0.683328174376044,1.30233332541106
Switzerland,CHE,GDP per capita (current US$),NY.GDP.PCAP.CD,76531.3728182297,90476.7589651577,85836.2076767359,87304.3305813557,88724.9910735609,83806.4476003837,82153.0745447889,82254.3770471336,85217.3691512274,84121.9310304414,85897.7843338323,93664.7736696111,94394.5106803525,100631.802755125,103669.872008144
Switzerland,CHE,"Population, total",SP.POP.TOTL,7824909,7912398,7996861,8089346,8188649,8282396,8373338,8451840,8514329,8575280,8638167,8704546,8777088,8888093,9034102
Switzerland,CHE,"Government expenditure on education, total (% of GDP)",SE.XPD.TOTL.GD.ZS,4.80210018157959,4.85663986206055,4.89862012863159,4.91392993927002,4.93057012557983,4.99559020996094,4.98163986206055,5.01765012741089,4.93008995056152,5.01438999176025,5.27676010131836,5.03708982467651,4.92419004440308,..,..
Switzerland,CHE,Current health expenditure (% of GDP),SH.XPD.CHEX.GD.ZS,10.00535202,10.11940575,10.34784985,10.61460495,10.69967365,11.00444603,11.2294054,11.41294861,11.19891071,11.42588997,12.00404072,12.00465584,11.70653343,..,..
Switzerland,CHE,Access to electricity (% of population),EG.ELC.ACCS.ZS,100,100,100,100,100,100,100,100,100,100,100,100,100,100,..
Switzerland,CHE,Individuals using the Internet (% of population),IT.NET.USER.ZS,83.9,85.193,85.2,86.34,83.6173,87.4791,89.1347,89.6861,91.8,93.1461,94.3499,95.5694,96.4528,97.3444,..
Switzerland,CHE,"Life expectancy at birth, total (years)",SP.DYN.LE00.IN,82.2463414634147,82.6951219512195,82.6975609756098,82.7975609756098,83.1975609756098,82.8975609756098,83.6024390243903,83.5512195121951,83.7536585365854,83.9048780487805,83,83.7512195121951,83.6048780487805,84.0560975609756,..
Switzerland,CHE,"School enrollment, primary (% gross)",SE.PRM.ENRR,103.392906188965,102.482177734375,102.130638122559,102.437759399414,102.470817565918,102.15592956543,101.902526855469,101.83332824707,101.837242126465,101.593048095703,101.731712341309,101.478240966797,101.363067626953,102.282958984375,..
Switzerland,CHE,"School enrollment, secondary (% gross)",SE.SEC.ENRR,96.6068572998047,97.1951599121094,98.3727416992188,101.221382141113,..,103.913391113281,104.09513092041,103.900062561035,104.188026428223,104.071113586426,104.211616516113,103.605186462402,103.392356872559,102.965591430664,..
Switzerland,CHE,Urban population (% of total population),SP.URB.TOTL.IN.ZS,73.607,73.631,73.653,73.674,73.696,73.718,73.739,73.761,73.797,73.849,73.915,73.996,74.092,74.202,74.327
Switzerland,CHE,Trade (% of GDP),NE.TRD.GNFS.ZS,120.065123781818,125.556273159907,126.453860464505,133.693708414477,120.213423194635,117.138482368571,123.565924513577,123.621807421715,124.428504325808,124.127612180467,121.785978141921,130.016261288489,138.500698753519,135.32000224909,134.09514852061
Switzerland,CHE,Gross fixed capital formation (% of GDP),NE.GDI.FTOT.ZS,25.1886290463326,25.5188489817761,26.2689032426508,26.2276028874151,26.418189852406,26.4112041073284,26.4998168152161,27.1488889098075,26.6026939426771,26.6222041866252,26.9939096017202,26.2560766763758,25.6510388708704,25.8242433719251,25.0546188527537
Switzerland,CHE,"Unemployment, total (% of total labor force) (modeled ILO estimate)",SL.UEM.TOTL.ZS,4.808,4.409,4.491,4.747,4.826,4.801,4.918,4.797,4.713,4.394,4.817,5.013,4.122,4.043,4.11
Syrian Arab Republic,SYR,GDP growth (annual %),NY.GDP.MKTP.KD.ZG,5.19190584075331,2.8500028435797,-26.3390170772532,-26.3000876615061,-10.310339909053,-4.179791613232,-6.4055907393619,-0.723281777470547,1.39317607830837,1.22070522070523,-0.697154504235129,1.85421590064124,0.732781301861365,-1.20726420279644,..
Syrian Arab Republic,SYR,GDP per capita (current US$),NY.GDP.PCAP.CD,2730.61477118949,2952.14349372257,1897.66115018696,985.892669227054,1060.59105886854,847.731631942565,656.3490586313,851.502005254153,1098.0668642357,1109.53926036049,572.355289831901,663.614245706815,1051.67149587463,847.372723418531,..
Syrian Arab Republic,SYR,"Population, total",SP.POP.TOTL,22482421,22878098,22759763,21666917,20273659,19424618,19193834,19224668,19577845,20353534,21049429,21628839,22462173,23594623,24672760
Syrian Arab Republic,SYR,"Government expenditure on education, total (% of GDP)",SE.XPD.TOTL.GD.ZS,..,..,..,..,..,..,..,..,..,..,..,..,..,..,..
Syrian Arab Republic,SYR,Current health expenditure (% of GDP),SH.XPD.CHEX.GD.ZS,3.22704148,2.52865362,3.0471952,3.55862904,4.01812267,3.47905326,3.73849273,3.81525493,3.86612964,3.94000149,3.71555972,4.70613527,4.15098715,..,..
Syrian Arab Republic,SYR,Access to electricity (% of population),EG.ELC.ACCS.ZS,92.7,91.5,90.7,90.4,90.2,90,89.8,89.6,86,89.2,89,88.8,89,88.4,..
Syrian Arab Republic,SYR,Individuals using the Internet (% of population),IT.NET.USER.ZS,20.7,22.5,24.3001,26.2,28.09,29.9798,31.8696,32.7,33.77,34.65,..,..,..,..,..
Syrian Arab Republic,SYR,"Life expectancy at birth, total (years)",SP.DYN.LE00.IN,73.542,72.259,66.206,65.146,65.492,63.265,65.19,65.651,67.371,70.97,71.944,72.418,72.79,72.12,..
Syrian Arab Republic,SYR,"School enrollment, primary (% gross)",SE.PRM.ENRR,116.733467102051,119.229217529297,120.19310760498,72.3519897460938,..,..,..,..,..,..,70.3771514892578,68.5588684082031,72.1296768188477,76.7710494995117,81.4114685058594
Syrian Arab Republic,SYR,"School enrollment, secondary (% gross)",SE.SEC.ENRR,70.8321380615234,72.3000030517578,73.1369705200195,47.5814208984375,..,..,..,..,..,..,39.0727806091309,39.4595794677734,39.6268081665039,39.4672088623047,38.736930847168
Syrian Arab Republic,SYR,Urban population (% of total population),SP.URB.TOTL.IN.ZS,55.6,54.58,53.555,52.529,51.5,52.168,52.835,53.5,54.162,54.821,55.475,56.124,56.769,57.409,58.044
Syrian Arab Republic,SYR,Trade (% of GDP),NE.TRD.GNFS.ZS,64.0101646947258,50.6960943456553,35.3686903315942,44.7052547833532,54.2644225210945,51.0862078228369,67.1119365330928,61.0508521719631,50.6590991144828,41.9994711236162,44.818335302748,61.2204850955149,35.6094680799956,..,..
Syrian Arab Republic,SYR,Gross fixed capital formation (% of GDP),NE.GDI.FTOT.ZS,20.4589000524604,21.6309427187093,12.7880398381139,14.4562799501146,8.23628950359433,12.9635440303985,7.88045908286559,8.97080175593626,9.03030447891804,7.38867672736526,6.36567853424492,5.44532202273757,4.46598180138214,..,..
Syrian Arab Republic,SYR,"Unemployment, total (% of total labor force) (modeled ILO estimate)",SL.UEM.TOTL.ZS,8.61,8.627,13.8,14.5,14.783,14.243,13.795,13.597,13.497,13.36,15.191,14.877,13.268,13.187,12.962
Tajikistan,TJK,GDP growth (annual %),NY.GDP.MKTP.KD.ZG,6.49999908585235,7.40000059956711,7.49999946321525,7.39999974700379,6.70000069016253,6.01930331771186,6.89999999999999,7.10000041864309,7.5999988895536,7.40000016310556,4.40000111553493,9.39999955037523,8.00000033846364,8.29999921651935,8.39999980983981
Tajikistan,TJK,GDP per capita (current US$),NY.GDP.PCAP.CD,737.338883219356,833.601978202852,952.452819695469,1028.19704279396,1081.54402932039,956.916310930656,788.710481734485,829.45714764957,834.288404578801,871.022372934846,834.311715460625,896.748053372182,1052.17949484894,1178.47990060249,1341.20229027672
Tajikistan,TJK,"Population, total",SP.POP.TOTL,7652141,7824785,8014084,8216724,8425552,8643840,8865631,9085946,9307333,9529966,9749310,9966908,10182222,10389799,10590927
Tajikistan,TJK,"Government expenditure on education, total (% of GDP)",SE.XPD.TOTL.GD.ZS,4.00675010681152,3.93511009216309,4.01803016662598,5.29397617900035,5.59398898966753,4.96774005889893,5.73094142576332,5.54471764262202,5.38508736377556,5.48427628435415,5.13516829187823,4.38253082077599,5.39829770599001,5.43682120015444,..
Tajikistan,TJK,Current health expenditure (% of GDP),SH.XPD.CHEX.GD.ZS,5.73543453,5.85971785,5.98185873,6.53226423,6.6654973,6.90735912,6.96349716,6.85399008,7.01381588,6.9476676,8.8903532,8.37504482,7.62917423,..,..
Tajikistan,TJK,Access to electricity (% of population),EG.ELC.ACCS.ZS,98.8,98.9,99.1,99,99.1,98,99.3,99.3,99.3,99.4,99.5,99.6,100,100,..
Tajikistan,TJK,Individuals using the Internet (% of population),IT.NET.USER.ZS,11.55,13.03,14.51,16,17.49,18.98,20.47,21.96,..,..,27.5441,49.8409,53.1078,56.791,..
Tajikistan,TJK,"Life expectancy at birth, total (years)",SP.DYN.LE00.IN,68.37,68.698,69.13,69.579,69.697,69.665,69.982,70.524,70.737,70.962,68.605,69.594,71.562,71.79,..
Tajikistan,TJK,"School enrollment, primary (% gross)",SE.PRM.ENRR,99.0505828857422,96.7038269042969,92.8905410766602,91.7747421264648,90.3201599121094,91.2645874023438,93.281982421875,95.7704162597656,..,..,100.404687742152,100.368730862382,99.9668886016055,96.9759265270236,95.7571411611065
Tajikistan,TJK,"School enrollment, secondary (% gross)",SE.SEC.ENRR,83.9114990234375,85.0206298828125,86.3469314575195,86.9873504638672,..,..,..,..,..,..,90.9012072790342,91.2751683038557,90.888637681585,88.4022015902249,86.9035257819264
Tajikistan,TJK,Urban population (% of total population),SP.URB.TOTL.IN.ZS,26.52,26.521,26.545,26.589,26.655,26.742,26.851,26.982,27.134,27.309,27.506,27.726,27.968,28.234,28.523
Tajikistan,TJK,Trade (% of GDP),NE.TRD.GNFS.ZS,73.493044509473,79.7842446734572,83.1759445401528,71.7437428882341,54.6071596053705,49.9378160689555,55.7246446907573,53.7861046057767,55.8461114113303,56.0450159145896,55.7491040194954,71.825937435383,65.4355115893577,65.6347010367354,..
Tajikistan,TJK,Gross fixed capital formation (% of GDP),NE.GDI.FTOT.ZS,24.4893168360512,28.592901490135,21.7232482834713,24.1894450213912,26.1845441957946,38.7166570546395,40.0691363252255,31.245780585806,35.3885211204179,31.5088648941092,27.5736883667249,31.9702046869543,31.7053317053317,28.3003294116229,..
Tajikistan,TJK,"Unemployment, total (% of total labor force) (modeled ILO estimate)",SL.UEM.TOTL.ZS,11.542,11.557,11.444,11.417,11.439,11.485,11.5,11.487,11.437,11.419,12.321,12.333,11.634,11.546,11.635
Tanzania,TZA,GDP growth (annual %),NY.GDP.MKTP.KD.ZG,6.33652342666889,7.67215543486064,4.50015356010131,6.78158560065316,6.73246186832483,6.16062877406682,6.86711619644551,6.76227716834148,5.46808181528009,5.79999999996723,1.99196460647855,4.32138429480482,4.56600576430955,5.06952353203394,5.5263138305945
Tanzania,TZA,GDP per capita (current US$),NY.GDP.PCAP.CD,736.530151367188,775.392761230469,861.969909667969,963.05712890625,1022.74841308594,939.127319335938,953.0107421875,986.674011230469,1023.10626220703,1063.32250976563,1117.41528320313,1159.85656738281,1207.85302734375,1224.48962402344,1185.74548339844
Tanzania,TZA,"Population, total",SP.POP.TOTL,44758488,46029367,47374260,48824128,50351512,52020962,53824013,55652890,57437145,59174891,60972798,62830412,64711821,66617606,68560157
Tanzania,TZA,"Government expenditure on education, total (% of GDP)",SE.XPD.TOTL.GD.ZS,4.54169988632202,4.57789905920015,4.22964300342458,4.63769446369719,3.38488006591797,4.19486548285076,4.10196721791864,4.4305100440979,3.69960999488831,3.59683638888648,3.23097255920833,3.11515335288784,3.2382450375764,3.25853222146531,3.15504437906936
Tanzania,TZA,Current health expenditure (% of GDP),SH.XPD.CHEX.GD.ZS,5.22392178,5.0559845,5.01779366,4.64643383,4.01492071,3.64969945,3.96350336,4.07779312,4.32878637,4.02387333,3.05195832,3.47258258,3.1119566,..,..
Tanzania,TZA,Access to electricity (% of population),EG.ELC.ACCS.ZS,14.8,14.2,15.3,16.4,23.5,26.2,32.8,32.1,34.9,37.7,39.9,42.7,45.8,48.3,..
Tanzania,TZA,Individuals using the Internet (% of population),IT.NET.USER.ZS,2.9,3.2,3.95,4.4,7,10,13.5042,14.4634,15.4907,16.5909,17.7693,19.0314,22.101,29.0638,..
Tanzania,TZA,"Life expectancy at birth, total (years)",SP.DYN.LE00.IN,61.127,61.618,62.286,62.788,63.364,63.928,64.404,64.963,65.488,66.007,66.771,66.131,66.879,66.995,..
Tanzania,TZA,"School enrollment, primary (% gross)",SE.PRM.ENRR,100.14820098877,95.0884666333147,91.9735025482608,88.8300914467545,85.9364790514687,84.2207717895508,85.2800976460579,89.5967210005503,94.9840282240997,97.6456520812412,98.5753622403869,98.6999541804178,90.6152672281358,95.6409804093201,92.6902654262381
Tanzania,TZA,"School enrollment, secondary (% gross)",SE.SEC.ENRR,31.8920497894287,..,..,32.3857446198788,29.6310806274414,26.090669631958,25.6429992626308,26.3711632016128,28.5933897410534,30.1824263288684,30.9205938581875,28.231330871582,..,..,..
Tanzania,TZA,Urban population (% of total population),SP.URB.TOTL.IN.ZS,28.114,28.798,29.493,30.196,30.904,31.617,32.333,33.053,33.776,34.5,35.227,35.954,36.682,37.409,38.136
Tanzania,TZA,Trade (% of GDP),NE.TRD.GNFS.ZS,47.6404394295683,56.1661241821809,54.3689490815138,48.6316275295495,45.3560223433065,40.7576808778314,35.4204704002636,33.1125919853124,32.6426099043737,33.0185892502311,27.9630151969884,29.9151840074048,35.0034517101994,38.212034806339,41.5131207208244
Tanzania,TZA,Gross fixed capital formation (% of GDP),NE.GDI.FTOT.ZS,30.7705684106003,35.0995294827868,32.9644448669364,33.9571812287903,33.1703490007101,31.8711320581175,32.7538452434608,35.1589886009781,39.0488316106315,42.6304711470676,40.5342442670396,41.459600723321,42.8203518814369,42.726818190292,41.3501218577049
Tanzania,TZA,"Unemployment, total (% of total labor force) (modeled ILO estimate)",SL.UEM.TOTL.ZS,3.029,3.47,3.222,2.93,2.125,2.159,2.23,2.303,2.393,2.496,2.781,2.821,2.588,2.582,2.576
Thailand,THA,GDP growth (annual %),NY.GDP.MKTP.KD.ZG,7.51339053261624,0.840132083053334,7.24279620249642,2.68749556320556,0.984468863619426,3.13404724911635,3.43515771692182,4.1776810321001,4.22287028746071,2.11455779628278,-6.05003846851622,1.55216608426647,2.58037874709827,2.01775095328327,2.52596175771495
Thailand,THA,GDP per capita (current US$),NY.GDP.PCAP.CD,4973.86288823778,5373.6232832898,5725.52802835463,6018.08244729255,5801.1978916205,5688.85335397884,5833.57715617098,6413.09182530343,7099.77650081458,7605.69657797759,6985.64393892574,7057.20754802279,6909.35281815827,7195.10130919449,7345.13569000377
Thailand,THA,"Population, total",SP.POP.TOTL,68579447,69007208,69436098,69845114,70216367,70540795,70859841,71160187,71376079,71522271,71641484,71727332,71735329,71702435,71668011
Thailand,THA,"Government expenditure on education, total (% of GDP)",SE.XPD.TOTL.GD.ZS,3.50844001770019,4.80555009841919,4.53670978546143,4.12402009963989,3.91917751852112,3.86397622727286,3.76761756770937,3.46532147640365,3.19769395901619,3.02221411183282,3.15314171737183,2.98212428478268,2.61187022798634,2.52122219628772,..
Thailand,THA,Current health expenditure (% of GDP),SH.XPD.CHEX.GD.ZS,3.39009809,3.56825495,3.5229404,3.45313334,3.68448091,3.8522861,3.93900609,3.85276842,3.87040329,3.78911877,4.35724688,5.15337038,5.35470581,..,..
Thailand,THA,Access to electricity (% of population),EG.ELC.ACCS.ZS,99.7,99.3,99.1,99.4,99.5,99.6,99.9,99.9,99.8,99.9,100,100,99.9,100,..
Thailand,THA,Individuals using the Internet (% of population),IT.NET.USER.ZS,22.4,23.6699,26.46,28.94,34.8861,39.3161,47.505,52.8919,56.8175,66.6524,77.8437,85.2696,87.9772,89.5353,90.8672
Thailand,THA,"Life expectancy at birth, total (years)",SP.DYN.LE00.IN,75.012,75.302,75.59,75.96,76.279,76.563,76.769,76.989,77.19,77.197,77.331,77.606,75.291,76.412,..
Thailand,THA,"School enrollment, primary (% gross)",SE.PRM.ENRR,89.2488479614258,95.6526031494141,96.4982681274414,97.1840591430664,103.479377746582,103.333457946777,104.941299438477,101.863590810489,102.013545184574,103.012241063391,103.859900460568,103.619796585158,104.833004394528,102.574975655738,101.004223573604
Thailand,THA,"School enrollment, secondary (% gross)",SE.SEC.ENRR,78.3943786621094,86.9894790649414,85.5365295410156,83.854850769043,123.525459289551,124.330596923828,122.563217163086,79.5062371844027,80.6045305135668,81.7206425877734,82.3668560969625,84.6644528199547,88.0661686868399,93.3356315272258,92.507325535959
Thailand,THA,Urban population (% of total population),SP.URB.TOTL.IN.ZS,43.856,44.698,45.445,46.193,46.943,47.694,48.448,49.2,49.949,50.692,51.43,52.163,52.889,53.608,54.32
Thailand,THA,Trade (% of GDP),NE.TRD.GNFS.ZS,127.250522638251,139.675407224576,137.67493851024,132.462274174269,130.905495444398,124.839662152526,120.57522728913,120.891427433638,120.841864730984,109.689514715166,97.8007432465178,117.252944620852,132.858712082871,128.824114152375,136.774745092771
Thailand,THA,Gross fixed capital formation (% of GDP),NE.GDI.FTOT.ZS,23.9927018003552,25.8363693834547,26.9936528421727,25.3835377004292,24.6613910005394,24.5284891453984,23.7136263542096,23.1083649306357,22.7862263680667,22.5729511697849,23.212428656105,23.5077904399395,23.3619271542054,22.9312009556512,22.2475520100312
Thailand,THA,"Unemployment, total (% of total labor force) (modeled ILO estimate)",SL.UEM.TOTL.ZS,0.622,0.66,0.58,0.249,0.576,0.597,0.688,0.83,0.765,0.716,1.099,1.215,0.94,0.733,0.693
Timor-Leste,TLS,GDP growth (annual %),NY.GDP.MKTP.KD.ZG,9.33151176629212,5.95853971210654,4.86062186827468,3.10436683211147,4.47249846569638,2.48004040218397,3.00993062553351,-3.18241522489195,0.000114754914861237,23.4120135843883,31.961918565387,5.31553853667641,-20.5415847471733,-18.1247909563732,-2.18912155633342
Timor-Leste,TLS,GDP per capita (current US$),NY.GDP.PCAP.CD,813.060177250597,939.045241112693,1022.61903188429,1204.56841532931,1224.74957758801,1319.59297370991,1335.54390089814,1266.17767952941,1219.46599728983,1562.36458068032,1630.86938521256,2684.82702378987,2343.24523350389,1502.51964514186,1343.14886031844
Timor-Leste,TLS,"Population, total",SP.POP.TOTL,1084679,1110207,1134885,1158695,1181903,1205131,1228312,1251703,1275959,1300945,1326053,1350139,1369295,1384286,1400638
Timor-Leste,TLS,"Government expenditure on education, total (% of GDP)",SE.XPD.TOTL.GD.ZS,11.1065797805786,10.1935195922852,7.16214990615845,5.66632986068726,7.51430988311768,8.46706962585449,8.12837982177734,7.17093992233276,6.848060131073,4.17968913742937,3.65287360437751,2.97389404101318,..,5.24052834781801,..
Timor-Leste,TLS,Current health expenditure (% of GDP),SH.XPD.CHEX.GD.ZS,6.47058821,6.86541462,6.99215221,8.5323782,7.60483742,7.67216587,6.89625168,6.75752544,6.36952639,6.02679253,9.93865013,11.43105984,14.32454681,..,..
Timor-Leste,TLS,Access to electricity (% of population),EG.ELC.ACCS.ZS,38,52.7,56,59.2,62.4,67.3,76.5,79.5,85.2,90.6,96,100,99.7,100,..
Timor-Leste,TLS,Individuals using the Internet (% of population),IT.NET.USER.ZS,3,4,7,11,17.5,18.6,21.2,24.2,27.6,28.0046,32.0127,35.042,34.5102,34.0207,..
Timor-Leste,TLS,"Life expectancy at birth, total (years)",SP.DYN.LE00.IN,63.66,64.022,64.384,64.719,65.027,65.326,65.61,65.898,66.204,66.496,66.919,66.199,67.368,67.689,..
Timor-Leste,TLS,"School enrollment, primary (% gross)",SE.PRM.ENRR,128.029085001864,130.796519519568,129.969976978814,128.884641566738,127.791979258318,126.646454350675,123.315981015137,117.545590260011,113.613823069409,111.537505941321,110.606703667428,123.584941487948,119.036719326581,119.652693100113,..
Timor-Leste,TLS,"School enrollment, secondary (% gross)",SE.SEC.ENRR,68.3026309590313,70.1640602638495,70.0278421982138,67.8276665960217,69.3739464182596,72.9840325557506,77.3856943732818,81.1665700933061,83.0952419040915,85.1248242560832,84.7410404382553,..,..,..,..
Timor-Leste,TLS,Urban population (% of total population),SP.URB.TOTL.IN.ZS,27.732,28.079,28.428,28.779,29.133,29.49,29.85,30.212,30.578,30.947,31.32,31.695,32.074,32.456,32.842
Timor-Leste,TLS,Trade (% of GDP),NE.TRD.GNFS.ZS,134.4005216863,140.766349625231,128.500493298465,79.6341248298199,82.7357773406823,60.0769209292639,60.310621759226,58.6347507796182,64.8191825211793,70.6142444229583,84.7503095026238,99.867422914735,97.6219215507319,89.3005913611761,..
Timor-Leste,TLS,Gross fixed capital formation (% of GDP),NE.GDI.FTOT.ZS,42.6868726750018,70.1085796097319,57.6008116806183,40.2465624734457,41.0756436182001,35.6286594129445,38.2536020588314,32.9448303415581,32.920851428318,22.881479466508,13.7011265968807,14.1836730596048,9.85735813796537,17.3550730970147,..
Timor-Leste,TLS,"Unemployment, total (% of total labor force) (modeled ILO estimate)",SL.UEM.TOTL.ZS,3.301,3.384,3.468,3.564,3.618,3.678,4.657,4.248,3.778,3.097,2.782,2.344,1.537,1.521,1.603
Togo,TGO,GDP growth (annual %),NY.GDP.MKTP.KD.ZG,5.85435269410561,5.82325223658786,6.30269542069151,5.8242658324455,5.6332402182029,5.46803129272737,4.21489560925825,4.00813326162304,4.7950602703237,4.92292591685973,1.99215501870344,5.99087610392314,5.75954251521733,6.40792215636242,5.30000531416641
Togo,TGO,GDP per capita (current US$),NY.GDP.PCAP.CD,704.987164181378,783.989380490906,762.392047587088,826.543259457126,855.585284856656,751.052405084336,772.581787093976,792.765487219069,851.130806891807,826.260654099894,853.578220263722,939.613373786407,898.758154410712,985.697512629974,1043.14092889765
Togo,TGO,"Population, total",SP.POP.TOTL,6732590,6916474,7100736,7285442,7472450,7663195,7858289,8057140,8258778,8463068,8669720,8878379,9089738,9304337,9515236
Togo,TGO,"Government expenditure on education, total (% of GDP)",SE.XPD.TOTL.GD.ZS,2.95977997779846,3.07750010490417,3.37651991844177,3.17475008964539,3.4237699508667,3.71097993850708,3.6624801158905,3.76526999473572,4.09162998199463,4.20164196626882,4.08528017372931,4.22702442483079,3.77811083266775,4.14281885166484,..
Togo,TGO,Current health expenditure (% of GDP),SH.XPD.CHEX.GD.ZS,4.33284378,4.38927078,4.64366484,4.78670263,4.90473413,6.21763563,6.55580902,6.50210476,6.16073656,5.91268635,6.18928432,5.6165967,6.04134083,..,..
Togo,TGO,Access to electricity (% of population),EG.ELC.ACCS.ZS,30.8,39.7,39.1,41,45.7,44.7,46.8,48,50,52.5,54.1,55.7,57.2,59.2,..
Togo,TGO,Individuals using the Internet (% of population),IT.NET.USER.ZS,3,3.5,4,4.5,5.7,7.12,11.31,12.3602,15.5,20.7273,29.0237,30.3384,35.5105,37.0223,..
Togo,TGO,"Life expectancy at birth, total (years)",SP.DYN.LE00.IN,57.227,57.612,57.94,58.345,58.766,59.22,59.669,60.135,60.601,61.055,61.123,61.328,62.29,62.739,..
Togo,TGO,"School enrollment, primary (% gross)",SE.PRM.ENRR,124.709514209282,122.784071157596,125.758046516929,126.10501578594,122.304207926362,125.602691931749,121.476913528699,119.405694248485,117.836324490464,117.747746676497,119.266830948762,116.971385859009,118.42316752898,116.335465545392,114.272773524266
Togo,TGO,"School enrollment, secondary (% gross)",SE.SEC.ENRR,..,52.7706298828125,..,..,..,..,..,60.769472220228,..,..,..,63.0669365853803,..,63.4192515229188,..
Togo,TGO,Urban population (% of total population),SP.URB.TOTL.IN.ZS,37.533,38.032,38.546,39.061,39.579,40.1,40.628,41.162,41.702,42.248,42.8,43.358,43.921,44.49,45.064
Togo,TGO,Trade (% of GDP),NE.TRD.GNFS.ZS,65.8567920612471,76.6552742619342,74.611097701708,80.9905886455063,69.9237466833915,68.2000884209784,65.5287522131519,57.6019844158645,57.3558037086364,56.1423934002099,55.5485385608639,57.5850134996963,65.4877850146886,61.4273567726824,62.4742436595911
Togo,TGO,Gross fixed capital formation (% of GDP),NE.GDI.FTOT.ZS,17.8932111426783,21.5934118845366,19.5499671131454,19.9518972081006,23.330168809977,25.1029871412768,22.3469277143596,16.9689126156003,17.8155414404262,17.7720826926363,21.3309073834957,19.8641167480539,21.4192500083402,22.9544796791665,22.2919599675729
Togo,TGO,"Unemployment, total (% of total labor force) (modeled ILO estimate)",SL.UEM.TOTL.ZS,2.383,1.982,2.03,2.085,2.142,2.204,2.968,3.744,2.898,2.036,2.225,2.333,1.965,1.948,1.94
Tonga,TON,GDP growth (annual %),NY.GDP.MKTP.KD.ZG,0.824396914081831,6.70369746238768,0.919761024923076,0.393922530137331,1.99053769890816,1.11374402398066,6.59869879417958,3.20231976224244,0.687546506680718,-0.208433391421963,1.78339589901164,0.362604273010447,-2.3098644452046,2.08415583636545,..
Tonga,TON,GDP per capita (current US$),NY.GDP.PCAP.CD,3416.08356601207,3849.99375750134,4384.17058724217,4219.24670113014,4136.59010898445,4123.90347238813,3987.98618837043,4365.92929788648,4638.8978542585,4676.84802517145,4700.44940541029,4912.57966349119,4933.07466930785,4863.76384632192,..
Tonga,TON,"Population, total",SP.POP.TOTL,107400,107570,107460,107078,106609,106095,105524,105356,105567,105669,105704,105490,105042,104597,104175
Tonga,TON,"Government expenditure on education, total (% of GDP)",SE.XPD.TOTL.GD.ZS,..,..,..,..,..,..,..,4.63626808288478,4.71514397196975,4.86170396202671,5.04883511346915,5.162544372426,5.31016278046634,..,..
Tonga,TON,Current health expenditure (% of GDP),SH.XPD.CHEX.GD.ZS,4.81632328,4.73990822,7.3327713,4.10561848,5.11481524,4.66762066,5.08616114,5.49119568,5.98711967,5.42394543,5.56259537,7.63286686,8.13607597,..,..
Tonga,TON,Access to electricity (% of population),EG.ELC.ACCS.ZS,92.8,92.2,92.8,95.1,95.9,100,97,98.2,99,98.4,99.9,100,100,100,..
Tonga,TON,Individuals using the Internet (% of population),IT.NET.USER.ZS,16,25,30,32.754,35.9544,38.6513,39.95,46.2,..,..,..,57.5486,57.7181,58.5334,..
Tonga,TON,"Life expectancy at birth, total (years)",SP.DYN.LE00.IN,71.319,71.437,71.546,71.65,71.721,71.851,71.951,72.066,72.169,72.292,72.379,72.13,72.635,72.895,..
Tonga,TON,"School enrollment, primary (% gross)",SE.PRM.ENRR,113.930206298828,115.24356842041,117.420058635031,117.891068133671,117.461517317207,117.3600552868,..,..,116.087775982768,113.312034078807,112.25483743583,107.017315453717,106.535737282679,109.611591048228,108.789986091794
Tonga,TON,"School enrollment, secondary (% gross)",SE.SEC.ENRR,105.640548706055,107.053398132324,94.5147705078125,95.4586410522461,96.7714748784441,103.261224756552,..,..,..,96.0933090863485,90.4639980016237,106.143896523848,96.996718063038,91.8606656320055,92.4258049730721
Tonga,TON,Urban population (% of total population),SP.URB.TOTL.IN.ZS,23.389,23.443,23.435,23.382,23.328,23.275,23.222,23.169,23.131,23.107,23.099,23.104,23.125,23.16,23.21
Tonga,TON,Trade (% of GDP),NE.TRD.GNFS.ZS,70.7976681214649,78.8578648859134,77.9722872799652,82.731581196292,74.7304254735603,81.35416544141,84.8912538209522,88.0434925855836,87.4503119578296,90.3147731027622,83.4579923473471,66.1742932574681,75.3152289886984,94.137150443189,..
Tonga,TON,Gross fixed capital formation (% of GDP),NE.GDI.FTOT.ZS,28.6607072079984,27.9219321736928,34.9883672497694,22.2028837785637,21.1072662628074,22.5264126131255,23.7197359050451,25.8549017131768,21.8367502137848,25.7153913911667,23.3077986438709,34.2194027274004,27.199501179093,27.2542361076779,..
Tonga,TON,"Unemployment, total (% of total labor force) (modeled ILO estimate)",SL.UEM.TOTL.ZS,1.513,1.602,1.643,1.754,1.92,2.024,2.046,2.131,2.248,2.157,2.699,2.111,2.302,2.262,2.192
Trinidad and Tobago,TTO,GDP growth (annual %),NY.GDP.MKTP.KD.ZG,3.32322471027371,-0.294354409043763,6.71008366322472,3.34460647540544,3.69536515083033,-0.564816953397482,-7.40345326597171,-4.81858890676506,-0.985525082864029,0.471813384187158,-8.90279446006656,-0.911992866865646,1.08222233950819,1.42711339770401,1.65060334585279
Trinidad and Tobago,TTO,GDP per capita (current US$),NY.GDP.PCAP.CD,16815.424737361,19151.0870229722,20332.1389531925,21304.9776454565,21908.3017802988,19887.2337359338,17449.1623528186,17578.6417765865,17575.8042838042,17293.4730123427,15358.8612973066,17679.1812561341,20874.37682915,18639.259241294,19314.7163432664
Trinidad and Tobago,TTO,"Population, total",SP.POP.TOTL,1317714,1328019,1335194,1340557,1345343,1349667,1353895,1356633,1359193,1363985,1366725,1367558,1365805,1367510,1368333
Trinidad and Tobago,TTO,"Government expenditure on education, total (% of GDP)",SE.XPD.TOTL.GD.ZS,4.21155458844183,3.85078840215008,3.57398000577018,3.75275872925405,3.59013796983043,4.42459330779419,4.21428227509361,3.3293687903123,3.47141762674052,3.55386116245268,4.2576699256897,3.00432991981506,2.67331004142761,3.01114988327026,..
Trinidad and Tobago,TTO,Current health expenditure (% of GDP),SH.XPD.CHEX.GD.ZS,5.08042908,4.72197914,4.59683371,4.77727127,4.83714819,5.61370945,6.44781113,6.51309872,6.46674252,6.85251093,7.48661852,7.12624598,6.43106365,..,..
Trinidad and Tobago,TTO,Access to electricity (% of population),EG.ELC.ACCS.ZS,100,97.5,100,100,100,100,100,100,100,100,100,100,100,98.7,..
Trinidad and Tobago,TTO,Individuals using the Internet (% of population),IT.NET.USER.ZS,48.5,55.2,57.5,59.9,62.4,65.1,67.8,70.6,72.8,75,77.2813,84.3658,84.4957,84.6994,..
Trinidad and Tobago,TTO,"Life expectancy at birth, total (years)",SP.DYN.LE00.IN,71.809,72.232,72.513,72.785,72.898,72.882,72.935,72.984,72.658,72.836,72.645,71.111,73.331,73.49,..
Trinidad and Tobago,TTO,"School enrollment, primary (% gross)",SE.PRM.ENRR,101.466957092285,..,..,..,..,..,..,..,..,..,..,..,..,99.1887588500977,..
Trinidad and Tobago,TTO,"School enrollment, secondary (% gross)",SE.SEC.ENRR,..,..,..,..,..,..,..,..,..,..,..,..,..,92.9377899169922,..
Trinidad and Tobago,TTO,Urban population (% of total population),SP.URB.TOTL.IN.ZS,54.025,53.836,53.671,53.53,53.413,53.319,53.25,53.205,53.184,53.187,53.214,53.265,53.34,53.439,53.562
Trinidad and Tobago,TTO,Trade (% of GDP),NE.TRD.GNFS.ZS,..,..,..,..,..,..,..,..,..,..,..,..,..,..,..
Trinidad and Tobago,TTO,Gross fixed capital formation (% of GDP),NE.GDI.FTOT.ZS,23.1421157657785,21.8928313859828,19.5737756175493,20.3714181300631,18.1764511221107,25.3091748883586,19.1521463317753,20.6585336342458,22.8343524061821,20.7784776677143,20.9681333096792,20.0744548175538,..,..,..
Trinidad and Tobago,TTO,"Unemployment, total (% of total labor force) (modeled ILO estimate)",SL.UEM.TOTL.ZS,4.033,3.425,3.718,2.683,2.477,2.428,3.207,3.394,3.498,3.523,4.206,4.446,4.383,4.21,4.546
Tunisia,TUN,GDP growth (annual %),NY.GDP.MKTP.KD.ZG,2.97113275066512,-2.04663389535644,4.21667711535632,2.42993096446429,3.09032803070775,0.967703108220121,1.11742594891074,2.23783867965943,2.62493010870395,1.58784665466504,-9.01193412390238,4.7363207484732,2.67331821840567,0.0391565674939329,1.35065253490181
Tunisia,TUN,GDP per capita (current US$),NY.GDP.PCAP.CD,4291.86120891575,4420.64772206537,4297.26782454273,4369.79345826358,4458.97895464547,4014.94773686432,3847.80354448809,3619.03247319953,3628.10366464236,3528.87213306798,3548.65363663803,3906.93926319391,3708.8481241036,3950.3753419816,4350.3717971875
Tunisia,TUN,"Population, total",SP.POP.TOTL,10765980,10886035,11009647,11141361,11274288,11402264,11528674,11650498,11765514,11875081,11974057,12048622,12119334,12200431,12277109
Tunisia,TUN,"Government expenditure on education, total (% of GDP)",SE.XPD.TOTL.GD.ZS,5.96306991577148,..,5.95086002349854,..,..,6.22044992446899,..,..,..,6.17373240410185,7.26507545467782,6.67984656240779,6.8049896073928,6.73398856321206,..
Tunisia,TUN,Current health expenditure (% of GDP),SH.XPD.CHEX.GD.ZS,5.60950756,6.12299299,6.28984737,6.51394987,6.45006084,6.21339941,6.24778175,6.18557453,5.9375186,6.02461243,7.05022287,6.97669458,6.96380186,..,..
Tunisia,TUN,Access to electricity (% of population),EG.ELC.ACCS.ZS,99.5,99.5,99.5,99.7,99.8,99.9,100,100,99.8,100,99.9,99.9,100,100,..
Tunisia,TUN,Individuals using the Internet (% of population),IT.NET.USER.ZS,36.8,39.1,41.4416,43.8,46.16,46.5,49.6,55.5002,64.1908,66.7,68.5564,68.3155,70.5532,72.3542,..
Tunisia,TUN,"Life expectancy at birth, total (years)",SP.DYN.LE00.IN,74.438,74.471,74.599,74.674,74.784,74.875,75.007,75.177,75.37,75.599,75.004,72.893,76.05,76.508,..
Tunisia,TUN,"School enrollment, primary (% gross)",SE.PRM.ENRR,103.629150390625,103.612007141113,105.188629150391,106.021850585938,106.861503601074,106.851280212402,106.044746398926,105.552917480469,105.109878540039,..,103.975509643555,104.342628479004,104.063652038574,104.424217224121,..
Tunisia,TUN,"School enrollment, secondary (% gross)",SE.SEC.ENRR,88.1112289428711,89.3414688110352,..,87.2357025146484,84.9663467407227,85.7816009521484,90.3264236450195,..,..,..,..,..,..,..,..
Tunisia,TUN,Urban population (% of total population),SP.URB.TOTL.IN.ZS,66.657,66.938,67.218,67.495,67.772,68.056,68.346,68.642,68.945,69.254,69.568,69.888,70.214,70.544,70.88
Tunisia,TUN,Trade (% of GDP),NE.TRD.GNFS.ZS,100.151009836799,100.106379304237,101.550723929668,98.9549566862038,96.1071038558701,87.2485306596052,87.0926643641466,95.8088058699264,103.871735753703,102.332045478018,84.3382668589088,93.638963515036,115.827616610395,112.914872312811,104.989562465785
Tunisia,TUN,Gross fixed capital formation (% of GDP),NE.GDI.FTOT.ZS,26.0078083562899,23.1108457618913,23.8562334816964,23.3100539589265,21.5386454071231,20.9814458888535,20.4976759659512,20.0457791523505,19.60074522837,19.4341189223652,15.8591355298359,15.8737036716064,16.37527508369,15.7261881144138,13.3540279256679
Tunisia,TUN,"Unemployment, total (% of total labor force) (modeled ILO estimate)",SL.UEM.TOTL.ZS,13.049,18.334,17.63,15.934,14.259,15.159,15.557,15.33,15.459,17.153,17.656,16.611,15.3,15.106,16.203
Turkiye,TUR,GDP growth (annual %),NY.GDP.MKTP.KD.ZG,8.42710432276191,11.2001105833504,4.78849271108008,8.48581699653026,4.9397151613658,6.08448690443663,3.32308420845746,7.50199748917491,3.0131703931215,0.818514526726673,1.85987303976462,11.4393956926566,5.53342787492781,5.11116818488702,3.18402435479221
Turkiye,TUR,GDP per capita (current US$),NY.GDP.PCAP.CD,10622.7020439723,11300.7852215681,11713.2849831139,12578.1878632,12165.220135038,11049.9951100942,10970.0458948862,10695.550196231,9568.83506330228,9215.44049888114,8638.73903848102,9743.21277804855,10674.504157865,13105.6585004778,15473.2872636856
Turkiye,TUR,"Population, total",SP.POP.TOTL,73142150,74223629,75175827,76147624,77181884,78218479,79277962,80312698,81407204,82579440,83384680,84147318,84979913,85325965,85518661
Turkiye,TUR,"Government expenditure on education, total (% of GDP)",SE.XPD.TOTL.GD.ZS,..,4.221519947052,4.38721990585327,4.34481000900269,4.41258001327515,4.30550003051758,4.62773990631104,4.32368993759155,4.29729986190796,4.44776010513306,4.03382015228271,3.53787994384766,3.09572005271912,..,..
Turkiye,TUR,Current health expenditure (% of GDP),SH.XPD.CHEX.GD.ZS,5.02053452,4.6530509,4.44444656,4.37099934,4.32517862,4.11690426,4.28469229,4.17974997,4.12101603,4.35954332,4.61640215,4.56065559,3.70338893,..,..
Turkiye,TUR,Access to electricity (% of population),EG.ELC.ACCS.ZS,100,100,100,100,100,100,100,100,100,100,100,100,100,100,..
Turkiye,TUR,Individuals using the Internet (% of population),IT.NET.USER.ZS,39.82,43.0657,45.13,46.25,51.0374,53.745,58.3477,64.6846,71.0428,73.9767,77.6696,81.4084,83.4372,85.9607,87.3079
Turkiye,TUR,"Life expectancy at birth, total (years)",SP.DYN.LE00.IN,74.964,74.823,75.552,76.171,76.452,76.539,76.595,77.037,77.454,77.737,76.525,75.722,77.591,77.156,..
Turkiye,TUR,"School enrollment, primary (% gross)",SE.PRM.ENRR,104.570068359375,105.751289367676,104.708396911621,114.724349975586,111.935722351074,107.29418182373,105.28328704834,97.4918975830078,100.931251525879,103.962959289551,103.296417236328,102.596397399902,102.487701416016,..,..
Turkiye,TUR,"School enrollment, secondary (% gross)",SE.SEC.ENRR,84.2024002075195,87.80322265625,85.0204315185547,102.209701538086,105.97550201416,107.243186950684,108.547561645508,112.977333068848,112.115409851074,111.910400390625,112.527458190918,114.147331237793,116.040176391602,..,..
Turkiye,TUR,Urban population (% of total population),SP.URB.TOTL.IN.ZS,70.825,71.402,71.974,72.531,73.077,73.611,74.134,74.644,75.143,75.63,76.105,76.569,77.022,77.463,77.893
Turkiye,TUR,Trade (% of GDP),NE.TRD.GNFS.ZS,46.6944652263085,53.3041756356468,52.830802656723,52.5272987998138,53.7663011662543,51.0885436007552,48.3281862338973,55.762168749568,62.6142185426845,63.1932929004145,61.3437557667653,71.0824439613318,81.170129694525,66.2766047093165,55.8217844527219
Turkiye,TUR,Gross fixed capital formation (% of GDP),NE.GDI.FTOT.ZS,24.6354587746887,27.7440476695124,27.0584142508651,28.3464820187611,28.7457316386943,29.5545663944426,29.1082333520007,29.8571449844017,29.7669534707669,25.9776216565016,27.5222292150413,28.1724585673381,29.1629240095911,31.8566353626874,30.9985254679566
Turkiye,TUR,"Unemployment, total (% of total labor force) (modeled ILO estimate)",SL.UEM.TOTL.ZS,11.879,9.789,9.21,9.713,9.901,10.304,10.899,10.919,10.956,13.73,13.148,11.969,10.465,9.388,8.449
Turkmenistan,TKM,GDP growth (annual %),NY.GDP.MKTP.KD.ZG,9.19999998805483,14.6999999278723,11.0999999615545,10.200000101399,10.2999999705459,6.49999990951666,6.1999999664301,6.50000004682975,6.19999994137119,6.30000004226711,5.900000048526,6.20000001747076,6.19999993621698,6.30015758549871,2.26411722659043
Turkmenistan,TKM,GDP per capita (current US$),NY.GDP.PCAP.CD,4058.53937000739,5143.61929334647,6053.8748468749,6599.64529055481,7164.14536184006,5759.497903834,5686.98040962764,5828.4816623489,6125.05169712085,6648.0348960628,6592.60146027748,7051.20211079213,8156.35211950774,8232.65225980002,8571.60702949432
Turkmenistan,TKM,"Population, total",SP.POP.TOTL,5564356,5683417,5808546,5939341,6075283,6215770,6360041,6507061,6655524,6803944,6949912,7092043,7230193,7364438,7494498
Turkmenistan,TKM,"Government expenditure on education, total (% of GDP)",SE.XPD.TOTL.GD.ZS,..,..,3.04924988746643,..,..,..,..,..,..,3.12054991722107,3.76267004013061,3.8489100933075,3.58004999160767,2.71291995048523,..
Turkmenistan,TKM,Current health expenditure (% of GDP),SH.XPD.CHEX.GD.ZS,3.20879436,3.22296,3.34203553,3.96929264,4.25741673,5.01652908,5.58718491,5.82361221,5.55298042,5.5522337,5.57226086,5.49196625,5.37103748,..,..
Turkmenistan,TKM,Access to electricity (% of population),EG.ELC.ACCS.ZS,100,99.8,99.9,99.9,100,100,100,100,100,99.9,100,100,100,100,..
Turkmenistan,TKM,Individuals using the Internet (% of population),IT.NET.USER.ZS,3,5,7.1958,9.6,12.2,14.9968,17.9903,21.251,..,..,..,..,..,..,..
Turkmenistan,TKM,"Life expectancy at birth, total (years)",SP.DYN.LE00.IN,68.608,68.87,68.961,68.968,69.001,69.061,69.142,69.19,69.272,69.405,68.846,69.353,69.913,70.073,..
Turkmenistan,TKM,"School enrollment, primary (% gross)",SE.PRM.ENRR,..,..,..,..,..,..,..,..,..,99.5392692978993,100.048094898202,99.148014910553,97.8101295641932,97.341891416249,95.6921775462619
Turkmenistan,TKM,"School enrollment, secondary (% gross)",SE.SEC.ENRR,..,..,..,..,..,..,..,..,..,84.1078318050495,86.8120225282998,89.9339065551758,92.451789855957,102.546752929688,94.6464126735365
Turkmenistan,TKM,Urban population (% of total population),SP.URB.TOTL.IN.ZS,48.491,48.825,49.175,49.541,49.921,50.317,50.728,51.153,51.593,52.048,52.516,52.998,53.494,54.003,54.524
Turkmenistan,TKM,Trade (% of GDP),NE.TRD.GNFS.ZS,96.8630558404027,111.062833823441,109.333652637251,98.5928226795449,91.0934829576602,81.2999305660859,62.0460846966262,53.5753567069955,50.9002726399821,44.2857594037204,35.9365938526967,33.0581170797482,37.3609509597775,34.0992738017257,..
Turkmenistan,TKM,Gross fixed capital formation (% of GDP),NE.GDI.FTOT.ZS,51.8808271961717,51.9318442057253,47.2,..,..,47.2796271319005,46.9663409509215,40.8398999563062,28.2687010702346,22.610175915106,22.3554061722467,18.0962257036098,17.5193069834595,18.318481062766,..
Turkmenistan,TKM,"Unemployment, total (% of total labor force) (modeled ILO estimate)",SL.UEM.TOTL.ZS,4,4.002,3.986,3.983,4,4.016,4.031,4.044,4.044,4.043,4.501,4.459,4.109,4.099,4.304
Turks and Caicos Islands,TCA,GDP growth (annual %),NY.GDP.MKTP.KD.ZG,0.984924853810682,4.62049892978239,-2.66655562053364,1.07088049554032,8.71129580824217,11.3148293929929,7.25118627570265,-2.49022260414804,91.1370388737081,4.98170549382992,-33.8170973434652,29.6293781722414,14.0871234168153,13.7311481139228,5.63682517443362
Turks and Caicos Islands,TCA,GDP per capita (current US$),NY.GDP.PCAP.CD,23093.8498268267,23626.726317837,22633.9527500233,22412.2069354887,24014.2653352354,25736.101625461,26946.4178520162,25614.8372710646,31625.616593277,31780.5217068989,20690.9160546118,27329.2885087196,31280.5418020808,35470.2151608295,37506.7798431288
Turks and Caicos Islands,TCA,"Population, total",SP.POP.TOTL,29739,30846,32127,33653,35050,36605,38315,39913,41559,43166,44386,45243,45847,46198,46535
Turks and Caicos Islands,TCA,"Government expenditure on education, total (% of GDP)",SE.XPD.TOTL.GD.ZS,..,3.16663368961357,2.69749326490282,2.80478695053816,2.74654631561921,3.09325003623962,2.90744573120893,2.47278207606746,2.72622990608215,2.47054004669189,2.46213795190062,3.88573002815247,3.28261995315552,2.68765461969981,2.94998113247616
Turks and Caicos Islands,TCA,Current health expenditure (% of GDP),SH.XPD.CHEX.GD.ZS,..,..,..,..,..,..,..,..,..,..,..,..,..,..,..
Turks and Caicos Islands,TCA,Access to electricity (% of population),EG.ELC.ACCS.ZS,100,100,93.1,100,100,100,100,100,100,100,99.4,100,99.9,100,..
Turks and Caicos Islands,TCA,Individuals using the Internet (% of population),IT.NET.USER.ZS,..,..,..,..,..,..,..,..,..,..,..,..,..,..,..
Turks and Caicos Islands,TCA,"Life expectancy at birth, total (years)",SP.DYN.LE00.IN,76.784,76.87,76.969,77.1,77.212,77.321,77.437,77.505,77.596,77.691,77.499,77.234,77.918,78.008,..
Turks and Caicos Islands,TCA,"School enrollment, primary (% gross)",SE.PRM.ENRR,..,..,..,..,97.2804107666016,93.802102210946,..,107.507820646507,129.213485717773,119.198606271777,122.129144851658,119.731262207031,120.817047119141,124.371236273468,125.059584610146
Turks and Caicos Islands,TCA,"School enrollment, secondary (% gross)",SE.SEC.ENRR,..,..,..,..,72.6863226863227,81.0204081632653,73.9748274462038,85.01841997544,95.5051546391753,91.2056151940545,91.187270501836,98.0016021728516,105.9765625,109.841759938248,119.728975687525
Turks and Caicos Islands,TCA,Urban population (% of total population),SP.URB.TOTL.IN.ZS,90.228,90.668,91.09,91.483,91.851,92.195,92.517,92.817,93.098,93.36,93.605,93.834,94.047,94.247,94.433
Turks and Caicos Islands,TCA,Trade (% of GDP),NE.TRD.GNFS.ZS,..,..,..,..,..,..,..,..,..,..,..,..,..,..,..
Turks and Caicos Islands,TCA,Gross fixed capital formation (% of GDP),NE.GDI.FTOT.ZS,..,..,..,..,..,..,..,..,..,..,..,..,..,..,..
Turks and Caicos Islands,TCA,"Unemployment, total (% of total labor force) (modeled ILO estimate)",SL.UEM.TOTL.ZS,..,..,..,..,..,..,..,..,..,..,..,..,..,..,..
Tuvalu,TUV,GDP growth (annual %),NY.GDP.MKTP.KD.ZG,-2.22222222222223,6.81818181818181,-2.12765957446808,4.34782608695652,0,10.4166666666667,5.66037735849056,2.44839285714286,1.38728384151602,13.8220984406966,-4.27493206901397,1.8041359113616,0.677309361438304,3.85280919517032,..
Tuvalu,TUV,GDP per capita (current US$),NY.GDP.PCAP.CD,3024.8170790571,3636.08139989792,3598.46163091053,3510.21640142483,3528.85858102782,3357.83417700071,3808.69755015909,4165.66338700106,4466.12034928245,5115.13075950206,4976.11254109571,5905.08198095343,5911.32727055301,6344.7750188689,..
Tuvalu,TUV,"Population, total",SP.POP.TOTL,10614,10780,10934,11001,10984,10963,10930,10869,10751,10581,10399,10194,9992,9816,9646
Tuvalu,TUV,"Government expenditure on education, total (% of GDP)",SE.XPD.TOTL.GD.ZS,..,..,..,..,..,..,..,..,..,..,14.5482776139014,15.5155119679441,13.7621912480198,12.8456897735596,..
Tuvalu,TUV,Current health expenditure (% of GDP),SH.XPD.CHEX.GD.ZS,15.37378216,13.79316521,13.1547184,14.34195709,14.93791771,13.38872242,18.322855,24.07940674,18.36379242,22.02993393,18.59855461,19.54603577,18.38210106,..,..
Tuvalu,TUV,Access to electricity (% of population),EG.ELC.ACCS.ZS,96.7,97,97.7,97.6,97.9,98.1,97.3,98.7,99,99.7,99.4,99.7,100,100,..
Tuvalu,TUV,Individuals using the Internet (% of population),IT.NET.USER.ZS,14.6,16.5,18.7,21.2,24.1,27.3,31,35.2,42.2865,50.7996,61.0265,73.3124,73.5846,74.3146,..
Tuvalu,TUV,"Life expectancy at birth, total (years)",SP.DYN.LE00.IN,64.834,64.96,65.079,65.171,65.278,65.365,65.51,65.683,65.871,66.109,66.357,65.824,66.852,67.105,..
Tuvalu,TUV,"School enrollment, primary (% gross)",SE.PRM.ENRR,..,..,..,..,103.576751117735,105.26706231454,100,..,94.9784774780273,96.4860907759883,102.034664657121,113.292117465224,110.604870384918,108.909370199693,101.138952164009
Tuvalu,TUV,"School enrollment, secondary (% gross)",SE.SEC.ENRR,..,..,..,..,79.6419067382812,87.6274566650391,77.9319915771484,..,78.7418670654297,80.2197799682617,77.0771513353116,88.8804841149773,92.0868890612878,93.2753164556962,90.6571654790182
Tuvalu,TUV,Urban population (% of total population),SP.URB.TOTL.IN.ZS,54.796,55.807,56.815,57.814,58.786,59.73,60.645,61.53,62.387,63.215,64.014,64.785,65.527,66.241,66.928
Tuvalu,TUV,Trade (% of GDP),NE.TRD.GNFS.ZS,..,..,..,..,..,..,..,..,..,..,..,..,..,..,..
Tuvalu,TUV,Gross fixed capital formation (% of GDP),NE.GDI.FTOT.ZS,..,..,..,..,..,..,..,..,..,..,..,..,..,..,..
Tuvalu,TUV,"Unemployment, total (% of total labor force) (modeled ILO estimate)",SL.UEM.TOTL.ZS,..,..,..,..,..,..,..,..,..,..,..,..,..,..,..
Uganda,UGA,GDP growth (annual %),NY.GDP.MKTP.KD.ZG,5.63761163749757,9.3916554927176,3.83745560605229,3.58690582623025,5.10630732539796,5.18785986002466,4.78100029254482,3.13140551723596,6.30392378262997,6.43874503276439,2.95130642218098,3.53658034070898,4.58802192181773,5.33697295511469,6.13645201846398
Uganda,UGA,GDP per capita (current US$),NY.GDP.PCAP.CD,823.488144282,835.620060555838,795.222867553127,818.285427416713,896.054795546394,862.934610355811,752.696571725656,765.218332297361,792.16570022814,822.171150141651,845.76646385001,882.791717442001,963.067314233497,1002.30913908852,1072.71369837695
Uganda,UGA,"Population, total",SP.POP.TOTL,32390802,33354543,34337438,35337042,36395539,37531446,38799152,40177388,41565831,42999637,44457152,45910930,47312719,48656601,50015092
Uganda,UGA,"Government expenditure on education, total (% of GDP)",SE.XPD.TOTL.GD.ZS,1.72739994525909,2.29890990257263,1.79746997356415,1.87114000320435,1.91472005844116,2.32152009010315,2.13789010047913,2.25363993644714,2.13052010536194,2.30828081242322,2.57222181308255,2.63593612308533,2.56105027176925,..,..
Uganda,UGA,Current health expenditure (% of GDP),SH.XPD.CHEX.GD.ZS,6.80890226,6.6959095,6.10853958,5.78252411,5.33653069,4.99643135,5.00792885,3.99852037,4.02143908,3.79371166,5.23698568,5.48128128,4.39089251,..,..
Uganda,UGA,Access to electricity (% of population),EG.ELC.ACCS.ZS,12.1,14.6,20.5,13.9,20.4,18.5,26.7,32.4,41.9,41.3,42.1,45.2,47.1,51.5,..
Uganda,UGA,Individuals using the Internet (% of population),IT.NET.USER.ZS,4.3,4.6,4.8,5.1,5.4,5.8,5.9,..,..,..,7.4,10,11.1246,15.2524,8.94983
Uganda,UGA,"Life expectancy at birth, total (years)",SP.DYN.LE00.IN,59.959,60.791,61.579,62.353,63.057,63.831,64.494,65.174,65.775,66.354,66.41,66.45,67.675,68.252,..
Uganda,UGA,"School enrollment, primary (% gross)",SE.PRM.ENRR,121.312210083008,113.871620178223,113.70002746582,112.329948425293,..,104.249229431152,106.540283203125,106.169578552246,..,..,..,..,..,..,..
Uganda,UGA,"School enrollment, secondary (% gross)",SE.SEC.ENRR,..,..,..,..,..,..,..,..,..,..,..,..,..,..,..
Uganda,UGA,Urban population (% of total population),SP.URB.TOTL.IN.ZS,19.383,19.898,20.424,20.958,21.504,22.06,22.624,23.196,23.774,24.361,24.954,25.553,26.159,26.771,27.389
Uganda,UGA,Trade (% of GDP),NE.TRD.GNFS.ZS,38.2692490371291,39.7552255606122,43.5021371397314,43.1091548734687,36.0144010819085,37.6892983324358,31.2093620232119,36.8370529334101,36.6384055999567,39.3610539647435,37.0006923916369,41.7136307424781,34.5053019270937,33.3416963302219,41.468283553038
Uganda,UGA,Gross fixed capital formation (% of GDP),NE.GDI.FTOT.ZS,26.6490161355142,26.381152491705,25.7805974372942,31.4664204101325,26.2315329113631,23.2629074282493,24.8711103998499,24.052422886294,23.7504449883722,24.9024562516631,23.5178704044069,23.3395824392817,23.4475814827832,22.084367974066,21.5495580278054
Uganda,UGA,"Unemployment, total (% of total labor force) (modeled ILO estimate)",SL.UEM.TOTL.ZS,3.619,3.528,3.551,1.91,2.348,2.679,3.008,3.428,3.25,3.06,3.831,3.422,2.886,2.787,2.941
Ukraine,UKR,GDP growth (annual %),NY.GDP.MKTP.KD.ZG,4.09200436668087,5.44528081048476,0.152314967200653,0.045439094492707,-10.0788949840953,-9.7729872128676,2.44098194492067,2.35997228099491,3.48836234022659,3.19950386354134,-3.75281793983162,3.44562065945944,-28.7585842155085,5.53473354745886,2.91382221470535
Ukraine,UKR,GDP per capita (current US$),NY.GDP.PCAP.CD,3039.63232421875,3656.69799804688,3951.34228515625,4129.89697265625,3054.908203125,2094.47387695313,2158.46118164063,2604.28759765625,3059.0517578125,3619.86157226563,3709.76928710938,4775.94580078125,4199.6708984375,5139.59814453125,5389.47314453125
Ukraine,UKR,"Population, total",SP.POP.TOTL,46456003,46307853,46210056,46126770,45972380,45784896,45616832,45436041,45208907,44957458,44680014,44298640,41048766,37732836,37860221
Ukraine,UKR,"Government expenditure on education, total (% of GDP)",SE.XPD.TOTL.GD.ZS,..,5.93770980834961,6.44269990921021,6.41989994049072,5.87493991851807,5.33951727495092,5.00977993011475,5.41707992553711,5.3199200630188,5.44129991531372,5.38231992721558,5.14011001586914,..,..,..
Ukraine,UKR,Current health expenditure (% of GDP),SH.XPD.CHEX.GD.ZS,6.81387615,6.81669855,7.11789227,6.94358015,7.19506168,7.78352833,7.55205393,7.44187737,7.51989269,7.09175062,7.56217051,8.2027483,..,..,..
Ukraine,UKR,Access to electricity (% of population),EG.ELC.ACCS.ZS,100,100,99.9,100,100,100,100,100,100,100,100,100,100,100,..
Ukraine,UKR,Individuals using the Internet (% of population),IT.NET.USER.ZS,23.3,28.7083,35.27,40.9541,46.236,48.8846,53.001,58.8895,62.5532,70.1248,75.0379,79.2183,82.6753,82.3755,..
Ukraine,UKR,"Life expectancy at birth, total (years)",SP.DYN.LE00.IN,70.188,70.711,71.09,71.474,71.803,72.686,73.389,73.993,73.569,73.92,73.283,71.631,72.658,73.422,..
Ukraine,UKR,"School enrollment, primary (% gross)",SE.PRM.ENRR,100.067630734888,98.9314565375041,97.1419917645414,96.3140767527901,95.4720427707137,87.8509930688999,87.4091952779085,88.2140898931621,88.5728806539141,90.6809653278847,91.1122134493007,91.1487047246428,92.7711634493634,..,93.3063190361356
Ukraine,UKR,"School enrollment, secondary (% gross)",SE.SEC.ENRR,98.1416817681323,96.1171826388401,99.4775493061556,99.4303801060075,98.2963249258606,90.502896110392,88.5457508688536,86.788702271804,85.8331876808318,84.4568283620119,84.4283338575221,84.6516335033103,..,..,..
Ukraine,UKR,Urban population (% of total population),SP.URB.TOTL.IN.ZS,68.596,68.689,68.782,68.875,68.968,69.061,69.154,69.246,69.352,69.473,69.608,69.757,69.919,70.095,70.284
Ukraine,UKR,Trade (% of GDP),NE.TRD.GNFS.ZS,95.72973045329,104.805073904259,102.622788356626,94.0016694501782,100.691782483624,107.806616298156,105.521204913122,104.034982911399,99.1998150718675,90.5112342910763,79.1564523761815,82.69796136345,87.3965139907244,77.5096141935657,77.7530113300514
Ukraine,UKR,Gross fixed capital formation (% of GDP),NE.GDI.FTOT.ZS,18.016214744977,18.3513220642495,19.4035210842878,17.3158498598174,14.1360438334756,13.5487069936597,15.4563637377393,15.7762894271386,17.6472670015072,17.6158441194027,13.3659764293256,13.2047503058698,11.8694878561528,19.887850879026,18.8802112745848
Ukraine,UKR,"Unemployment, total (% of total labor force) (modeled ILO estimate)",SL.UEM.TOTL.ZS,8.1,7.851,7.529,7.17,9.27,9.14,9.35,9.5,8.799,8.194,9.475,9.834,..,..,..
United Arab Emirates,ARE,GDP growth (annual %),NY.GDP.MKTP.KD.ZG,1.60285004671354,6.21612181664371,1.8244807850986,5.05555965807969,4.16569184064922,6.78677287656618,5.56149075979933,0.735068713941203,1.31391388153578,1.10834813453296,-4.95705243303316,4.35475529659919,7.50969703496445,3.61870653118159,3.76161544553149
United Arab Emirates,ARE,GDP per capita (current US$),NY.GDP.PCAP.CD,43696.6712590463,50789.050540755,52034.4762476071,52023.5170959441,51381.4069901746,43534.9972694631,41326.4018161569,42340.5917160161,45689.8570049401,44251.4541398817,37173.8754093066,43360.0211001327,49899.0652975197,49040.6947521035,49377.5643384379
United Arab Emirates,ARE,"Population, total",SP.POP.TOTL,6869838,7104538,7391448,7693031,8059440,8505237,8935095,9223225,9346701,9445785,9401038,9575152,10074977,10483751,10876981
United Arab Emirates,ARE,"Government expenditure on education, total (% of GDP)",SE.XPD.TOTL.GD.ZS,..,..,..,..,..,..,..,..,..,3.86020994186401,3.98417997360229,3.89403009414673,..,..,..
United Arab Emirates,ARE,Current health expenditure (% of GDP),SH.XPD.CHEX.GD.ZS,3.74433136,3.56666398,3.33596373,3.50222182,3.53405499,3.46609354,3.89580107,4.00854969,4.09854221,4.40291262,5.82477045,5.30494308,4.67550945,..,..
United Arab Emirates,ARE,Access to electricity (% of population),EG.ELC.ACCS.ZS,100,100,100,100,100,100,100,100,100,100,100,100,100,100,..
United Arab Emirates,ARE,Individuals using the Internet (% of population),IT.NET.USER.ZS,68,78,85,88,90.4,90.5,90.6,94.8199,98.45,99.15,100,100,100,100,100
United Arab Emirates,ARE,"Life expectancy at birth, total (years)",SP.DYN.LE00.IN,81.886,81.898,81.913,81.95,81.99,82.076,82.195,82.388,82.449,82.596,81.936,79.083,80.487,82.909,..
United Arab Emirates,ARE,"School enrollment, primary (% gross)",SE.PRM.ENRR,..,..,..,..,..,..,..,..,105.675358079069,107.533197014116,108.069803864287,106.652834923572,107.287431527388,106.259950303562,108.044420617858
United Arab Emirates,ARE,"School enrollment, secondary (% gross)",SE.SEC.ENRR,..,..,..,..,..,..,..,..,102.184448242188,101.747344264722,99.1635400791877,103.210663324826,102.380981445312,101.944972436447,102.129724902444
United Arab Emirates,ARE,Urban population (% of total population),SP.URB.TOTL.IN.ZS,84.087,84.423,84.749,85.066,85.375,85.674,85.965,86.248,86.522,86.789,87.048,87.299,87.543,87.779,88.008
United Arab Emirates,ARE,Trade (% of GDP),NE.TRD.GNFS.ZS,138.892096911897,147.392662018666,159.970470619225,161.100482455585,163.687585001674,169.476236698198,170.976829168197,170.92080687494,159.642777281025,170.068118822018,185.280552445405,186.108932605683,188.945461748684,202.332536002327,..
United Arab Emirates,ARE,Gross fixed capital formation (% of GDP),NE.GDI.FTOT.ZS,..,..,..,..,..,..,..,..,..,..,..,..,..,..,..
United Arab Emirates,ARE,"Unemployment, total (% of total labor force) (modeled ILO estimate)",SL.UEM.TOTL.ZS,2.811,2.596,2.327,2.126,2.002,1.793,1.64,2.462,2.236,2.331,4.294,3.105,2.872,2.151,2.133
United Kingdom,GBR,GDP growth (annual %),NY.GDP.MKTP.KD.ZG,2.23331508815346,1.13836239840663,1.50899834668228,1.79992149702836,3.19463731938923,2.22288842280334,1.92171009934007,2.65650487566202,1.40519025981538,1.62447518038404,-10.296918859171,8.57595087393024,4.83908517877134,0.39708234553963,1.10066786639271
United Kingdom,GBR,GDP per capita (current US$),NY.GDP.PCAP.CD,39598.957119545,42109.6418795749,42490.1465463521,43419.0352598932,47426.6209829995,44983.885522934,40988.1044233026,40629.2340347345,43315.4874501318,42794.0022648288,40404.8062238951,46926.475736105,46062.9914079698,49200.8101526146,52636.7865943853
United Kingdom,GBR,"Population, total",SP.POP.TOTL,62766365,63258810,63711000,64139000,64620000,65088000,65607000,65966000,66289000,66631000,66744000,66984000,67604000,68492000,69226000
United Kingdom,GBR,"Government expenditure on education, total (% of GDP)",SE.XPD.TOTL.GD.ZS,5.69867992401123,5.57218980789185,..,5.52530002593994,5.60134983062744,5.55452013015747,5.42795991897583,5.45256996154785,5.20437002182007,5.26115989685059,5.43935012817383,5.90682983398438,..,..,..
United Kingdom,GBR,Current health expenditure (% of GDP),SH.XPD.CHEX.GD.ZS,9.78937912,9.7956152,9.89160061,9.97822475,9.90305996,9.83625221,9.76546955,9.60016823,9.73837566,9.95388126,11.96547699,12.01903439,11.05087757,10.872015,..
United Kingdom,GBR,Access to electricity (% of population),EG.ELC.ACCS.ZS,100,100,100,100,100,100,100,100,100,100,100,100,100,100,..
United Kingdom,GBR,Individuals using the Internet (% of population),IT.NET.USER.ZS,85,85.38,87.48,89.8441,91.6133,92.0003,94.7758,90.4246,90.692,92.5166,94.8182,96.1965,96.2989,96.2988,..
United Kingdom,GBR,"Life expectancy at birth, total (years)",SP.DYN.LE00.IN,80.4024390243902,80.9512195121951,80.9048780487805,81.0048780487805,81.3048780487805,80.9560975609756,81.1560975609756,81.2560975609756,81.2560975609756,81.3691219512195,80.331756097561,80.6473170731707,81.0112195121951,81.2380975609756,..
United Kingdom,GBR,"School enrollment, primary (% gross)",SE.PRM.ENRR,105.673240661621,105.026268005371,105.795967102051,105.336990356445,99.9967498779297,100.204040527344,100.381576538086,100.781051635742,101.327049255371,101.90941619873,102.22395324707,102.194450378418,102.53524017334,102.555801391602,..
United Kingdom,GBR,"School enrollment, secondary (% gross)",SE.SEC.ENRR,103.46118927002,94.1645431518555,92.5110778808594,125.997467041016,128.713027954102,125.97688293457,..,125.511840820312,119.994140625,117.085289001465,114.566833496094,113.681282043457,113.257041931152,112.403617858887,..
United Kingdom,GBR,Urban population (% of total population),SP.URB.TOTL.IN.ZS,81.302,81.57,81.837,82.102,82.365,82.626,82.886,83.143,83.398,83.652,83.903,84.152,84.398,84.642,84.884
United Kingdom,GBR,Trade (% of GDP),NE.TRD.GNFS.ZS,59.2727749722888,63.5654009707745,62.2259827334183,61.9991119149908,59.0948041195932,57.2035496863734,59.7003984143761,63.1216500310687,64.542648250433,64.6651336372235,58.7811375973028,58.5845366237858,68.8805301397863,65.0323382579942,62.4075013968837
United Kingdom,GBR,Gross fixed capital formation (% of GDP),NE.GDI.FTOT.ZS,16.0572887557948,15.7116306485664,15.7563538861479,15.967790919415,16.5723318052911,17.3744593522088,17.9048977101843,18.2480328761545,17.9957849820471,18.193257505525,17.5110744735168,17.718648814212,17.8548923618643,17.6321055184357,17.4025925740155
United Kingdom,GBR,"Unemployment, total (% of total labor force) (modeled ILO estimate)",SL.UEM.TOTL.ZS,7.924,8.169,8.25,7.704,6.363,5.517,4.867,4.452,4.12,3.613,4.472,4.826,3.73,3.984,4.111
United States,USA,GDP growth (annual %),NY.GDP.MKTP.KD.ZG,2.69519258234851,1.56440685537306,2.289113386319,2.11783009786468,2.52381981372621,2.94555045599772,1.81945147620522,2.45762230175086,2.96650506916596,2.58382533018889,-2.16302913866512,6.05505293304556,2.5123753198332,2.88755600905984,2.79619035621393
United States,USA,GDP per capita (current US$),NY.GDP.PCAP.CD,48642.6312088213,50024.8812320773,51708.3940614082,53297.3862901595,55153.3940182967,56849.4697923159,57976.628204291,60047.7190728307,62875.6661382728,65227.9565911038,64401.5074354212,71307.4017277218,77860.9112908848,82304.6204272866,85809.9003846356
United States,USA,"Population, total",SP.POP.TOTL,309378227,311839461,314339099,316726282,319257560,321815121,324353340,326608609,328529577,330226227,331577720,332099760,334017321,336806231,340110988
United States,USA,"Government expenditure on education, total (% of GDP)",SE.XPD.TOTL.GD.ZS,..,..,..,..,..,4.93063020706177,4.78327989578247,5.09296989440918,4.89502000808716,4.95746994018555,5.39531993865967,5.42038011550903,..,..,..
United States,USA,Current health expenditure (% of GDP),SH.XPD.CHEX.GD.ZS,16.19723129,16.14000893,16.11974716,15.98621559,16.19414139,16.48159981,16.79114342,16.7530098,16.61530876,16.66125298,18.8132534,17.5063858,16.49613953,..,..
United States,USA,Access to electricity (% of population),EG.ELC.ACCS.ZS,100,100,100,100,100,100,100,100,100,100,100,100,100,100,..
United States,USA,Individuals using the Internet (% of population),IT.NET.USER.ZS,71.69,69.7295,74.7,71.4,73,74.5542,85.5444,87.2749,88.4989,89.4303,90.3447,91.2684,92.2016,93.1444,..
United States,USA,"Life expectancy at birth, total (years)",SP.DYN.LE00.IN,78.5414634146342,78.6414634146341,78.7414634146342,78.7414634146342,78.8414634146341,78.690243902439,78.5390243902439,78.5390243902439,78.6390243902439,78.7878048780488,76.9804878048781,76.3292682926829,77.4341463414634,78.3853658536585,..
United States,USA,"School enrollment, primary (% gross)",SE.PRM.ENRR,..,..,..,99.455436706543,99.6733779907227,100.299911499023,101.362861633301,101.821441650391,101.256561279297,100.981300354004,100.305793762207,98.3054885864258,96.9717330932617,..,..
United States,USA,"School enrollment, secondary (% gross)",SE.SEC.ENRR,..,..,..,96.1864929199219,96.9245376586914,97.6525497436523,98.7699279785156,98.9523391723633,99.2755813598633,100.063430786133,100.509819030762,101.192489624023,97.4734878540039,..,..
United States,USA,Urban population (% of total population),SP.URB.TOTL.IN.ZS,80.772,80.944,81.119,81.299,81.483,81.671,81.862,82.058,82.256,82.459,82.664,82.873,83.084,83.298,83.515
United States,USA,Trade (% of GDP),NE.TRD.GNFS.ZS,28.2198829408336,30.842478575914,30.681839575193,29.9413062848227,29.906569337428,27.6882139340768,26.4525977865465,27.1253382222874,27.4453591302618,26.2584806245428,23.0797778694073,25.2136560307765,26.891689830077,24.8993631439946,24.8879916970734
United States,USA,Gross fixed capital formation (% of GDP),NE.GDI.FTOT.ZS,18.3139365475553,18.7369757377883,19.5126052281381,19.75441988929,20.4196434625853,20.6492816432713,20.6802020301822,20.9891678107732,21.2959968660736,21.331113461469,21.5877368777572,21.2817938775072,21.374360251338,21.3906217189467,21.5658273853354
United States,USA,"Unemployment, total (% of total labor force) (modeled ILO estimate)",SL.UEM.TOTL.ZS,9.633,8.949,8.069,7.375,6.168,5.28,4.869,4.355,3.896,3.669,8.055,5.349,3.65,3.638,4.106
Uruguay,URY,GDP growth (annual %),NY.GDP.MKTP.KD.ZG,7.8034096507169,5.16213302463606,3.53817872056869,4.63753862902416,3.23879122952364,0.370741257681345,1.68979822971775,1.74037643374211,0.164777608940113,0.928351141267498,-7.35732706484723,5.84427312558179,4.48622703072073,0.742128785315927,3.10825478066172
Uruguay,URY,GDP per capita (current US$),NY.GDP.PCAP.CD,12641.0576849008,15132.2675725587,16259.5940814256,18335.2594772322,18322.4276767157,17125.9016800298,17009.7584207276,19184.6502617082,19249.9404677501,18315.7316980028,15757.5355995779,17881.818721099,20818.6146091144,23019.4221560046,23906.5133029408
Uruguay,URY,"Population, total",SP.POP.TOTL,3318580,3326825,3335401,3345337,3356334,3368017,3379283,3388438,3394534,3397206,3398968,3396695,3390913,3388081,3386588
Uruguay,URY,"Government expenditure on education, total (% of GDP)",SE.XPD.TOTL.GD.ZS,..,4.14937019348145,4.09353338283242,4.23892021179199,4.26735019683838,4.20636987686157,4.36420011520386,4.41787004470825,4.60361003875732,4.62833976745605,4.54292011260986,4.46065998077393,4.5073299407959,4.81125020980835,..
Uruguay,URY,Current health expenditure (% of GDP),SH.XPD.CHEX.GD.ZS,7.87757301,7.91521358,8.03330803,8.0844841,8.038908,8.25703716,8.63850975,8.71701717,8.90014267,9.24069118,9.06924915,8.91666222,8.94532204,..,..
Uruguay,URY,Access to electricity (% of population),EG.ELC.ACCS.ZS,99.3,99.2,99.6,99.6,99.7,99.7,99.7,99.8,99.8,99.9,100,100,100,100,..
Uruguay,URY,Individuals using the Internet (% of population),IT.NET.USER.ZS,46.4,51.4047,54.4538,57.69,61.4625,64.5708,66.4,70.3224,80.7268,83.3515,85.471,87.6444,89.873,89.896,91.9911
Uruguay,URY,"Life expectancy at birth, total (years)",SP.DYN.LE00.IN,76.691,76.614,76.691,76.953,77.194,77.285,77.351,77.618,77.527,77.503,78.381,75.434,76.468,78.138,..
Uruguay,URY,"School enrollment, primary (% gross)",SE.PRM.ENRR,109.976485423214,109.464016342435,108.71352566009,108.655161774964,108.393033302718,108.159318212376,108.082291663033,107.146529019901,105.119927660277,104.354154032747,105.236604559537,107.99080657959,108.822761535645,104.532465643859,..
Uruguay,URY,"School enrollment, secondary (% gross)",SE.SEC.ENRR,98.6642990112305,101.560180664062,102.977226257324,104.664520263672,106.469367980957,108.043296813965,112.032577514648,116.472846984863,117.769058227539,119.848533190039,116.991828918457,119.826342137062,121.137930191204,119.105005958635,..
Uruguay,URY,Urban population (% of total population),SP.URB.TOTL.IN.ZS,94.414,94.612,94.739,94.843,94.945,95.045,95.144,95.24,95.334,95.426,95.515,95.603,95.688,95.771,95.852
Uruguay,URY,Trade (% of GDP),NE.TRD.GNFS.ZS,51.6990372012256,53.2470340109018,55.0611541633768,49.7178464746233,49.0876240632174,45.3282408087534,48.4705583785623,46.3780042035515,47.7913104806475,49.7448341159636,47.7318733182088,58.3150410230338,61.0307951043821,52.910987066463,52.4649167856379
Uruguay,URY,Gross fixed capital formation (% of GDP),NE.GDI.FTOT.ZS,19.0701045232462,19.1185676352051,22.153383549043,21.8425032313125,21.4381228100328,19.7862365239738,16.9435969015498,16.2395166023116,14.7561747626298,14.4910061718462,15.4357491872963,17.6712600620307,19.0189634315017,17.1960361195822,16.2379503195638
Uruguay,URY,"Unemployment, total (% of total labor force) (modeled ILO estimate)",SL.UEM.TOTL.ZS,7.158,6.307,6.451,6.444,6.547,7.488,7.841,7.89,8.336,8.836,10.413,9.328,7.877,8.355,8.401
Uzbekistan,UZB,GDP growth (annual %),NY.GDP.MKTP.KD.ZG,7.5971679610016,7.52513989422977,7.10244488706317,7.29655036969899,6.8738384408164,7.21877350820803,5.93215079993293,4.39527463349263,5.55919572919288,6.77992399655236,1.56334277260515,8.03468312640049,6.00134232203442,6.29141635082311,6.49999999997677
Uzbekistan,UZB,GDP per capita (current US$),NY.GDP.PCAP.CD,1753.20730243278,2087.86386135694,2307.34649117185,2461.97947403595,2674.9628382103,2803.19018021751,2753.37951427589,2190.60411562888,1813.08530813664,2041.38480729431,1978.28051860763,2258.51964119278,2578.66689394219,2878.96879292451,3161.70010632875
Uzbekistan,UZB,"Population, total",SP.POP.TOTL,28385506,28823196,29261903,29724065,30222994,30749346,31284568,31819178,32373490,32964701,33586372,34243696,34938955,35652307,36361859
Uzbekistan,UZB,"Government expenditure on education, total (% of GDP)",SE.XPD.TOTL.GD.ZS,..,..,..,5.74190998077393,5.71323013305664,5.49444007873535,5.38089990615845,4.48249006271362,4.83589298172277,6.29534678547216,4.44021987915039,4.13580989837646,5.23477171022152,5.47287597270024,..
Uzbekistan,UZB,Current health expenditure (% of GDP),SH.XPD.CHEX.GD.ZS,5.29938841,5.26245499,5.54822111,5.71896601,4.43092394,4.73596573,4.71504498,4.83789968,5.05427122,5.39747763,6.71439123,7.69774151,7.36325455,..,..
Uzbekistan,UZB,Access to electricity (% of population),EG.ELC.ACCS.ZS,99.6,99.7,99.7,99.8,99.8,99.9,99.9,100,100,100,100,99.9,100,100,..
Uzbekistan,UZB,Individuals using the Internet (% of population),IT.NET.USER.ZS,15.9,18.6,23.6,26.8,35.5,42.8,46.7913,48.7,55.2,70.4,71.1,76.5904,83.9,89.0136,..
Uzbekistan,UZB,"Life expectancy at birth, total (years)",SP.DYN.LE00.IN,69.836,70.143,70.411,70.692,70.973,71.33,71.58,71.737,71.999,72.093,71.461,71.681,72.147,72.388,..
Uzbekistan,UZB,"School enrollment, primary (% gross)",SE.PRM.ENRR,96.5092245610272,95.3840203093902,95.1214838175598,95.4464545934085,96.7769517984519,96.8469627244173,97.6622984985898,98.0486526909282,98.2866521653154,98.2569298360836,98.615310525126,97.9289255849279,93.9099780290139,93.4888259225367,94.4316700664149
Uzbekistan,UZB,"School enrollment, secondary (% gross)",SE.SEC.ENRR,89.9835586547852,89.7831726074219,92.0473722973161,92.0626676426806,91.7418371921357,92.2428124917835,92.8148657883702,93.8775736591193,94.9465096520158,96.2074737548828,90.0642970154019,97.2589036917117,97.3779819618405,97.3839945834102,96.8399222342106
Uzbekistan,UZB,Urban population (% of total population),SP.URB.TOTL.IN.ZS,50.956,51.15,51.05,50.95,50.85,50.75,50.65,50.55,50.478,50.433,50.416,50.427,50.466,50.532,50.626
Uzbekistan,UZB,Trade (% of GDP),NE.TRD.GNFS.ZS,49.268997799433,49.6542884929068,44.2393191333095,42.3779149727009,36.3570546649124,30.7561914307205,29.1922970388057,42.5595081895289,64.1381394985722,64.9639227632407,56.0515308349971,57.4589716973222,62.8412525378517,66.1051443040372,60.7274403813021
Uzbekistan,UZB,Gross fixed capital formation (% of GDP),NE.GDI.FTOT.ZS,22.5907016952432,20.7843666958551,20.894843279837,21.7617594826681,22.1853514397457,22.090577100483,21.6785573020965,22.9671633501313,29.7516540862575,36.7876684138932,34.544998301372,32.1511552256114,29.3057438759691,32.4291992653023,37.0559095195954
Uzbekistan,UZB,"Unemployment, total (% of total labor force) (modeled ILO estimate)",SL.UEM.TOTL.ZS,5.36,4.96,4.87,4.86,5.09,5.15,5.16,5.83,5.389,4.932,5.293,5.364,4.49,4.46,4.488
Vanuatu,VUT,GDP growth (annual %),NY.GDP.MKTP.KD.ZG,1.25886720329326,3.13980290023412,1.01004768692042,0.463390415135095,2.5750403162878,3.96591946444873,3.47154471544715,4.41266598569969,2.90023027256446,3.24118765540442,-4.99249142889525,-1.55229489129462,5.18622862422562,-0.964792281661744,3.96725830607052
Vanuatu,VUT,GDP per capita (current US$),NY.GDP.PCAP.CD,2815.18828985779,3163.1861645138,3004.78416664293,2979.79608084399,2973.09026493408,2854.89412272653,2956.12644801489,3159.86055790126,3206.65748718811,3207.44650452083,3042.98711598286,3211.71947349318,3292.34108821237,3515.23633611798,3542.81071592874
Vanuatu,VUT,"Population, total",SP.POP.TOTL,238248,243474,248883,254482,260240,266101,272087,278507,285259,291985,298858,305868,313046,320409,327777
Vanuatu,VUT,"Government expenditure on education, total (% of GDP)",SE.XPD.TOTL.GD.ZS,..,..,..,..,5.18195009231567,5.60338020324707,7.67742589514444,4.5334300994873,8.60634669948001,1.77407002449036,2.17358994483948,10.1102406419734,10.7033456499063,7.58135986328125,..
Vanuatu,VUT,Current health expenditure (% of GDP),SH.XPD.CHEX.GD.ZS,3.52656102,3.59819388,3.9356277,4.39234495,3.64668846,4.32168293,3.07873988,2.88111997,3.44045591,3.49615431,4.12128973,4.54704428,4.14742947,..,..
Vanuatu,VUT,Access to electricity (% of population),EG.ELC.ACCS.ZS,44.1,42,43.9,31.7,49.1,52.3,57.8,62.8,61.6,64.5,67.3,70,71.6,61.6,..
Vanuatu,VUT,Individuals using the Internet (% of population),IT.NET.USER.ZS,8,9.2,10.598,11.3,18.8,22.3514,24,30.8,33.989,37.5081,41.3916,45.6772,45.6747,45.7313,..
Vanuatu,VUT,"Life expectancy at birth, total (years)",SP.DYN.LE00.IN,69.57,69.729,69.898,69.986,70.043,70.163,70.397,70.5,70.626,70.783,70.385,69.952,71.302,71.477,..
Vanuatu,VUT,"School enrollment, primary (% gross)",SE.PRM.ENRR,122.730741733738,..,..,123.926397496944,..,121.881393432617,..,..,..,125.506535236654,125.124809265137,122.872890234772,118.366532355349,113.170782080259,112.491972007523
Vanuatu,VUT,"School enrollment, secondary (% gross)",SE.SEC.ENRR,55.240120859084,..,..,..,..,57.2510185241699,..,..,..,..,59.1688003540039,62.9433097839355,81.9551276325385,134.670675170038,..
Vanuatu,VUT,Urban population (% of total population),SP.URB.TOTL.IN.ZS,24.462,24.561,24.661,24.761,24.861,24.961,25.062,25.163,25.274,25.394,25.525,25.665,25.816,25.976,26.147
Vanuatu,VUT,Trade (% of GDP),NE.TRD.GNFS.ZS,103.823312203828,96.9987664175314,104.451629665983,106.410757127713,105.199318296807,108.758665668253,106.351935265734,105.526573713997,110.679659822766,99.3829688227082,69.9148948336494,58.0011532523577,65.1038775338548,..,..
Vanuatu,VUT,Gross fixed capital formation (% of GDP),NE.GDI.FTOT.ZS,35.3637146901348,26.9109643712358,23.3450734720979,26.6849857724711,23.5107714430272,32.8582816010049,24.4896789648019,27.1438658614984,26.3101487531135,23.8417868776175,32.7097370602979,44.589944383475,38.7635629573555,..,..
Vanuatu,VUT,"Unemployment, total (% of total labor force) (modeled ILO estimate)",SL.UEM.TOTL.ZS,4.685,4.821,4.951,5.058,5.15,5.254,5.261,5.287,5.326,5.444,4.046,4.766,5.143,5.082,5.064
"Venezuela, RB",VEN,GDP growth (annual %),NY.GDP.MKTP.KD.ZG,-1.48879125078348,4.17642535923927,5.62595697508641,1.34309403607476,-3.89438647450662,..,..,..,..,..,..,..,..,..,..
"Venezuela, RB",VEN,GDP per capita (current US$),NY.GDP.PCAP.CD,13646.3046622664,10843.9229703167,12901.4171582274,12403.1466957582,15943.6127197163,..,..,..,..,..,..,..,..,..,..
"Venezuela, RB",VEN,"Population, total",SP.POP.TOTL,28813101,29185212,29553826,29912198,30254079,30573972,30765720,30565323,29807592,28938098,28444077,28237826,28213017,28300854,28405543
"Venezuela, RB",VEN,"Government expenditure on education, total (% of GDP)",SE.XPD.TOTL.GD.ZS,..,..,..,..,..,..,..,..,..,..,..,..,..,0.0031300000846386,..
"Venezuela, RB",VEN,Current health expenditure (% of GDP),SH.XPD.CHEX.GD.ZS,..,..,..,..,..,..,..,..,2.41691327,2.18563724,4.11615229,4.10222006,4.55047369,..,..
"Venezuela, RB",VEN,Access to electricity (% of population),EG.ELC.ACCS.ZS,99.1,98.8,99.3,99.4,100,100,99.4,99.2,99.9,99.8,99.9,100,100,100,..
"Venezuela, RB",VEN,Individuals using the Internet (% of population),IT.NET.USER.ZS,37.37,40.22,49.0501,54.9,57,58,60,61.6,..,..,..,..,..,..,..
"Venezuela, RB",VEN,"Life expectancy at birth, total (years)",SP.DYN.LE00.IN,73.092,73.09,73.086,73.076,72.837,73.004,72.002,71.903,72.641,72.766,72.369,71.536,72.566,72.514,..
"Venezuela, RB",VEN,"School enrollment, primary (% gross)",SE.PRM.ENRR,100.685157775879,100.664756774902,100.787887573242,101.162292480469,100.276649475098,99.8761825561523,97.506591796875,95.0507202148438,..,..,..,..,109.259559631348,111.130409240723,113.693878173828
"Venezuela, RB",VEN,"School enrollment, secondary (% gross)",SE.SEC.ENRR,80.7240982055664,81.6782836914062,83.8216934204102,91.4725494384766,90.8081207275391,88.8302230834961,85.1329498291016,83.9518280029297,..,..,..,..,96.7906723022461,97.229606628418,97.7908172607422
"Venezuela, RB",VEN,Urban population (% of total population),SP.URB.TOTL.IN.ZS,88.083,88.108,88.123,88.133,88.144,88.154,88.165,88.183,88.208,88.24,88.279,88.325,88.378,88.438,88.505
"Venezuela, RB",VEN,Trade (% of GDP),NE.TRD.GNFS.ZS,46.1368935240203,49.6381215967995,50.4035673803654,54.2777612672313,48.0908135255646,..,..,..,..,..,..,..,..,..,..
"Venezuela, RB",VEN,Gross fixed capital formation (% of GDP),NE.GDI.FTOT.ZS,18.6820335726765,17.7307124255529,20.3094576244917,22.2176135810853,21.6225544778936,..,..,..,..,..,..,..,..,..,..
"Venezuela, RB",VEN,"Unemployment, total (% of total labor force) (modeled ILO estimate)",SL.UEM.TOTL.ZS,7.112,6.902,6.601,7.54,6.821,6.137,5.319,5.045,5.46,5.876,7.53,7.037,5.707,5.485,5.475
Viet Nam,VNM,GDP growth (annual %),NY.GDP.MKTP.KD.ZG,6.42324482239482,6.41316889681683,5.5045447041189,5.55351081026072,6.42224312118567,6.98715430598611,6.69000892660424,6.94019037359206,7.46500685572751,7.35926270105006,2.86541320912272,2.55372852648131,8.53750046755788,5.06502391455075,7.09118746633975
Viet Nam,VNM,GDP per capita (current US$),NY.GDP.PCAP.CD,1683.16182443979,1950.92504174913,2185.11767654291,2359.51736472828,2546.38464459903,2577.56885340113,2735.0604380416,2956.10992127753,3222.31003125366,3440.90025375434,3534.03953482647,3704.1935590038,4147.69777213621,4323.35031982451,4717.29028732449
Viet Nam,VNM,"Population, total",SP.POP.TOTL,87455152,88468314,89510356,90573104,91679578,92823254,94000117,95176977,96237319,97173776,98079191,98935098,99680655,100352192,100987686
Viet Nam,VNM,"Government expenditure on education, total (% of GDP)",SE.XPD.TOTL.GD.ZS,4.04593992233276,3.7802300453186,4.40817022323608,4.52833986282349,3.54012312110584,3.41660449674943,3.46906995773315,3.41865686539527,3.29537010192871,3.08499832693462,3.21652900152514,2.94517488804327,2.88738689372749,..,..
Viet Nam,VNM,Current health expenditure (% of GDP),SH.XPD.CHEX.GD.ZS,5.07146072,4.97468519,5.00178242,4.41233158,4.69078779,4.71140909,4.86994743,4.99014759,5.02678823,4.97407484,4.33219814,4.53756857,4.58891582,..,..
Viet Nam,VNM,Access to electricity (% of population),EG.ELC.ACCS.ZS,97.4,99,97.9,98.5,99.2,99.3,99.2,100,100,99.4,99.8,100,100,99.8,..
Viet Nam,VNM,Individuals using the Internet (% of population),IT.NET.USER.ZS,30.65,35.07,36.8,38.5,41,45,53,58.14,69.8479,68.6616,70.3,74.21,78.59,78.08,84.15
Viet Nam,VNM,"Life expectancy at birth, total (years)",SP.DYN.LE00.IN,73.611,73.713,73.762,73.821,73.886,73.955,73.984,74.026,74.1,74.211,75.383,74.145,74.502,74.588,..
Viet Nam,VNM,"School enrollment, primary (% gross)",SE.PRM.ENRR,100.919677734375,101.384051611447,102.054953695526,102.262367182756,103.083557760139,103.278372065069,105.947597481197,104.437659436385,104.190504718464,103.337272102979,102.847744602601,103.391282723881,104.129392785949,105.170807361038,106.332886485835
Viet Nam,VNM,"School enrollment, secondary (% gross)",SE.SEC.ENRR,..,..,..,..,..,89.4548341262217,90.1583347107672,91.0725198149335,92.8377710790826,94.654621676317,93.1921389514105,92.7690209240401,93.4123434096522,..,..
Viet Nam,VNM,Urban population (% of total population),SP.URB.TOTL.IN.ZS,30.417,31.08,31.752,32.429,33.115,33.809,34.51,35.213,35.919,36.628,37.34,38.052,38.766,39.48,40.195
Viet Nam,VNM,Trade (% of GDP),NE.TRD.GNFS.ZS,113.977687539714,125.260577940829,123.224116745985,130.846354866743,135.410521454361,144.914228195237,145.409507973118,160.98008365887,164.663936775893,164.704215031408,163.245862814935,186.675832836814,183.153619147836,164.818071269894,..
Viet Nam,VNM,Gross fixed capital formation (% of GDP),NE.GDI.FTOT.ZS,35.1596865348136,30.5694066495721,28.6527327899415,28.3027845322716,28.4047020277577,30.1767255413004,29.8938593535094,30.5447649065873,30.341493072074,30.3625675367417,30.2778176424342,31.0348551186527,30.5658412856141,30.1077352983759,..
Viet Nam,VNM,"Unemployment, total (% of total labor force) (modeled ILO estimate)",SL.UEM.TOTL.ZS,1.114,0.999,1.027,1.316,1.256,1.848,1.848,1.874,1.161,1.681,2.103,2.385,1.523,1.645,1.431
Virgin Islands (U.S.),VIR,GDP growth (annual %),NY.GDP.MKTP.KD.ZG,0.596383224317051,-8.20424555364315,-14.8125,-6.28515529469308,-1.77453027139875,-0.425079702444208,1.6008537886873,-0.735294117647058,1.87830687830687,2.90833549727343,-1.61493817814787,3.66760707873814,-1.31123206333498,..,..
Virgin Islands (U.S.),VIR,GDP per capita (current US$),NY.GDP.PCAP.CD,39905.1284180994,38997.1373164651,37795.3192590675,34597.9766940328,33045.3643795999,34007.3529411765,35324.9748874586,35365.0693039774,36663.2087550584,38633.5298915336,39787.3741650202,42571.0777368471,44320.909185774,..,..
Virgin Islands (U.S.),VIR,"Population, total",SP.POP.TOTL,108357,108290,108188,108041,107882,107712,107516,107281,107001,106669,106290,105870,105413,104917,104377
Virgin Islands (U.S.),VIR,"Government expenditure on education, total (% of GDP)",SE.XPD.TOTL.GD.ZS,..,..,..,..,..,..,..,..,..,..,..,..,..,..,..
Virgin Islands (U.S.),VIR,Current health expenditure (% of GDP),SH.XPD.CHEX.GD.ZS,..,..,..,..,..,..,..,..,..,..,..,..,..,..,..
Virgin Islands (U.S.),VIR,Access to electricity (% of population),EG.ELC.ACCS.ZS,100,100,100,100,100,100,100,100,100,100,100,100,100,100,..
Virgin Islands (U.S.),VIR,Individuals using the Internet (% of population),IT.NET.USER.ZS,31.22,35.6,40.5479,45.3,50.07,54.8391,59.6083,64.3775,..,..,..,..,..,..,..
Virgin Islands (U.S.),VIR,"Life expectancy at birth, total (years)",SP.DYN.LE00.IN,77.8658536585366,78.3170731707317,78.5170731707317,78.7170731707317,78.8682926829268,79.0170731707317,79.1682926829268,79.3682926829268,79.5195121951219,79.6682926829268,79.819512195122,80.0682926829268,80.319512195122,80.519512195122,..
Virgin Islands (U.S.),VIR,"School enrollment, primary (% gross)",SE.PRM.ENRR,..,..,..,..,..,..,..,..,..,..,..,..,..,..,..
Virgin Islands (U.S.),VIR,"School enrollment, secondary (% gross)",SE.SEC.ENRR,..,..,..,..,..,..,..,..,..,..,..,..,..,..,..
Virgin Islands (U.S.),VIR,Urban population (% of total population),SP.URB.TOTL.IN.ZS,94.594,94.761,94.919,95.07,95.213,95.35,95.48,95.603,95.721,95.832,95.939,96.04,96.136,96.227,96.314
Virgin Islands (U.S.),VIR,Trade (% of GDP),NE.TRD.GNFS.ZS,586.401480111008,679.232772910253,157.177794081683,142.241840556447,164.291725105189,84.7665847665848,113.296471827278,157.696362677913,159.240377262299,155.4234409124,113.596594939702,180.297315287331,205.629280821918,..,..
Virgin Islands (U.S.),VIR,Gross fixed capital formation (% of GDP),NE.GDI.FTOT.ZS,..,..,..,..,..,..,..,..,..,..,..,..,..,..,..
Virgin Islands (U.S.),VIR,"Unemployment, total (% of total labor force) (modeled ILO estimate)",SL.UEM.TOTL.ZS,11.742,12.041,12.109,12.55,12.64,12.422,12.515,12.217,12.407,12.551,15.191,14.273,13.007,12.32,12.014
West Bank and Gaza,PSE,GDP growth (annual %),NY.GDP.MKTP.KD.ZG,5.77736205629419,9.60080848913594,6.09645656326154,4.69856986552234,-0.157866650855297,3.72129967114788,8.86461881995935,1.41936756294787,1.22707737782703,1.36268746558062,-11.3184661065134,7.01198227592003,4.08276027347105,-4.55580428525744,-26.5575264529877
West Bank and Gaza,PSE,GDP per capita (current US$),NY.GDP.PCAP.CD,2557.07562356699,2880.79843707909,3067.43872735614,3315.29753909282,3352.11259506043,3272.15432360708,3527.61382413178,3620.36048715937,3562.33094270256,3656.85827137011,3233.56863835858,3678.63565662194,3799.95527015163,3455.02852911712,2592.30591217647
West Bank and Gaza,PSE,"Population, total",SP.POP.TOTL,3786161,3882986,3979998,4076708,4173398,4270092,4367088,4454805,4569087,4685306,4803269,4922749,5043612,5165775,5289152
West Bank and Gaza,PSE,"Government expenditure on education, total (% of GDP)",SE.XPD.TOTL.GD.ZS,6.19167995452881,5.33527994155884,4.74210977554321,4.89467000961304,..,4.66321992874146,4.98296022415161,4.72153997421265,..,..,..,5.43442010879517,..,..,..
West Bank and Gaza,PSE,Current health expenditure (% of GDP),SH.XPD.CHEX.GD.ZS,9.10499382,11.34622478,10.30110455,10.44874382,9.92015553,9.28473282,9.0039854,9.1223526,9.65617657,9.18576908,10.27610207,10.4347353,9.73336029,..,..
West Bank and Gaza,PSE,Access to electricity (% of population),EG.ELC.ACCS.ZS,99.9,99.7,99.8,99.9,99.9,99.9,100,99.9,100,100,100,100,100,100,..
West Bank and Gaza,PSE,Individuals using the Internet (% of population),IT.NET.USER.ZS,37.4,41.08,43.4,46.6,53.6652,56.7,59.9,63.3,64.4,70.6226,76.01,82.1783,88.6469,86.6377,..
West Bank and Gaza,PSE,"Life expectancy at birth, total (years)",SP.DYN.LE00.IN,73.302,73.557,73.722,74.14,72.781,74.577,74.917,75.216,75.38,75.811,74.998,73.89,76.662,65.17,..
West Bank and Gaza,PSE,"School enrollment, primary (% gross)",SE.PRM.ENRR,92.4950752375136,93.2215373459028,94.7061306249874,94.7726406972161,96.0595015055566,96.3706500890533,96.5069849798254,97.5735629387144,96.5580534271123,95.6166576244839,94.653084809438,92.7029909386815,91.451637200506,91.4422361153306,..
West Bank and Gaza,PSE,"School enrollment, secondary (% gross)",SE.SEC.ENRR,89.1773371332236,88.2808414383622,88.0041466962408,87.7419851728182,87.618042824034,88.3909219114319,88.6612882360835,89.7461522132674,89.6454662001111,90.3135207321564,90.2544056722155,91.0094011735985,90.1364802874113,89.1210984011759,..
West Bank and Gaza,PSE,Urban population (% of total population),SP.URB.TOTL.IN.ZS,74.149,74.381,74.619,74.863,75.113,75.368,75.628,75.894,76.164,76.44,76.719,77.003,77.291,77.582,77.877
West Bank and Gaza,PSE,Trade (% of GDP),NE.TRD.GNFS.ZS,68.4976501575169,67.2495329024414,66.9293273483831,66.2713181162369,67.7398371659149,70.7809681944405,65.4225141833383,68.4486607142857,71.4012754506469,68.9934922812035,67.2881912475775,73.0835496162129,82.3949283869453,79.5331663669115,81.3136801569531
West Bank and Gaza,PSE,Gross fixed capital formation (% of GDP),NE.GDI.FTOT.ZS,18.8493518566338,21.0770509829163,20.4711510107795,21.7246864710887,21.1612829438801,23.6509117975437,23.9773066587041,26.000744047619,26.8188688055245,25.2371085884379,22.7186978888338,23.8748688497432,25.0199577365579,24.0543705421926,21.847991773089
West Bank and Gaza,PSE,"Unemployment, total (% of total labor force) (modeled ILO estimate)",SL.UEM.TOTL.ZS,21.416,17.597,19.202,19.894,20.526,23.005,23.939,25.677,26.256,25.34,25.895,26.39,24.42,..,..
"Yemen, Rep.",YEM,GDP growth (annual %),NY.GDP.MKTP.KD.ZG,7.70230704514232,-12.7148968998882,2.39299020347747,4.82351908112815,-0.188690237909768,-27.9945462446928,-9.37512382380578,-5.0717956426149,0.752447591972881,..,..,..,..,..,..
"Yemen, Rep.",YEM,GDP per capita (current US$),NY.GDP.PCAP.CD,1155.20305261418,1186.47500580876,1245.05068271586,1378.75002954611,1430.1642096418,1362.17381205593,975.359417003225,811.165970405745,633.887202450998,..,..,..,..,..,..
"Yemen, Rep.",YEM,"Population, total",SP.POP.TOTL,26754387,27582897,28433647,29312952,30226309,31159379,32109010,33090921,34085182,35111408,36134863,37140230,38222876,39390799,40583164
"Yemen, Rep.",YEM,"Government expenditure on education, total (% of GDP)",SE.XPD.TOTL.GD.ZS,..,..,..,..,..,..,..,..,..,..,..,..,..,..,..
"Yemen, Rep.",YEM,Current health expenditure (% of GDP),SH.XPD.CHEX.GD.ZS,5.15932894,4.7695322,5.19593525,4.96083164,4.8418045,4.25285673,4.84506655,4.84769869,5.27201796,5.83812618,5.77270842,6.17542744,6.18666697,..,..
"Yemen, Rep.",YEM,Access to electricity (% of population),EG.ELC.ACCS.ZS,60.8,62,52.4,75.6,66.1,67.4,68.9,79.2,62,72.8,73.9,74.9,76,83.6,..
"Yemen, Rep.",YEM,Individuals using the Internet (% of population),IT.NET.USER.ZS,12.35,14.905,17.4465,20,22.55,24.0854,24.5792,26.7184,..,..,13.8152,..,..,..,..
"Yemen, Rep.",YEM,"Life expectancy at birth, total (years)",SP.DYN.LE00.IN,67.223,67.412,67.569,67.961,68.003,66.761,67.105,67.12,65.915,66.567,66.435,66.019,67.952,69.295,..
"Yemen, Rep.",YEM,"School enrollment, primary (% gross)",SE.PRM.ENRR,77.8557586669922,80.8094787597656,79.963249206543,82.0730895996094,..,..,76.9753799438477,..,..,..,..,..,..,..,..
"Yemen, Rep.",YEM,"School enrollment, secondary (% gross)",SE.SEC.ENRR,39.0662307739258,40.6695289611816,40.9747505187988,42.7084617614746,..,..,43.6906890869141,..,..,..,..,..,..,..,..
"Yemen, Rep.",YEM,Urban population (% of total population),SP.URB.TOTL.IN.ZS,31.776,32.364,32.958,33.559,34.165,34.777,35.394,36.016,36.642,37.273,37.908,38.546,39.188,39.831,40.477
"Yemen, Rep.",YEM,Trade (% of GDP),NE.TRD.GNFS.ZS,64.3856367789811,63.0594579555133,61.3616371822837,52.5118781365995,48.2430405130867,30.3676590844547,31.0815442909684,42.9699046727963,56.0778227209515,..,..,..,..,..,..
"Yemen, Rep.",YEM,Gross fixed capital formation (% of GDP),NE.GDI.FTOT.ZS,11.6610683680339,5.50051218550209,8.70429265268023,8.10577451105706,6.69825102252858,15.0551275625109,26.2199323847711,30.994779514991,42.9795949137034,..,..,..,..,..,..
"Yemen, Rep.",YEM,"Unemployment, total (% of total labor force) (modeled ILO estimate)",SL.UEM.TOTL.ZS,12.779,13.311,13.473,13.673,13.467,17.9,18.416,18.603,17.584,17.202,17.953,18.287,17.363,17.091,17.086
Zambia,ZMB,GDP growth (annual %),NY.GDP.MKTP.KD.ZG,10.2982233241213,5.56925219263019,7.59738104901994,5.05753695047252,4.69328316376705,2.92037511217961,3.75510031678988,3.52586277149926,4.03449389667165,1.44130602603785,-2.78505506545167,6.23492204726448,5.21122360356247,5.36794285493059,4.0431482994443
Zambia,ZMB,GDP per capita (current US$),NY.GDP.PCAP.CD,1451.10616017155,1624.86817763443,1710.05061343728,1820.71854827391,1707.48573136694,1295.87788680068,1239.08527877713,1483.46577328065,1463.89997855593,1258.98619844462,951.644316655957,1127.16077872857,1447.12310138035,1330.72780576709,1235.08466482514
Zambia,ZMB,"Population, total",SP.POP.TOTL,13965594,14437796,14913629,15398997,15895315,16399089,16914423,17441320,17973569,18513839,19059395,19603607,20152938,20723965,21314956
Zambia,ZMB,"Government expenditure on education, total (% of GDP)",SE.XPD.TOTL.GD.ZS,3.41600445393739,3.35772272046971,3.69500242842903,3.71820710892018,5.15225706811611,4.62433004379272,3.74792003631592,3.72964000701904,4.73974990844727,4.4182401844799,3.94374100561712,3.11363465307753,3.65884092023983,4.07374933049157,..
Zambia,ZMB,Current health expenditure (% of GDP),SH.XPD.CHEX.GD.ZS,3.97471905,3.95913363,4.04541731,4.57390451,3.82924223,4.42974281,4.46923161,4.78156233,4.76996708,6.75330257,6.3067441,6.63951397,5.25592279,..,..
Zambia,ZMB,Access to electricity (% of population),EG.ELC.ACCS.ZS,22,28.3,29.2,30.1,27.9,31.1,35.4,40.3,40.2,43,44.6,46.7,47.8,51.1,..
Zambia,ZMB,Individuals using the Internet (% of population),IT.NET.USER.ZS,3,3.5,4.1,4.8,6.5,8.8,10.3,12.2,14.3,18.7,24.5,32.5,15,33,..
Zambia,ZMB,"Life expectancy at birth, total (years)",SP.DYN.LE00.IN,56.896,57.843,58.704,59.445,60.109,60.728,61.129,61.564,62.138,62.914,63.361,62.363,65.279,66.349,..
Zambia,ZMB,"School enrollment, primary (% gross)",SE.PRM.ENRR,109.873668045679,111.4007333775,111.618507192772,105.88755640154,107.06889082465,103.413818253854,99.5715577511118,98.7950035279193,..,..,..,..,..,..,115.550919335782
Zambia,ZMB,"School enrollment, secondary (% gross)",SE.SEC.ENRR,..,..,..,..,..,..,..,..,..,..,..,..,..,..,56.7889289855957
Zambia,ZMB,Urban population (% of total population),SP.URB.TOTL.IN.ZS,39.355,39.851,40.354,40.865,41.382,41.907,42.438,42.976,43.521,44.072,44.629,45.192,45.761,46.335,46.914
Zambia,ZMB,Trade (% of GDP),NE.TRD.GNFS.ZS,65.0147025206122,72.7954324384283,75.367709855907,80.4562410213373,76.1934997276313,79.8652687573958,73.958561254616,71.5856946542566,74.8883695274665,68.791204936096,79.2068494095955,86.2085111934645,69.2973154193203,78.2418870451485,..
Zambia,ZMB,Gross fixed capital formation (% of GDP),NE.GDI.FTOT.ZS,25.8912216136989,27.974700660769,23.8778545961034,25.8003983321329,31.0377113251483,38.4531388748016,36.4205905653916,38.8072565095918,35.0575989116852,35.7566183829109,29.8228506521771,28.5104973388638,25.1043252414273,26.4374095105745,..
Zambia,ZMB,"Unemployment, total (% of total labor force) (modeled ILO estimate)",SL.UEM.TOTL.ZS,13.19,10.545,7.85,7.264,6.571,5.942,5.239,4.529,5.033,5.542,6.033,5.199,5.995,5.905,5.961
Zimbabwe,ZWE,GDP growth (annual %),NY.GDP.MKTP.KD.ZG,19.6754076562536,14.193915731251,16.665428979757,1.98948553969423,2.37698570395052,1.77985354092071,0.755794054371208,4.7344112255433,5.00992138188113,-6.33244975108572,-7.81693284075131,8.46803916934418,6.1391761744749,5.33677037339527,2.02948414337123
Zimbabwe,ZWE,GDP per capita (current US$),NY.GDP.PCAP.CD,901.55051752819,1037.24613741902,1238.59479481433,1362.29952932396,1372.21474610373,1386.41855927575,1407.42096413212,3448.08699068824,2271.85250365817,1683.91313584141,1730.45391034701,1724.38727102272,2040.54658705395,2156.03409322984,2656.40937654332
Zimbabwe,ZWE,"Population, total",SP.POP.TOTL,13356548,13595424,13817887,14013808,14207359,14399013,14600294,14812482,15034452,15271368,15526888,15797210,16069056,16340822,16634373
Zimbabwe,ZWE,"Government expenditure on education, total (% of GDP)",SE.XPD.TOTL.GD.ZS,1.54405999183655,..,6.07020998001099,5.99597978591919,6.13835000991821,..,..,2.00339007377625,2.05048990249634,..,..,..,..,0.384771297211919,..
Zimbabwe,ZWE,Current health expenditure (% of GDP),SH.XPD.CHEX.GD.ZS,10.47583866,8.08288383,6.91794872,7.10940313,8.13227272,7.44982719,7.46644735,6.17278528,4.65527105,3.23267817,2.95440149,2.78571677,3.62880659,..,..
Zimbabwe,ZWE,Access to electricity (% of population),EG.ELC.ACCS.ZS,38.9,36.9,44,40.6,32.3,33.7,42.5,44,45.4,46.7,52.7,49,50.1,62,..
Zimbabwe,ZWE,Individuals using the Internet (% of population),IT.NET.USER.ZS,6.4,8.4,12,15.5,16.3647,22.7428,23.12,24.4,25,26.5883,29.2986,37.0967,37.8861,38.4266,..
Zimbabwe,ZWE,"Life expectancy at birth, total (years)",SP.DYN.LE00.IN,51.925,53.911,55.386,56.842,58.106,58.989,59.76,60.263,60.906,61.06,61.53,60.135,62.36,62.775,..
Zimbabwe,ZWE,"School enrollment, primary (% gross)",SE.PRM.ENRR,..,..,100.09812912727,99.1726387639853,98.2478143871674,97.2290747819179,95.7340946958404,94.3341728822186,93.755201992062,93.4270967154238,93.6125855639325,92.7846905815791,93.1659658731937,93.2383787742938,93.0772110334414
Zimbabwe,ZWE,"School enrollment, secondary (% gross)",SE.SEC.ENRR,..,..,75.8648109767885,52.4158515930176,..,..,..,..,..,..,..,..,..,..,..
Zimbabwe,ZWE,Urban population (% of total population),SP.URB.TOTL.IN.ZS,33.196,33.015,32.834,32.654,32.504,32.385,32.296,32.237,32.209,32.21,32.242,32.303,32.395,32.517,32.67
Zimbabwe,ZWE,Trade (% of GDP),NE.TRD.GNFS.ZS,83.1234047851259,89.4659437238642,74.1627003825153,58.6560737143829,54.6717592473918,56.7496526604333,51.2190376594477,55.028317831061,54.55031658746,55.7959843651922,47.3133820116249,50.8471233244119,64.7636073783674,50.7949638787374,52.6730134937746
Zimbabwe,ZWE,Gross fixed capital formation (% of GDP),NE.GDI.FTOT.ZS,17.0114751717126,14.6342759940464,12.148509358484,9.18157663966075,9.6088282792033,9.99586947542338,9.80823716818464,11.3993419178061,11.0482562563712,10.6994091606595,10.0460728775315,12.4070597318056,11.2933145724339,12.1978502625254,3.57285179446289
Zimbabwe,ZWE,"Unemployment, total (% of total labor force) (modeled ILO estimate)",SL.UEM.TOTL.ZS,5.447,5.368,5.061,4.943,4.774,5.377,5.886,6.344,6.793,7.373,8.621,9.54,10.087,8.759,8.554
,,,,,,,,,,,,,,,,,,
,,,,,,,,,,,,,,,,,,
,,,,,,,,,,,,,,,,,,
Data from database: World Development Indicators,,,,,,,,,,,,,,,,,,
Last Updated: 10/07/2025,,,,,,,,,,,,,,,,,,
